id,latitude,longitude
50850,28.414090,76.935892
150518,28.402186,76.983632
61849,28.414607,76.995050
52056,28.402298,77.036039
50593,28.410404,77.034111
50249,28.411975,77.031978
50340,28.411975,77.031978
50393,28.411975,77.031978
50470,28.411975,77.031978
50473,28.411975,77.031978
50589,28.411975,77.031978
50674,28.411975,77.031978
50676,28.411975,77.031978
50695,28.411975,77.031978
50874,28.411975,77.031978
50886,28.411975,77.031978
50891,28.411975,77.031978
50957,28.411975,77.031978
50958,28.411975,77.031978
51023,28.411975,77.031978
51041,28.411975,77.031978
51051,28.411975,77.031978
51081,28.411975,77.031978
51082,28.411975,77.031978
51098,28.411975,77.031978
51241,28.411975,77.031978
51263,28.411975,77.031978
51267,28.411975,77.031978
51268,28.411975,77.031978
51286,28.411975,77.031978
51288,28.411975,77.031978
51298,28.411975,77.031978
51301,28.411975,77.031978
51304,28.411975,77.031978
51307,28.411975,77.031978
51372,28.411975,77.031978
51396,28.411975,77.031978
51414,28.411975,77.031978
52244,28.411975,77.031978
52259,28.411975,77.031978
52323,28.411975,77.031978
52334,28.411975,77.031978
52448,28.411975,77.031978
52449,28.411975,77.031978
52451,28.411975,77.031978
52452,28.411975,77.031978
122136,28.412289,77.037595
51858,28.414606,77.033872
52335,28.416480,77.034617
51864,28.416720,77.029039
51371,28.417151,77.024878
51027,28.401170,77.045164
50425,28.401660,77.044487
51083,28.401808,77.040771
51394,28.404282,77.042883
51408,28.404282,77.042883
30007,28.405133,77.047007
30410,28.406472,77.044663
30045,28.410937,77.043245
30533,28.410937,77.043245
53888,28.411214,77.042145
51272,28.411803,77.041932
51513,28.411803,77.041932
30005,28.412025,77.048722
30406,28.416611,77.040621
30053,28.417455,77.055367
51374,28.417572,77.052848
45518,28.417712,77.056556
29287,28.418052,77.052312
29666,28.418052,77.052312
30043,28.418052,77.052312
30411,28.411466,77.071967
29282,28.415230,77.065151
30055,28.416208,77.062422
13371,28.417616,77.060764
13380,28.417616,77.060764
120840,28.400153,77.275122
120842,28.400153,77.275122
120845,28.400153,77.275122
120667,28.403228,77.277251
120668,28.403228,77.277251
120669,28.403228,77.277251
120670,28.403228,77.277251
120671,28.403228,77.277251
121056,28.403228,77.277251
121661,28.403228,77.277251
121662,28.403228,77.277251
121962,28.403228,77.277251
121963,28.403228,77.277251
120579,28.404459,77.265503
120785,28.408731,77.279192
120786,28.408731,77.279192
120787,28.408731,77.279192
51584,28.410256,77.277151
121868,28.412139,77.279202
121189,28.415000,77.276000
121870,28.415000,77.276000
122015,28.415000,77.276000
121763,28.401457,77.286181
122154,28.401457,77.286181
120033,28.401464,77.290391
120071,28.401909,77.293071
119476,28.402026,77.293402
120191,28.402026,77.293402
120195,28.402026,77.293402
120442,28.402026,77.293402
121196,28.402026,77.293402
122079,28.402026,77.293402
122128,28.402026,77.293402
122191,28.402026,77.293402
121292,28.402148,77.298373
122024,28.402148,77.298373
120666,28.402179,77.289762
121736,28.402179,77.289762
121735,28.402323,77.293391
121885,28.402323,77.293391
122030,28.402521,77.289432
122025,28.402602,77.287648
122026,28.402602,77.287648
122135,28.403231,77.283513
122124,28.403292,77.299867
117413,28.403512,77.289361
117414,28.403512,77.289361
117415,28.403512,77.289361
117427,28.403512,77.289361
119451,28.403512,77.289361
119609,28.403512,77.289361
119628,28.403512,77.289361
119668,28.403512,77.289361
119669,28.403512,77.289361
119673,28.403512,77.289361
119675,28.403512,77.289361
119812,28.403512,77.289361
120070,28.403512,77.289361
120073,28.403512,77.289361
120190,28.403512,77.289361
120192,28.403512,77.289361
120193,28.403512,77.289361
120194,28.403512,77.289361
120208,28.403512,77.289361
120209,28.403512,77.289361
120210,28.403512,77.289361
120212,28.403512,77.289361
120213,28.403512,77.289361
120214,28.403512,77.289361
120215,28.403512,77.289361
120216,28.403512,77.289361
120440,28.403512,77.289361
120444,28.403512,77.289361
120445,28.403512,77.289361
120509,28.403512,77.289361
120562,28.403512,77.289361
120970,28.403512,77.289361
120971,28.403512,77.289361
120975,28.403512,77.289361
121175,28.403512,77.289361
121176,28.403512,77.289361
122013,28.403512,77.289361
122061,28.403512,77.289361
122147,28.403512,77.289361
122193,28.403512,77.289361
122195,28.403512,77.289361
117428,28.403522,77.289362
119672,28.403574,77.283236
120788,28.403574,77.283236
122192,28.403574,77.283236
40922,28.403872,77.297161
121307,28.404259,77.298636
121791,28.404446,77.291743
122034,28.404576,77.289103
119452,28.405247,77.287745
121389,28.405247,77.287745
121390,28.405247,77.287745
121968,28.405247,77.287745
122162,28.405247,77.287745
120211,28.405302,77.287961
122003,28.405302,77.287961
122016,28.405302,77.287961
122151,28.405302,77.287961
122170,28.405442,77.291107
117056,28.405869,77.291515
120718,28.406276,77.295824
120719,28.406276,77.295824
120722,28.406276,77.295824
120723,28.406276,77.295824
120725,28.406276,77.295824
120726,28.406276,77.295824
121060,28.406276,77.295824
121673,28.406276,77.295824
121675,28.406276,77.295824
121676,28.406276,77.295824
121677,28.406276,77.295824
121678,28.406276,77.295824
121679,28.406276,77.295824
121680,28.406276,77.295824
121681,28.406276,77.295824
122009,28.406276,77.295824
122076,28.406276,77.295824
122077,28.406276,77.295824
122140,28.406276,77.295824
121289,28.406386,77.285675
122180,28.406386,77.285675
122161,28.406506,77.292512
122022,28.406622,77.287610
122132,28.406622,77.287610
122134,28.406622,77.287610
122011,28.406792,77.291908
122033,28.407143,77.289692
119424,28.407238,77.290673
119426,28.407238,77.290673
119467,28.407238,77.290673
119468,28.407238,77.290673
119469,28.407238,77.290673
119470,28.407238,77.290673
119471,28.407238,77.290673
119472,28.407238,77.290673
119535,28.407238,77.290673
119539,28.407238,77.290673
119599,28.407238,77.290673
119600,28.407238,77.290673
119601,28.407238,77.290673
119602,28.407238,77.290673
119604,28.407238,77.290673
119605,28.407238,77.290673
119606,28.407238,77.290673
119713,28.407238,77.290673
119714,28.407238,77.290673
119715,28.407238,77.290673
119716,28.407238,77.290673
119717,28.407238,77.290673
119718,28.407238,77.290673
119719,28.407238,77.290673
119720,28.407238,77.290673
119864,28.407238,77.290673
119865,28.407238,77.290673
120089,28.407238,77.290673
120090,28.407238,77.290673
120091,28.407238,77.290673
120092,28.407238,77.290673
120093,28.407238,77.290673
120094,28.407238,77.290673
120095,28.407238,77.290673
120096,28.407238,77.290673
120097,28.407238,77.290673
120249,28.407238,77.290673
120250,28.407238,77.290673
120254,28.407238,77.290673
120261,28.407238,77.290673
120486,28.407238,77.290673
120487,28.407238,77.290673
120488,28.407238,77.290673
120489,28.407238,77.290673
120797,28.407238,77.290673
120798,28.407238,77.290673
120801,28.407238,77.290673
120802,28.407238,77.290673
120803,28.407238,77.290673
121039,28.407238,77.290673
121040,28.407238,77.290673
121184,28.407238,77.290673
121185,28.407238,77.290673
121187,28.407238,77.290673
121915,28.407238,77.290673
121916,28.407238,77.290673
119820,28.407356,77.290674
119821,28.407356,77.290674
120532,28.407390,77.290426
121878,28.407680,77.292732
122175,28.407680,77.292732
122187,28.407680,77.292732
121192,28.408172,77.286498
122008,28.408257,77.287047
122182,28.408363,77.288193
117332,28.408537,77.291616
120189,28.408537,77.291616
120972,28.408537,77.291616
120205,28.409049,77.288181
120206,28.409049,77.288181
120207,28.409049,77.288181
121294,28.409049,77.288181
122059,28.409049,77.288181
122199,28.409049,77.288181
121194,28.409888,77.292298
121296,28.409888,77.292298
121310,28.409888,77.292298
122145,28.409888,77.292298
122129,28.410568,77.291627
122031,28.410882,77.281778
119526,28.413289,77.288162
119528,28.413289,77.288162
119529,28.413289,77.288162
119531,28.413289,77.288162
119532,28.413289,77.288162
121901,28.413490,77.282047
121902,28.413490,77.282047
122146,28.413490,77.282047
121308,28.414139,77.287157
119608,28.414977,77.291425
120570,28.415249,77.288934
119484,28.415359,77.291138
119485,28.415359,77.291138
119486,28.415359,77.291138
119487,28.415359,77.291138
119489,28.415359,77.291138
119490,28.415359,77.291138
119491,28.415359,77.291138
119492,28.415359,77.291138
120159,28.415359,77.291138
120160,28.415359,77.291138
120627,28.415359,77.291138
120879,28.415359,77.291138
121646,28.415359,77.291138
121647,28.415359,77.291138
121747,28.415359,77.291138
121748,28.415359,77.291138
121749,28.415359,77.291138
121750,28.415359,77.291138
121751,28.415359,77.291138
121752,28.415359,77.291138
121753,28.415359,77.291138
121754,28.415359,77.291138
121895,28.415359,77.291138
117400,28.415454,77.288263
117401,28.415454,77.288263
117402,28.415454,77.288263
117403,28.415454,77.288263
117404,28.415454,77.288263
117110,28.417030,77.290955
117111,28.417030,77.290955
117112,28.417030,77.290955
117113,28.417030,77.290955
117114,28.417030,77.290955
117115,28.417030,77.290955
117116,28.417030,77.290955
117117,28.417030,77.290955
119423,28.417030,77.290955
119456,28.417030,77.290955
119611,28.417030,77.290955
119612,28.417030,77.290955
119613,28.417030,77.290955
119614,28.417030,77.290955
119616,28.417030,77.290955
119728,28.417030,77.290955
119729,28.417030,77.290955
119908,28.417030,77.290955
119909,28.417030,77.290955
119910,28.417030,77.290955
120034,28.417030,77.290955
120228,28.417030,77.290955
120688,28.417030,77.290955
120689,28.417030,77.290955
121169,28.417030,77.290955
121463,28.417030,77.290955
121904,28.417030,77.290955
119670,28.417034,77.290088
119751,28.417034,77.290088
119752,28.417034,77.290088
119753,28.417034,77.290088
119754,28.417034,77.290088
119757,28.417034,77.290088
119759,28.417034,77.290088
119911,28.417034,77.290088
121708,28.417034,77.290088
117303,28.400004,77.303544
117304,28.400004,77.303544
117305,28.400004,77.303544
117306,28.400004,77.303544
121778,28.400160,77.301389
117330,28.400181,77.300824
117331,28.400181,77.300824
119808,28.400188,77.303712
119874,28.400188,77.303712
119875,28.400188,77.303712
119895,28.400188,77.303712
119896,28.400188,77.303712
119897,28.400188,77.303712
119898,28.400188,77.303712
119899,28.400188,77.303712
119900,28.400188,77.303712
119901,28.400188,77.303712
119919,28.400188,77.303712
119921,28.400188,77.303712
120230,28.400188,77.303712
120495,28.400188,77.303712
120503,28.400188,77.303712
120504,28.400188,77.303712
120505,28.400188,77.303712
120598,28.400188,77.303712
120886,28.400188,77.303712
120887,28.400188,77.303712
121734,28.400188,77.303712
121739,28.400188,77.303712
122173,28.400188,77.303712
117156,28.400424,77.302287
117160,28.400424,77.302287
117302,28.400424,77.302287
119656,28.400424,77.302287
119657,28.400424,77.302287
119658,28.400424,77.302287
119659,28.400424,77.302287
119667,28.400424,77.302287
119671,28.400424,77.302287
119674,28.400424,77.302287
119738,28.400424,77.302287
119740,28.400424,77.302287
119801,28.400424,77.302287
119802,28.400424,77.302287
119803,28.400424,77.302287
119804,28.400424,77.302287
120232,28.400424,77.302287
120234,28.400424,77.302287
120236,28.400424,77.302287
120237,28.400424,77.302287
120238,28.400424,77.302287
120239,28.400424,77.302287
120241,28.400424,77.302287
120242,28.400424,77.302287
120256,28.400424,77.302287
120257,28.400424,77.302287
120258,28.400424,77.302287
120259,28.400424,77.302287
120260,28.400424,77.302287
120274,28.400424,77.302287
120275,28.400424,77.302287
120276,28.400424,77.302287
120277,28.400424,77.302287
120278,28.400424,77.302287
120280,28.400424,77.302287
120281,28.400424,77.302287
120282,28.400424,77.302287
120457,28.400424,77.302287
120458,28.400424,77.302287
120459,28.400424,77.302287
120460,28.400424,77.302287
120461,28.400424,77.302287
120462,28.400424,77.302287
120590,28.400424,77.302287
120592,28.400424,77.302287
120593,28.400424,77.302287
120595,28.400424,77.302287
120597,28.400424,77.302287
120663,28.400424,77.302287
120664,28.400424,77.302287
120665,28.400424,77.302287
120793,28.400424,77.302287
120847,28.400424,77.302287
121013,28.400424,77.302287
121016,28.400424,77.302287
121121,28.400424,77.302287
121122,28.400424,77.302287
121123,28.400424,77.302287
121124,28.400424,77.302287
121125,28.400424,77.302287
121126,28.400424,77.302287
121127,28.400424,77.302287
121128,28.400424,77.302287
121141,28.400424,77.302287
121142,28.400424,77.302287
121143,28.400424,77.302287
121161,28.400424,77.302287
121162,28.400424,77.302287
121178,28.400424,77.302287
121627,28.400424,77.302287
121628,28.400424,77.302287
121629,28.400424,77.302287
121733,28.400424,77.302287
121742,28.400424,77.302287
121894,28.400424,77.302287
121896,28.400424,77.302287
121897,28.400424,77.302287
122184,28.400424,77.302287
122020,28.400450,77.306269
122074,28.400450,77.306269
119742,28.400505,77.306180
119760,28.400505,77.306180
119758,28.400534,77.301579
119813,28.400796,77.302782
117320,28.401023,77.305126
117321,28.401023,77.305126
117322,28.401023,77.305126
117323,28.401023,77.305126
117324,28.401023,77.305126
117325,28.401023,77.305126
117326,28.401023,77.305126
117327,28.401023,77.305126
117328,28.401023,77.305126
117329,28.401023,77.305126
121740,28.401304,77.304232
121424,28.402632,77.300264
121425,28.402632,77.300264
24712,28.403956,77.309970
119425,28.404151,77.305475
119436,28.404151,77.305475
119437,28.404151,77.305475
119438,28.404151,77.305475
119439,28.404151,77.305475
119442,28.404151,77.305475
119444,28.404151,77.305475
119474,28.404151,77.305475
119537,28.404151,77.305475
119538,28.404151,77.305475
119632,28.404151,77.305475
119702,28.404151,77.305475
119850,28.404151,77.305475
119851,28.404151,77.305475
119852,28.404151,77.305475
119868,28.404151,77.305475
119871,28.404151,77.305475
119873,28.404151,77.305475
120631,28.404151,77.305475
120634,28.404151,77.305475
120643,28.404151,77.305475
120644,28.404151,77.305475
120645,28.404151,77.305475
121451,28.404755,77.308918
117052,28.405260,77.304082
117053,28.405260,77.304082
117054,28.405260,77.304082
121065,28.405260,77.304082
121693,28.405260,77.304082
35299,28.406194,77.319849
119704,28.406812,77.305117
120921,28.406812,77.305117
121139,28.406812,77.305117
121140,28.406812,77.305117
121144,28.406812,77.305117
121145,28.406812,77.305117
121146,28.406812,77.305117
120519,28.407705,77.304533
120520,28.407705,77.304533
12697,28.408306,77.317366
13369,28.408306,77.317366
20385,28.408478,77.319914
59236,28.408761,77.314442
26904,28.408775,77.311538
59234,28.408837,77.314227
59238,28.408912,77.313798
59235,28.408912,77.314013
59237,28.408912,77.314356
11852,28.408912,77.317789
20423,28.408912,77.317789
20488,28.408912,77.317789
23520,28.408912,77.317789
23739,28.408912,77.317789
24789,28.408912,77.317789
25087,28.408912,77.317789
25210,28.408912,77.317789
25615,28.408912,77.317789
26294,28.408912,77.317789
26298,28.408912,77.317789
26301,28.408912,77.317789
27069,28.408912,77.317789
27133,28.408912,77.317789
27597,28.408912,77.317789
29059,28.408912,77.317789
30596,28.408912,77.317789
30753,28.408912,77.317789
30909,28.408912,77.317789
31021,28.408912,77.317789
34189,28.408912,77.317789
35124,28.408912,77.317789
35128,28.408912,77.317789
35293,28.408912,77.317789
35625,28.408912,77.317789
35993,28.408912,77.317789
35998,28.408912,77.317789
36002,28.408912,77.317789
36219,28.408912,77.317789
36659,28.408912,77.317789
36667,28.408912,77.317789
38593,28.408912,77.317789
39262,28.408912,77.317789
48714,28.408912,77.317789
49462,28.408912,77.317789
53171,28.408912,77.317789
117102,28.408912,77.317789
117103,28.408912,77.317789
117104,28.408912,77.317789
117105,28.408912,77.317789
117167,28.408912,77.317789
117168,28.408912,77.317789
117169,28.408912,77.317789
117170,28.408912,77.317789
117171,28.408912,77.317789
117172,28.408912,77.317789
117173,28.408912,77.317789
117174,28.408912,77.317789
117175,28.408912,77.317789
117177,28.408912,77.317789
117178,28.408912,77.317789
117179,28.408912,77.317789
119430,28.408912,77.317789
119431,28.408912,77.317789
119432,28.408912,77.317789
119463,28.408912,77.317789
119464,28.408912,77.317789
119465,28.408912,77.317789
119516,28.408912,77.317789
119527,28.408912,77.317789
119603,28.408912,77.317789
119761,28.408912,77.317789
119763,28.408912,77.317789
119765,28.408912,77.317789
119872,28.408912,77.317789
119918,28.408912,77.317789
120060,28.408912,77.317789
120061,28.408912,77.317789
120062,28.408912,77.317789
120063,28.408912,77.317789
120064,28.408912,77.317789
120065,28.408912,77.317789
120066,28.408912,77.317789
120067,28.408912,77.317789
120262,28.408912,77.317789
120566,28.408912,77.317789
120581,28.408912,77.317789
120582,28.408912,77.317789
120584,28.408912,77.317789
120585,28.408912,77.317789
120602,28.408912,77.317789
120603,28.408912,77.317789
120604,28.408912,77.317789
120605,28.408912,77.317789
120608,28.408912,77.317789
120772,28.408912,77.317789
120898,28.408912,77.317789
120899,28.408912,77.317789
120900,28.408912,77.317789
120901,28.408912,77.317789
120902,28.408912,77.317789
120922,28.408912,77.317789
121046,28.408912,77.317789
121179,28.408912,77.317789
121183,28.408912,77.317789
121190,28.408912,77.317789
121297,28.408912,77.317789
121316,28.408912,77.317789
121473,28.408912,77.317789
121474,28.408912,77.317789
121722,28.408912,77.317789
121761,28.408912,77.317789
121779,28.408912,77.317789
121816,28.408912,77.317789
121817,28.408912,77.317789
121818,28.408912,77.317789
121819,28.408912,77.317789
121858,28.408912,77.317789
121972,28.408912,77.317789
122058,28.408912,77.317789
122065,28.408912,77.317789
122071,28.408912,77.317789
122123,28.408912,77.317789
122155,28.408912,77.317789
124316,28.408912,77.317789
119478,28.409100,77.305185
119479,28.409100,77.305185
119480,28.409100,77.305185
119481,28.409100,77.305185
119482,28.409100,77.305185
119483,28.409100,77.305185
119680,28.409100,77.305185
119682,28.409100,77.305185
119697,28.409100,77.305185
119703,28.409100,77.305185
119817,28.409100,77.305185
119869,28.409100,77.305185
119870,28.409100,77.305185
119916,28.409100,77.305185
119917,28.409100,77.305185
120035,28.409100,77.305185
120153,28.409100,77.305185
120154,28.409100,77.305185
120156,28.409100,77.305185
120176,28.409100,77.305185
120178,28.409100,77.305185
120441,28.409100,77.305185
120446,28.409100,77.305185
120447,28.409100,77.305185
120448,28.409100,77.305185
120589,28.409100,77.305185
120591,28.409100,77.305185
120594,28.409100,77.305185
120596,28.409100,77.305185
120599,28.409100,77.305185
120600,28.409100,77.305185
120678,28.409100,77.305185
120679,28.409100,77.305185
120680,28.409100,77.305185
120681,28.409100,77.305185
120683,28.409100,77.305185
121059,28.409100,77.305185
121061,28.409100,77.305185
121062,28.409100,77.305185
121063,28.409100,77.305185
121437,28.409100,77.305185
121438,28.409100,77.305185
121439,28.409100,77.305185
121440,28.409100,77.305185
121441,28.409100,77.305185
121442,28.409100,77.305185
121638,28.409100,77.305185
121639,28.409100,77.305185
121640,28.409100,77.305185
121641,28.409100,77.305185
121642,28.409100,77.305185
121643,28.409100,77.305185
121644,28.409100,77.305185
121645,28.409100,77.305185
121718,28.409100,77.305185
121732,28.409100,77.305185
121793,28.409100,77.305185
121794,28.409100,77.305185
121796,28.409100,77.305185
121797,28.409100,77.305185
121798,28.409100,77.305185
121799,28.409100,77.305185
122018,28.409100,77.305185
122181,28.409100,77.305185
120155,28.409268,77.306247
120157,28.409268,77.306247
120158,28.409268,77.306247
120768,28.409268,77.306247
120769,28.409268,77.306247
120770,28.409268,77.306247
120771,28.409268,77.306247
120773,28.409268,77.306247
120774,28.409268,77.306247
120776,28.409268,77.306247
121315,28.409268,77.306247
122006,28.409268,77.306247
120466,28.409750,77.304172
120467,28.409750,77.304172
120468,28.409750,77.304172
120470,28.409750,77.304172
120471,28.409750,77.304172
120472,28.409750,77.304172
120473,28.409750,77.304172
120521,28.409750,77.304172
120522,28.409750,77.304172
120523,28.409750,77.304172
120524,28.409750,77.304172
120525,28.409750,77.304172
120527,28.409750,77.304172
121407,28.409750,77.304172
121408,28.409750,77.304172
121409,28.409750,77.304172
121410,28.409750,77.304172
121411,28.409750,77.304172
121412,28.409750,77.304172
121413,28.409750,77.304172
121982,28.409750,77.304172
121983,28.409750,77.304172
121987,28.409750,77.304172
121988,28.409750,77.304172
121990,28.409750,77.304172
121991,28.409750,77.304172
121992,28.409750,77.304172
121993,28.409750,77.304172
122171,28.409951,77.304193
117062,28.409952,77.304192
117063,28.409952,77.304192
117064,28.409952,77.304192
117065,28.409952,77.304192
117066,28.409952,77.304192
117067,28.409952,77.304192
117068,28.409952,77.304192
124769,28.410181,77.306187
59281,28.410204,77.310613
59287,28.410204,77.310828
121725,28.410771,77.311508
122157,28.410771,77.311508
50328,28.410782,77.311499
59435,28.410782,77.311499
121980,28.410821,77.307163
121981,28.410821,77.307163
121985,28.410821,77.307163
120528,28.411011,77.318213
20783,28.411687,77.317553
61652,28.413132,77.306314
122007,28.413237,77.308749
117239,28.413945,77.302422
117240,28.413945,77.302422
117241,28.413945,77.302422
117242,28.413945,77.302422
117432,28.413945,77.302422
120613,28.414175,77.303106
121666,28.414175,77.303106
121973,28.414175,77.303106
119435,28.414413,77.305512
119565,28.414413,77.305512
119566,28.414413,77.305512
119637,28.414413,77.305512
120384,28.414987,77.302225
120469,28.415255,77.304853
120815,28.415255,77.304853
120816,28.415255,77.304853
120818,28.415255,77.304853
120951,28.415255,77.304853
119434,28.415567,77.303005
119459,28.415567,77.303005
119460,28.415567,77.303005
119461,28.415567,77.303005
119466,28.415567,77.303005
119473,28.415567,77.303005
119502,28.415567,77.303005
119503,28.415567,77.303005
119511,28.415567,77.303005
119766,28.415567,77.303005
119767,28.415567,77.303005
119768,28.415567,77.303005
119797,28.415567,77.303005
119798,28.415567,77.303005
119799,28.415567,77.303005
119800,28.415567,77.303005
119818,28.415567,77.303005
120240,28.415567,77.303005
120243,28.415567,77.303005
120244,28.415567,77.303005
120245,28.415567,77.303005
120246,28.415567,77.303005
120247,28.415567,77.303005
120263,28.415567,77.303005
120435,28.415567,77.303005
120436,28.415567,77.303005
120437,28.415567,77.303005
120438,28.415567,77.303005
120439,28.415567,77.303005
120449,28.415567,77.303005
120817,28.415567,77.303005
120819,28.415567,77.303005
120820,28.415567,77.303005
120821,28.415567,77.303005
120822,28.415567,77.303005
120823,28.415567,77.303005
120949,28.415567,77.303005
120950,28.415567,77.303005
120952,28.415567,77.303005
120953,28.415567,77.303005
120954,28.415567,77.303005
120956,28.415567,77.303005
120958,28.415567,77.303005
120959,28.415567,77.303005
120960,28.415567,77.303005
121047,28.415567,77.303005
121048,28.415567,77.303005
121049,28.415567,77.303005
121050,28.415567,77.303005
121051,28.415567,77.303005
121052,28.415567,77.303005
121053,28.415567,77.303005
121054,28.415567,77.303005
121055,28.415567,77.303005
119462,28.415634,77.303111
120413,28.415634,77.303111
55561,28.416343,77.312799
121380,28.416904,77.319965
121381,28.416904,77.319965
121382,28.416904,77.319965
121384,28.416904,77.319965
59247,28.417151,77.319348
59248,28.417151,77.319348
59249,28.417151,77.319949
59250,28.417189,77.319949
52037,28.417341,77.313951
119522,28.417998,77.302848
121772,28.418017,77.317611
121776,28.418017,77.317611
117181,28.418426,77.319095
121295,28.418426,77.319095
122019,28.418614,77.318785
119504,28.419532,77.317455
119505,28.419532,77.317455
119506,28.419532,77.317455
119507,28.419532,77.317455
119660,28.419532,77.317455
119661,28.419532,77.317455
119662,28.419532,77.317455
119663,28.419532,77.317455
119664,28.419532,77.317455
119665,28.419532,77.317455
121801,28.419847,77.314135
25209,28.403862,77.339453
122185,28.403911,77.333702
120682,28.406659,77.323929
60811,28.406730,77.330355
35277,28.407798,77.330992
52251,28.410233,77.332320
26616,28.410443,77.327747
55109,28.410629,77.332258
36239,28.411026,77.326630
122148,28.411357,77.334979
35507,28.412516,77.326422
24239,28.413805,77.322392
24553,28.413805,77.322392
25216,28.413805,77.322392
25359,28.413805,77.322392
41303,28.413805,77.322392
122027,28.413805,77.322392
121882,28.418705,77.324358
121887,28.418705,77.324358
61059,28.419040,77.324032
52026,28.419217,77.327180
121853,28.419217,77.327180
120052,28.419359,77.333818
120053,28.419359,77.333818
120054,28.419359,77.333818
120055,28.419359,77.333818
120056,28.419359,77.333818
120057,28.419359,77.333818
120058,28.419359,77.333818
120340,28.419359,77.333818
120341,28.419359,77.333818
120343,28.419359,77.333818
121728,28.403842,77.346720
119428,28.411511,77.356247
60676,28.415148,77.355772
60679,28.415148,77.355772
60700,28.415148,77.355772
60705,28.415148,77.355772
60714,28.415148,77.355772
60731,28.415148,77.355772
60747,28.415148,77.355772
61638,28.415148,77.355772
61640,28.415148,77.355772
61642,28.415312,77.354935
61643,28.415312,77.354935
61647,28.415312,77.354935
121802,28.415361,77.340652
60328,28.418204,77.355549
59442,28.418242,77.355420
59443,28.418242,77.355420
59444,28.418242,77.355420
59454,28.418242,77.355420
60323,28.418242,77.355420
60496,28.418242,77.355420
60595,28.418242,77.355420
60596,28.418242,77.355420
60597,28.418242,77.355420
60598,28.418242,77.355420
60599,28.418242,77.355420
61646,28.418242,77.355420
61649,28.418242,77.355420
61754,28.418242,77.355420
61755,28.418242,77.355420
61756,28.418242,77.355420
61757,28.418242,77.355420
61758,28.418242,77.355420
61759,28.418242,77.355420
61760,28.418242,77.355420
60327,28.418732,77.355334
60324,28.418921,77.356751
59384,28.419488,77.344646
59386,28.419488,77.344646
59387,28.419488,77.344646
59396,28.419488,77.344646
59397,28.419488,77.344646
59398,28.419488,77.344646
59399,28.419488,77.344646
59400,28.419488,77.344646
59401,28.419488,77.344646
59402,28.419488,77.344646
59403,28.419488,77.344646
59433,28.419488,77.344646
60617,28.419488,77.344646
60618,28.419488,77.344646
60619,28.419488,77.344646
60620,28.419488,77.344646
60641,28.419488,77.344646
60644,28.419488,77.344646
60671,28.419488,77.344646
60673,28.419488,77.344646
60674,28.419488,77.344646
60675,28.419488,77.344646
60945,28.419488,77.344646
61028,28.419488,77.344646
61029,28.419488,77.344646
61030,28.419488,77.344646
61031,28.419488,77.344646
61071,28.419488,77.344646
61072,28.419488,77.344646
61234,28.419488,77.344646
61235,28.419488,77.344646
61237,28.419488,77.344646
61238,28.419488,77.344646
61239,28.419488,77.344646
61240,28.419488,77.344646
61243,28.419488,77.344646
61244,28.419488,77.344646
61245,28.419488,77.344646
61246,28.419488,77.344646
61247,28.419488,77.344646
61462,28.419488,77.344646
61639,28.419488,77.344646
60108,28.419750,77.350095
60600,28.419750,77.350095
60601,28.419750,77.350095
60602,28.419750,77.350095
60603,28.419750,77.350095
60897,28.419750,77.350095
60901,28.419750,77.350095
60912,28.419750,77.350095
60937,28.419750,77.350095
60951,28.419750,77.350095
60956,28.419750,77.350095
60963,28.419750,77.350095
60966,28.419750,77.350095
61248,28.419750,77.350095
61249,28.419750,77.350095
61538,28.419750,77.350095
61543,28.419750,77.350095
61544,28.419750,77.350095
61545,28.419750,77.350095
61546,28.419750,77.350095
61761,28.419750,77.350095
61762,28.419750,77.350095
59389,28.403994,77.376231
59390,28.403994,77.376231
59391,28.403994,77.376231
121775,28.417852,77.365461
24478,28.433720,76.999359
50873,28.427456,77.019216
38773,28.438389,77.006161
51369,28.422646,77.037604
50675,28.423702,77.025134
29231,28.428691,77.037021
51893,28.430581,77.021069
34490,28.434089,77.035648
20333,28.420892,77.046884
20334,28.420892,77.046884
30357,28.425431,77.057450
35897,28.434699,77.043048
35001,28.437437,77.058575
40189,28.437437,77.058575
51295,28.437848,77.044172
47650,28.439439,77.040812
50350,28.424780,77.068109
13154,28.428074,77.065081
13155,28.428074,77.065081
52585,28.431884,77.074043
37400,28.434866,77.068457
121035,28.437884,77.070118
121036,28.437884,77.070118
121037,28.437884,77.070118
121038,28.437884,77.070118
121180,28.437884,77.070118
38771,28.424460,77.099124
53355,28.424460,77.099124
40476,28.425539,77.099813
12935,28.425651,77.099613
37402,28.426238,77.088989
37394,28.428165,77.099690
52688,28.431297,77.095512
48949,28.434821,77.083953
37404,28.423112,77.103771
37986,28.425916,77.105351
12576,28.428051,77.109683
37393,28.428365,77.100147
50630,28.431418,77.112919
32772,28.436935,77.112560
34793,28.436935,77.112560
37247,28.436935,77.112560
37397,28.436935,77.112560
31867,28.438299,77.115197
62264,28.433490,77.150260
120536,28.430058,77.226080
120538,28.430058,77.226080
120850,28.434706,77.266665
34555,28.420092,77.291721
119454,28.420718,77.281166
119501,28.420718,77.281166
119615,28.420718,77.281166
119629,28.420718,77.281166
119730,28.420718,77.281166
119731,28.420718,77.281166
119732,28.420718,77.281166
119737,28.420718,77.281166
119814,28.420718,77.281166
119922,28.420718,77.281166
119923,28.420718,77.281166
119924,28.420718,77.281166
119925,28.420718,77.281166
120026,28.420718,77.281166
120027,28.420718,77.281166
120041,28.420718,77.281166
120348,28.420718,77.281166
120397,28.420718,77.281166
120453,28.420718,77.281166
120454,28.420718,77.281166
120478,28.420718,77.281166
120479,28.420718,77.281166
120548,28.420718,77.281166
120551,28.420718,77.281166
120614,28.420718,77.281166
120616,28.420718,77.281166
120619,28.420718,77.281166
120621,28.420718,77.281166
120730,28.420718,77.281166
120732,28.420718,77.281166
120733,28.420718,77.281166
120736,28.420718,77.281166
120737,28.420718,77.281166
120739,28.420718,77.281166
120936,28.420718,77.281166
120937,28.420718,77.281166
120938,28.420718,77.281166
120940,28.420718,77.281166
120941,28.420718,77.281166
120945,28.420718,77.281166
120946,28.420718,77.281166
121045,28.420718,77.281166
121085,28.420718,77.281166
121086,28.420718,77.281166
121087,28.420718,77.281166
121089,28.420718,77.281166
121090,28.420718,77.281166
121091,28.420718,77.281166
121092,28.420718,77.281166
121093,28.420718,77.281166
121325,28.420718,77.281166
121326,28.420718,77.281166
121327,28.420718,77.281166
121328,28.420718,77.281166
121396,28.420718,77.281166
121397,28.420718,77.281166
121398,28.420718,77.281166
121399,28.420718,77.281166
121401,28.420718,77.281166
121402,28.420718,77.281166
121403,28.420718,77.281166
121404,28.420718,77.281166
121436,28.420718,77.281166
121462,28.420718,77.281166
121683,28.420718,77.281166
121684,28.420718,77.281166
121685,28.420718,77.281166
121832,28.420718,77.281166
121834,28.420718,77.281166
121869,28.420718,77.281166
121873,28.420718,77.281166
120040,28.422147,77.288109
120387,28.422147,77.288109
120388,28.422147,77.288109
120783,28.422147,77.288109
120784,28.422147,77.288109
121168,28.422147,77.288109
121835,28.422147,77.288109
121903,28.422147,77.288109
121905,28.422147,77.288109
122036,28.422147,77.288109
122189,28.422147,77.288109
119755,28.422259,77.297243
119756,28.422259,77.297243
119844,28.422259,77.297243
120549,28.422556,77.288322
120550,28.422556,77.288322
120552,28.422556,77.288322
120554,28.422556,77.288322
120557,28.422556,77.288322
120615,28.422556,77.288322
120617,28.422556,77.288322
120618,28.422556,77.288322
120735,28.422556,77.288322
120942,28.422556,77.288322
120943,28.422556,77.288322
120944,28.422556,77.288322
121088,28.422556,77.288322
121330,28.422556,77.288322
121331,28.422556,77.288322
121400,28.422556,77.288322
121682,28.422556,77.288322
121686,28.422556,77.288322
120835,28.422953,77.285964
120038,28.423099,77.291361
120657,28.423099,77.291361
121617,28.423099,77.291361
121619,28.423099,77.291361
119647,28.426425,77.289226
119648,28.426425,77.289226
119649,28.426425,77.289226
119650,28.426425,77.289226
119651,28.426425,77.289226
119652,28.426425,77.289226
119653,28.426425,77.289226
119654,28.426425,77.289226
119655,28.426425,77.289226
27100,28.426797,77.297223
121687,28.426812,77.296983
122150,28.426812,77.296983
122196,28.426812,77.296983
120895,28.426928,77.297199
37954,28.427428,77.291924
60813,28.431870,77.297112
120493,28.431870,77.297112
120686,28.431870,77.297112
120687,28.431870,77.297112
120690,28.431870,77.297112
120691,28.431870,77.297112
120699,28.431870,77.297112
121636,28.431870,77.297112
121658,28.434266,77.294167
121660,28.434266,77.294167
117420,28.435136,77.293782
121475,28.435136,77.293782
121476,28.435136,77.293782
121477,28.435136,77.293782
121611,28.435136,77.293782
121612,28.435136,77.293782
60804,28.421093,77.315930
61515,28.421093,77.315930
121840,28.422008,77.309906
34034,28.422297,77.314609
27102,28.422753,77.310357
25368,28.423074,77.312268
59426,28.426920,77.308109
59430,28.426920,77.308109
59482,28.426920,77.308109
59483,28.426920,77.308109
59484,28.426920,77.308109
59485,28.426920,77.308109
59486,28.426920,77.308109
59487,28.426920,77.308109
59492,28.426920,77.308109
59500,28.426920,77.308109
59501,28.426920,77.308109
59502,28.426920,77.308109
59504,28.426920,77.308109
59505,28.426920,77.308109
59506,28.426920,77.308109
59507,28.426920,77.308109
59514,28.426920,77.308109
59515,28.426920,77.308109
59521,28.426920,77.308109
59522,28.426920,77.308109
59523,28.426920,77.308109
59524,28.426920,77.308109
59525,28.426920,77.308109
59526,28.426920,77.308109
59527,28.426920,77.308109
59528,28.426920,77.308109
59529,28.426920,77.308109
59530,28.426920,77.308109
59531,28.426920,77.308109
121906,28.428266,77.318551
121939,28.428266,77.318551
120790,28.428321,77.300682
60748,28.434935,77.318084
60752,28.434935,77.318084
60753,28.434935,77.318084
60828,28.434935,77.318084
60852,28.434935,77.318084
60853,28.434935,77.318084
60855,28.434935,77.318084
60858,28.434935,77.318084
60865,28.434935,77.318084
60867,28.434935,77.318084
60869,28.434935,77.318084
60952,28.434935,77.318084
61175,28.434935,77.318084
61178,28.434935,77.318084
61181,28.434935,77.318084
61182,28.434935,77.318084
61183,28.434935,77.318084
61184,28.434935,77.318084
61185,28.434935,77.318084
61186,28.434935,77.318084
61187,28.434935,77.318084
61188,28.434935,77.318084
61189,28.434935,77.318084
61191,28.434935,77.318084
61192,28.434935,77.318084
61193,28.434935,77.318084
61194,28.434935,77.318084
61195,28.434935,77.318084
61196,28.434935,77.318084
61198,28.434935,77.318084
61199,28.434935,77.318084
61200,28.434935,77.318084
61201,28.434935,77.318084
61202,28.434935,77.318084
61203,28.434935,77.318084
61204,28.434935,77.318084
61206,28.434935,77.318084
61207,28.434935,77.318084
61212,28.434935,77.318084
61213,28.434935,77.318084
61215,28.434935,77.318084
61216,28.434935,77.318084
61217,28.434935,77.318084
61218,28.434935,77.318084
61219,28.434935,77.318084
61221,28.434935,77.318084
61222,28.434935,77.318084
61793,28.434935,77.318084
59385,28.435427,77.314330
61629,28.435427,77.314330
60797,28.439052,77.300851
121727,28.420029,77.329178
121743,28.420029,77.329178
59251,28.420592,77.329381
59279,28.420592,77.329553
59280,28.420592,77.329553
59282,28.420592,77.329553
59283,28.420592,77.329553
59284,28.420592,77.329553
59285,28.420592,77.329553
59286,28.420592,77.329553
59288,28.420592,77.329553
59315,28.420592,77.329553
59316,28.420592,77.329553
59317,28.420592,77.329553
59319,28.420592,77.329553
59352,28.420592,77.329553
59394,28.420592,77.329553
59395,28.420592,77.329553
59404,28.420592,77.329553
59405,28.420592,77.329553
59406,28.420592,77.329553
59407,28.420592,77.329553
59408,28.420592,77.329553
59409,28.420592,77.329553
59410,28.420592,77.329553
59411,28.420592,77.329553
59412,28.420592,77.329553
59413,28.420592,77.329553
59414,28.420592,77.329553
59415,28.420592,77.329553
59416,28.420592,77.329553
59417,28.420592,77.329553
59418,28.420592,77.329553
59431,28.420592,77.329553
59432,28.420592,77.329553
59434,28.420592,77.329553
59459,28.420592,77.329553
59462,28.420592,77.329553
59463,28.420592,77.329553
59477,28.420592,77.329553
59480,28.420592,77.329553
59609,28.420592,77.329553
59620,28.420592,77.329553
59624,28.420592,77.329553
59627,28.420592,77.329553
59628,28.420592,77.329553
59726,28.420592,77.329553
59729,28.420592,77.329553
59733,28.420592,77.329553
59738,28.420592,77.329553
59743,28.420592,77.329553
59750,28.420592,77.329553
59753,28.420592,77.329553
59755,28.420592,77.329553
59758,28.420592,77.329553
59812,28.420592,77.329553
59828,28.420592,77.329553
59836,28.420592,77.329553
59841,28.420592,77.329553
60110,28.420592,77.329553
60249,28.420592,77.329553
60497,28.420592,77.329553
60670,28.420592,77.329553
60677,28.420592,77.329553
60678,28.420592,77.329553
60684,28.420592,77.329553
60685,28.420592,77.329553
60686,28.420592,77.329553
60687,28.420592,77.329553
60690,28.420592,77.329553
60691,28.420592,77.329553
60692,28.420592,77.329553
60715,28.420592,77.329553
60716,28.420592,77.329553
60724,28.420592,77.329553
60725,28.420592,77.329553
60726,28.420592,77.329553
60727,28.420592,77.329553
60728,28.420592,77.329553
60730,28.420592,77.329553
60946,28.420592,77.329553
60954,28.420592,77.329553
60955,28.420592,77.329553
60957,28.420592,77.329553
61057,28.420592,77.329553
61058,28.420592,77.329553
61060,28.420592,77.329553
61065,28.420592,77.329553
61066,28.420592,77.329553
61067,28.420592,77.329553
61068,28.420592,77.329553
61069,28.420592,77.329553
61070,28.420592,77.329553
61102,28.420592,77.329553
61116,28.420592,77.329553
61117,28.420592,77.329553
61118,28.420592,77.329553
61119,28.420592,77.329553
61120,28.420592,77.329553
61350,28.420592,77.329553
61352,28.420592,77.329553
61354,28.420592,77.329553
61355,28.420592,77.329553
61356,28.420592,77.329553
61736,28.420592,77.329553
59209,28.421124,77.330701
59210,28.421124,77.330701
59211,28.421124,77.330701
59212,28.421124,77.330701
59217,28.421124,77.330701
59239,28.421124,77.330701
59240,28.421124,77.330701
59241,28.421124,77.330701
59242,28.421124,77.330701
59243,28.421124,77.330701
59244,28.421124,77.330701
59245,28.421124,77.330701
59246,28.421124,77.330701
59256,28.421124,77.330701
59261,28.421124,77.330701
59318,28.421124,77.330701
59322,28.421124,77.330701
59344,28.421124,77.330701
59345,28.421124,77.330701
59348,28.421124,77.330701
59350,28.421124,77.330701
59353,28.421124,77.330701
59354,28.421124,77.330701
59357,28.421124,77.330701
59361,28.421124,77.330701
59362,28.421124,77.330701
59363,28.421124,77.330701
59364,28.421124,77.330701
59366,28.421124,77.330701
59367,28.421124,77.330701
59368,28.421124,77.330701
59369,28.421124,77.330701
59370,28.421124,77.330701
59371,28.421124,77.330701
59372,28.421124,77.330701
59373,28.421124,77.330701
59374,28.421124,77.330701
59375,28.421124,77.330701
59376,28.421124,77.330701
59377,28.421124,77.330701
59378,28.421124,77.330701
59379,28.421124,77.330701
59380,28.421124,77.330701
59381,28.421124,77.330701
59383,28.421124,77.330701
59393,28.421124,77.330701
59419,28.421124,77.330701
59427,28.421124,77.330701
59428,28.421124,77.330701
59461,28.421124,77.330701
59467,28.421124,77.330701
59468,28.421124,77.330701
59469,28.421124,77.330701
59471,28.421124,77.330701
59549,28.421124,77.330701
59550,28.421124,77.330701
59551,28.421124,77.330701
59552,28.421124,77.330701
59553,28.421124,77.330701
59554,28.421124,77.330701
59555,28.421124,77.330701
59556,28.421124,77.330701
59557,28.421124,77.330701
59558,28.421124,77.330701
59559,28.421124,77.330701
59560,28.421124,77.330701
59561,28.421124,77.330701
59562,28.421124,77.330701
59564,28.421124,77.330701
59565,28.421124,77.330701
59566,28.421124,77.330701
59568,28.421124,77.330701
59569,28.421124,77.330701
59571,28.421124,77.330701
59572,28.421124,77.330701
59582,28.421124,77.330701
59585,28.421124,77.330701
59586,28.421124,77.330701
59594,28.421124,77.330701
59596,28.421124,77.330701
59598,28.421124,77.330701
59600,28.421124,77.330701
59602,28.421124,77.330701
59603,28.421124,77.330701
59604,28.421124,77.330701
59606,28.421124,77.330701
59614,28.421124,77.330701
59631,28.421124,77.330701
59632,28.421124,77.330701
59635,28.421124,77.330701
59645,28.421124,77.330701
59651,28.421124,77.330701
59652,28.421124,77.330701
59653,28.421124,77.330701
59663,28.421124,77.330701
59683,28.421124,77.330701
59684,28.421124,77.330701
59685,28.421124,77.330701
59690,28.421124,77.330701
59697,28.421124,77.330701
59700,28.421124,77.330701
59703,28.421124,77.330701
59709,28.421124,77.330701
59710,28.421124,77.330701
59711,28.421124,77.330701
59715,28.421124,77.330701
59716,28.421124,77.330701
59722,28.421124,77.330701
59724,28.421124,77.330701
59728,28.421124,77.330701
59736,28.421124,77.330701
59737,28.421124,77.330701
59739,28.421124,77.330701
59740,28.421124,77.330701
59746,28.421124,77.330701
59748,28.421124,77.330701
59749,28.421124,77.330701
59751,28.421124,77.330701
59754,28.421124,77.330701
59756,28.421124,77.330701
59757,28.421124,77.330701
59759,28.421124,77.330701
59799,28.421124,77.330701
59800,28.421124,77.330701
59801,28.421124,77.330701
59802,28.421124,77.330701
59803,28.421124,77.330701
59804,28.421124,77.330701
59834,28.421124,77.330701
59941,28.421124,77.330701
59942,28.421124,77.330701
59943,28.421124,77.330701
59945,28.421124,77.330701
59986,28.421124,77.330701
59987,28.421124,77.330701
59989,28.421124,77.330701
59990,28.421124,77.330701
59991,28.421124,77.330701
59992,28.421124,77.330701
59993,28.421124,77.330701
59994,28.421124,77.330701
59995,28.421124,77.330701
59996,28.421124,77.330701
59998,28.421124,77.330701
60000,28.421124,77.330701
60004,28.421124,77.330701
60111,28.421124,77.330701
60112,28.421124,77.330701
60113,28.421124,77.330701
60114,28.421124,77.330701
60115,28.421124,77.330701
60116,28.421124,77.330701
60117,28.421124,77.330701
60118,28.421124,77.330701
60119,28.421124,77.330701
60120,28.421124,77.330701
60121,28.421124,77.330701
60122,28.421124,77.330701
60123,28.421124,77.330701
60124,28.421124,77.330701
60125,28.421124,77.330701
60127,28.421124,77.330701
60128,28.421124,77.330701
60129,28.421124,77.330701
60130,28.421124,77.330701
60131,28.421124,77.330701
60132,28.421124,77.330701
60133,28.421124,77.330701
60134,28.421124,77.330701
60135,28.421124,77.330701
60136,28.421124,77.330701
60145,28.421124,77.330701
60146,28.421124,77.330701
60147,28.421124,77.330701
60148,28.421124,77.330701
60149,28.421124,77.330701
60151,28.421124,77.330701
60152,28.421124,77.330701
60153,28.421124,77.330701
60154,28.421124,77.330701
60155,28.421124,77.330701
60156,28.421124,77.330701
60157,28.421124,77.330701
60158,28.421124,77.330701
60159,28.421124,77.330701
60160,28.421124,77.330701
60161,28.421124,77.330701
60162,28.421124,77.330701
60163,28.421124,77.330701
60164,28.421124,77.330701
60165,28.421124,77.330701
60166,28.421124,77.330701
60167,28.421124,77.330701
60168,28.421124,77.330701
60169,28.421124,77.330701
60170,28.421124,77.330701
60171,28.421124,77.330701
60172,28.421124,77.330701
60173,28.421124,77.330701
60174,28.421124,77.330701
60175,28.421124,77.330701
60176,28.421124,77.330701
60177,28.421124,77.330701
60178,28.421124,77.330701
60179,28.421124,77.330701
60180,28.421124,77.330701
60181,28.421124,77.330701
60182,28.421124,77.330701
60183,28.421124,77.330701
60184,28.421124,77.330701
60185,28.421124,77.330701
60186,28.421124,77.330701
60187,28.421124,77.330701
60188,28.421124,77.330701
60189,28.421124,77.330701
60190,28.421124,77.330701
60191,28.421124,77.330701
60192,28.421124,77.330701
60193,28.421124,77.330701
60194,28.421124,77.330701
60195,28.421124,77.330701
60196,28.421124,77.330701
60197,28.421124,77.330701
60198,28.421124,77.330701
60199,28.421124,77.330701
60200,28.421124,77.330701
60201,28.421124,77.330701
60202,28.421124,77.330701
60203,28.421124,77.330701
60204,28.421124,77.330701
60205,28.421124,77.330701
60206,28.421124,77.330701
60207,28.421124,77.330701
60208,28.421124,77.330701
60209,28.421124,77.330701
60210,28.421124,77.330701
60211,28.421124,77.330701
60212,28.421124,77.330701
60213,28.421124,77.330701
60214,28.421124,77.330701
60215,28.421124,77.330701
60216,28.421124,77.330701
60217,28.421124,77.330701
60218,28.421124,77.330701
60219,28.421124,77.330701
60220,28.421124,77.330701
60221,28.421124,77.330701
60222,28.421124,77.330701
60223,28.421124,77.330701
60298,28.421124,77.330701
60299,28.421124,77.330701
60300,28.421124,77.330701
60301,28.421124,77.330701
60338,28.421124,77.330701
60379,28.421124,77.330701
60380,28.421124,77.330701
60381,28.421124,77.330701
60382,28.421124,77.330701
60383,28.421124,77.330701
60384,28.421124,77.330701
60385,28.421124,77.330701
60386,28.421124,77.330701
60388,28.421124,77.330701
60389,28.421124,77.330701
60390,28.421124,77.330701
60391,28.421124,77.330701
60392,28.421124,77.330701
60393,28.421124,77.330701
60394,28.421124,77.330701
60395,28.421124,77.330701
60396,28.421124,77.330701
60397,28.421124,77.330701
60398,28.421124,77.330701
60399,28.421124,77.330701
60400,28.421124,77.330701
60401,28.421124,77.330701
60402,28.421124,77.330701
60404,28.421124,77.330701
60405,28.421124,77.330701
60406,28.421124,77.330701
60407,28.421124,77.330701
60408,28.421124,77.330701
60409,28.421124,77.330701
60410,28.421124,77.330701
60411,28.421124,77.330701
60412,28.421124,77.330701
60413,28.421124,77.330701
60414,28.421124,77.330701
60415,28.421124,77.330701
60416,28.421124,77.330701
60417,28.421124,77.330701
60418,28.421124,77.330701
60419,28.421124,77.330701
60420,28.421124,77.330701
60421,28.421124,77.330701
60422,28.421124,77.330701
60423,28.421124,77.330701
60424,28.421124,77.330701
60425,28.421124,77.330701
60426,28.421124,77.330701
60427,28.421124,77.330701
60428,28.421124,77.330701
60429,28.421124,77.330701
60430,28.421124,77.330701
60431,28.421124,77.330701
60432,28.421124,77.330701
60433,28.421124,77.330701
60434,28.421124,77.330701
60435,28.421124,77.330701
60437,28.421124,77.330701
60438,28.421124,77.330701
60439,28.421124,77.330701
60440,28.421124,77.330701
60441,28.421124,77.330701
60454,28.421124,77.330701
60455,28.421124,77.330701
60456,28.421124,77.330701
60457,28.421124,77.330701
60458,28.421124,77.330701
60469,28.421124,77.330701
60570,28.421124,77.330701
60571,28.421124,77.330701
60572,28.421124,77.330701
60573,28.421124,77.330701
60574,28.421124,77.330701
60575,28.421124,77.330701
60576,28.421124,77.330701
60577,28.421124,77.330701
60578,28.421124,77.330701
60579,28.421124,77.330701
60580,28.421124,77.330701
60582,28.421124,77.330701
60583,28.421124,77.330701
60584,28.421124,77.330701
60585,28.421124,77.330701
60586,28.421124,77.330701
60587,28.421124,77.330701
60589,28.421124,77.330701
60590,28.421124,77.330701
60591,28.421124,77.330701
60592,28.421124,77.330701
60593,28.421124,77.330701
60622,28.421124,77.330701
60623,28.421124,77.330701
60624,28.421124,77.330701
60625,28.421124,77.330701
60629,28.421124,77.330701
60630,28.421124,77.330701
60631,28.421124,77.330701
60635,28.421124,77.330701
60637,28.421124,77.330701
60639,28.421124,77.330701
60640,28.421124,77.330701
60642,28.421124,77.330701
60648,28.421124,77.330701
60649,28.421124,77.330701
60650,28.421124,77.330701
60652,28.421124,77.330701
60654,28.421124,77.330701
60655,28.421124,77.330701
60662,28.421124,77.330701
60664,28.421124,77.330701
60666,28.421124,77.330701
60720,28.421124,77.330701
60722,28.421124,77.330701
60820,28.421124,77.330701
60821,28.421124,77.330701
60822,28.421124,77.330701
60823,28.421124,77.330701
60824,28.421124,77.330701
60825,28.421124,77.330701
60826,28.421124,77.330701
60827,28.421124,77.330701
60829,28.421124,77.330701
60830,28.421124,77.330701
60888,28.421124,77.330701
60889,28.421124,77.330701
60890,28.421124,77.330701
60891,28.421124,77.330701
60894,28.421124,77.330701
60899,28.421124,77.330701
60900,28.421124,77.330701
60903,28.421124,77.330701
60905,28.421124,77.330701
60907,28.421124,77.330701
60908,28.421124,77.330701
60914,28.421124,77.330701
60916,28.421124,77.330701
60918,28.421124,77.330701
60919,28.421124,77.330701
60921,28.421124,77.330701
60924,28.421124,77.330701
60929,28.421124,77.330701
60933,28.421124,77.330701
60939,28.421124,77.330701
60949,28.421124,77.330701
60953,28.421124,77.330701
60958,28.421124,77.330701
60961,28.421124,77.330701
60962,28.421124,77.330701
60965,28.421124,77.330701
60967,28.421124,77.330701
60968,28.421124,77.330701
60975,28.421124,77.330701
60977,28.421124,77.330701
60978,28.421124,77.330701
60979,28.421124,77.330701
60980,28.421124,77.330701
60981,28.421124,77.330701
60984,28.421124,77.330701
60985,28.421124,77.330701
60986,28.421124,77.330701
60987,28.421124,77.330701
60988,28.421124,77.330701
60989,28.421124,77.330701
60990,28.421124,77.330701
61046,28.421124,77.330701
61048,28.421124,77.330701
61049,28.421124,77.330701
61050,28.421124,77.330701
61052,28.421124,77.330701
61054,28.421124,77.330701
61055,28.421124,77.330701
61056,28.421124,77.330701
61077,28.421124,77.330701
61078,28.421124,77.330701
61079,28.421124,77.330701
61080,28.421124,77.330701
61081,28.421124,77.330701
61143,28.421124,77.330701
61146,28.421124,77.330701
61148,28.421124,77.330701
61150,28.421124,77.330701
61151,28.421124,77.330701
61152,28.421124,77.330701
61153,28.421124,77.330701
61162,28.421124,77.330701
61163,28.421124,77.330701
61167,28.421124,77.330701
61168,28.421124,77.330701
61169,28.421124,77.330701
61170,28.421124,77.330701
61171,28.421124,77.330701
61172,28.421124,77.330701
61173,28.421124,77.330701
61174,28.421124,77.330701
61176,28.421124,77.330701
61179,28.421124,77.330701
61205,28.421124,77.330701
61214,28.421124,77.330701
61284,28.421124,77.330701
61285,28.421124,77.330701
61286,28.421124,77.330701
61287,28.421124,77.330701
61288,28.421124,77.330701
61289,28.421124,77.330701
61290,28.421124,77.330701
61292,28.421124,77.330701
61293,28.421124,77.330701
61294,28.421124,77.330701
61295,28.421124,77.330701
61296,28.421124,77.330701
61297,28.421124,77.330701
61298,28.421124,77.330701
61299,28.421124,77.330701
61300,28.421124,77.330701
61301,28.421124,77.330701
61303,28.421124,77.330701
61304,28.421124,77.330701
61305,28.421124,77.330701
61306,28.421124,77.330701
61307,28.421124,77.330701
61308,28.421124,77.330701
61309,28.421124,77.330701
61310,28.421124,77.330701
61311,28.421124,77.330701
61312,28.421124,77.330701
61313,28.421124,77.330701
61320,28.421124,77.330701
61321,28.421124,77.330701
61322,28.421124,77.330701
61323,28.421124,77.330701
61324,28.421124,77.330701
61325,28.421124,77.330701
61326,28.421124,77.330701
61327,28.421124,77.330701
61328,28.421124,77.330701
61329,28.421124,77.330701
61330,28.421124,77.330701
61331,28.421124,77.330701
61332,28.421124,77.330701
61333,28.421124,77.330701
61412,28.421124,77.330701
61413,28.421124,77.330701
61414,28.421124,77.330701
61415,28.421124,77.330701
61417,28.421124,77.330701
61418,28.421124,77.330701
61419,28.421124,77.330701
61431,28.421124,77.330701
61432,28.421124,77.330701
61433,28.421124,77.330701
61434,28.421124,77.330701
61435,28.421124,77.330701
61436,28.421124,77.330701
61437,28.421124,77.330701
61450,28.421124,77.330701
61451,28.421124,77.330701
61452,28.421124,77.330701
61453,28.421124,77.330701
61454,28.421124,77.330701
61455,28.421124,77.330701
61456,28.421124,77.330701
61457,28.421124,77.330701
61458,28.421124,77.330701
61459,28.421124,77.330701
61471,28.421124,77.330701
61555,28.421124,77.330701
61556,28.421124,77.330701
61557,28.421124,77.330701
61559,28.421124,77.330701
61560,28.421124,77.330701
61561,28.421124,77.330701
61562,28.421124,77.330701
61563,28.421124,77.330701
61564,28.421124,77.330701
61565,28.421124,77.330701
61566,28.421124,77.330701
61567,28.421124,77.330701
61569,28.421124,77.330701
61570,28.421124,77.330701
61574,28.421124,77.330701
61576,28.421124,77.330701
61577,28.421124,77.330701
61579,28.421124,77.330701
61582,28.421124,77.330701
61583,28.421124,77.330701
61585,28.421124,77.330701
61592,28.421124,77.330701
61595,28.421124,77.330701
61596,28.421124,77.330701
61600,28.421124,77.330701
61601,28.421124,77.330701
61602,28.421124,77.330701
61603,28.421124,77.330701
61604,28.421124,77.330701
61654,28.421124,77.330701
61656,28.421124,77.330701
61657,28.421124,77.330701
61659,28.421124,77.330701
61661,28.421124,77.330701
61662,28.421124,77.330701
61663,28.421124,77.330701
61664,28.421124,77.330701
61665,28.421124,77.330701
61667,28.421124,77.330701
61668,28.421124,77.330701
61669,28.421124,77.330701
61671,28.421124,77.330701
61673,28.421124,77.330701
61674,28.421124,77.330701
61676,28.421124,77.330701
61680,28.421124,77.330701
61682,28.421124,77.330701
61683,28.421124,77.330701
61686,28.421124,77.330701
61688,28.421124,77.330701
61690,28.421124,77.330701
61691,28.421124,77.330701
61692,28.421124,77.330701
61718,28.421124,77.330701
61719,28.421124,77.330701
61720,28.421124,77.330701
61721,28.421124,77.330701
61722,28.421124,77.330701
61723,28.421124,77.330701
61724,28.421124,77.330701
61725,28.421124,77.330701
61726,28.421124,77.330701
61727,28.421124,77.330701
61728,28.421124,77.330701
61729,28.421124,77.330701
61730,28.421124,77.330701
61731,28.421124,77.330701
61732,28.421124,77.330701
61733,28.421124,77.330701
61734,28.421124,77.330701
61735,28.421124,77.330701
61737,28.421124,77.330701
61740,28.421124,77.330701
61741,28.421124,77.330701
61742,28.421124,77.330701
61743,28.421124,77.330701
61744,28.421124,77.330701
61745,28.421124,77.330701
61778,28.421124,77.330701
61779,28.421124,77.330701
61780,28.421124,77.330701
61781,28.421124,77.330701
61782,28.421124,77.330701
61783,28.421124,77.330701
59218,28.421247,77.329687
59723,28.421247,77.329687
59831,28.421247,77.329687
60814,28.421247,77.329687
60815,28.421247,77.329687
60816,28.421247,77.329687
60913,28.421247,77.329687
60915,28.421247,77.329687
60920,28.421247,77.329687
61099,28.421247,77.329687
61101,28.421247,77.329687
61103,28.421247,77.329687
61190,28.421247,77.329687
61208,28.421247,77.329687
61209,28.421247,77.329687
61261,28.421247,77.329687
61262,28.421247,77.329687
61278,28.421247,77.329687
61279,28.421247,77.329687
61280,28.421247,77.329687
61281,28.421247,77.329687
61282,28.421247,77.329687
61283,28.421247,77.329687
61392,28.421247,77.329687
61393,28.421247,77.329687
61394,28.421247,77.329687
61395,28.421247,77.329687
61397,28.421247,77.329687
61398,28.421247,77.329687
61399,28.421247,77.329687
61400,28.421247,77.329687
61401,28.421247,77.329687
61402,28.421247,77.329687
61403,28.421247,77.329687
61404,28.421247,77.329687
61460,28.421247,77.329687
61461,28.421247,77.329687
61498,28.421247,77.329687
61500,28.421247,77.329687
61501,28.421247,77.329687
61508,28.421247,77.329687
61509,28.421247,77.329687
61510,28.421247,77.329687
61511,28.421247,77.329687
61512,28.421247,77.329687
61651,28.421247,77.329687
61695,28.421247,77.329687
61749,28.421247,77.329687
61764,28.421247,77.329687
61765,28.421247,77.329687
61771,28.421247,77.329687
61772,28.421247,77.329687
61794,28.421247,77.329687
61795,28.421247,77.329687
59216,28.421266,77.331135
24381,28.421435,77.334979
59262,28.421435,77.334979
60817,28.421435,77.334979
60906,28.421435,77.334979
60959,28.421435,77.334979
61121,28.421435,77.334979
61374,28.421435,77.334979
61375,28.421435,77.334979
61376,28.421435,77.334979
61377,28.421435,77.334979
61378,28.421435,77.334979
61379,28.421435,77.334979
61380,28.421435,77.334979
61381,28.421435,77.334979
61382,28.421435,77.334979
61383,28.421435,77.334979
61384,28.421435,77.334979
61385,28.421435,77.334979
61386,28.421435,77.334979
61387,28.421435,77.334979
61470,28.421435,77.334979
61463,28.421436,77.337098
61464,28.421436,77.337098
61465,28.421436,77.337098
61466,28.421436,77.337098
61467,28.421436,77.337098
61468,28.421436,77.337098
61469,28.421436,77.337098
61513,28.421436,77.337098
61514,28.421436,77.337098
61648,28.421436,77.337098
61211,28.421444,77.323468
61644,28.422070,77.325718
25215,28.422119,77.325736
59260,28.422119,77.325736
59429,28.422119,77.325736
61632,28.422119,77.325736
121723,28.422119,77.325736
121848,28.422119,77.325736
120077,28.422380,77.320391
120078,28.422380,77.320391
120079,28.422380,77.320391
120080,28.422380,77.320391
120081,28.422380,77.320391
120365,28.422380,77.320391
120377,28.422380,77.320391
120378,28.422380,77.320391
120423,28.422380,77.320391
120424,28.422380,77.320391
120425,28.422380,77.320391
120426,28.422380,77.320391
120429,28.422380,77.320391
120430,28.422380,77.320391
120431,28.422380,77.320391
120432,28.422380,77.320391
120685,28.422380,77.320391
120701,28.422380,77.320391
120702,28.422380,77.320391
120703,28.422380,77.320391
120704,28.422380,77.320391
120705,28.422380,77.320391
120706,28.422380,77.320391
120882,28.422380,77.320391
120884,28.422380,77.320391
120885,28.422380,77.320391
120888,28.422380,77.320391
120889,28.422380,77.320391
120890,28.422380,77.320391
121067,28.422380,77.320391
121070,28.422380,77.320391
121110,28.422380,77.320391
121317,28.422380,77.320391
121323,28.422380,77.320391
121324,28.422380,77.320391
121377,28.422380,77.320391
121378,28.422380,77.320391
121613,28.422380,77.320391
121624,28.422380,77.320391
121625,28.422380,77.320391
121626,28.422380,77.320391
121843,28.422380,77.320391
121845,28.422380,77.320391
121889,28.422380,77.320391
121890,28.422380,77.320391
121892,28.422380,77.320391
121893,28.422380,77.320391
121986,28.422380,77.320391
121995,28.422380,77.320391
121996,28.422380,77.320391
59259,28.423328,77.332162
59264,28.423328,77.332162
59266,28.423328,77.332162
59267,28.423328,77.332162
59268,28.423328,77.332162
59269,28.423328,77.332162
59270,28.423328,77.332162
59610,28.423328,77.332162
59612,28.423328,77.332162
59615,28.423328,77.332162
59619,28.423328,77.332162
59629,28.423328,77.332162
59725,28.423328,77.332162
59730,28.423328,77.332162
59805,28.423328,77.332162
59806,28.423328,77.332162
59807,28.423328,77.332162
59808,28.423328,77.332162
59809,28.423328,77.332162
59810,28.423328,77.332162
59811,28.423328,77.332162
59813,28.423328,77.332162
59814,28.423328,77.332162
59815,28.423328,77.332162
59816,28.423328,77.332162
59817,28.423328,77.332162
59818,28.423328,77.332162
59819,28.423328,77.332162
59821,28.423328,77.332162
59822,28.423328,77.332162
59823,28.423328,77.332162
59826,28.423328,77.332162
59829,28.423328,77.332162
59830,28.423328,77.332162
59835,28.423328,77.332162
59860,28.423328,77.332162
59979,28.423328,77.332162
59980,28.423328,77.332162
59981,28.423328,77.332162
59982,28.423328,77.332162
59983,28.423328,77.332162
59984,28.423328,77.332162
59985,28.423328,77.332162
59988,28.423328,77.332162
60001,28.423328,77.332162
60339,28.423328,77.332162
60340,28.423328,77.332162
60341,28.423328,77.332162
60342,28.423328,77.332162
60343,28.423328,77.332162
60344,28.423328,77.332162
60345,28.423328,77.332162
60346,28.423328,77.332162
60347,28.423328,77.332162
60348,28.423328,77.332162
60349,28.423328,77.332162
60350,28.423328,77.332162
60351,28.423328,77.332162
60352,28.423328,77.332162
60353,28.423328,77.332162
60354,28.423328,77.332162
60355,28.423328,77.332162
60356,28.423328,77.332162
60357,28.423328,77.332162
60358,28.423328,77.332162
60359,28.423328,77.332162
60360,28.423328,77.332162
60362,28.423328,77.332162
61260,28.423328,77.332162
61263,28.423328,77.332162
61264,28.423328,77.332162
61265,28.423328,77.332162
61266,28.423328,77.332162
61267,28.423328,77.332162
61269,28.423328,77.332162
61270,28.423328,77.332162
61271,28.423328,77.332162
61272,28.423328,77.332162
61273,28.423328,77.332162
61499,28.423328,77.332162
61502,28.423328,77.332162
61627,28.423328,77.332162
61696,28.423328,77.332162
61697,28.423328,77.332162
61698,28.423328,77.332162
61699,28.423328,77.332162
61700,28.423328,77.332162
61701,28.423328,77.332162
61702,28.423328,77.332162
61703,28.423328,77.332162
61750,28.423328,77.332162
61751,28.423328,77.332162
61752,28.423328,77.332162
61753,28.423328,77.332162
61766,28.423328,77.332162
61767,28.423328,77.332162
61768,28.423328,77.332162
61275,28.423745,77.328853
61276,28.423745,77.328853
61277,28.423745,77.328853
61274,28.424362,77.326765
61197,28.424807,77.331479
59437,28.424890,77.327633
59438,28.424890,77.327633
59439,28.424890,77.327633
59440,28.424890,77.327633
59441,28.424890,77.327633
59445,28.424890,77.327633
59447,28.424890,77.327633
59451,28.424890,77.327633
59452,28.424890,77.327633
59453,28.424890,77.327633
59455,28.424890,77.327633
59460,28.424890,77.327633
59478,28.424890,77.327633
59479,28.424890,77.327633
59488,28.424890,77.327633
59489,28.424890,77.327633
59490,28.424890,77.327633
59493,28.424890,77.327633
59498,28.424890,77.327633
59499,28.424890,77.327633
59503,28.424890,77.327633
59508,28.424890,77.327633
59509,28.424890,77.327633
59516,28.424890,77.327633
60008,28.424890,77.327633
60009,28.424890,77.327633
60037,28.424890,77.327633
60038,28.424890,77.327633
60039,28.424890,77.327633
60040,28.424890,77.327633
60041,28.424890,77.327633
60042,28.424890,77.327633
60285,28.424890,77.327633
60286,28.424890,77.327633
60287,28.424890,77.327633
60297,28.424890,77.327633
60302,28.424890,77.327633
60313,28.424890,77.327633
60493,28.424890,77.327633
60494,28.424890,77.327633
122063,28.425574,77.323868
122165,28.425574,77.323868
60796,28.426347,77.325981
60854,28.426347,77.325981
60862,28.426347,77.325981
60874,28.426347,77.325981
60880,28.426347,77.325981
61482,28.426347,77.325981
61483,28.426347,77.325981
61268,28.426956,77.339392
119627,28.428477,77.325020
117124,28.429514,77.336750
117125,28.429514,77.336750
117126,28.429514,77.336750
117127,28.429514,77.336750
117128,28.429514,77.336750
118959,28.429514,77.336750
118983,28.429514,77.336750
118988,28.429514,77.336750
118991,28.429514,77.336750
119020,28.429514,77.336750
119054,28.429514,77.336750
119055,28.429514,77.336750
119056,28.429514,77.336750
119057,28.429514,77.336750
119058,28.429514,77.336750
119127,28.429514,77.336750
119153,28.429514,77.336750
119160,28.429514,77.336750
119164,28.429514,77.336750
119168,28.429514,77.336750
119169,28.429514,77.336750
119170,28.429514,77.336750
119172,28.429514,77.336750
119174,28.429514,77.336750
119178,28.429514,77.336750
119223,28.429514,77.336750
119224,28.429514,77.336750
119225,28.429514,77.336750
119226,28.429514,77.336750
119227,28.429514,77.336750
119229,28.429514,77.336750
119231,28.429514,77.336750
119232,28.429514,77.336750
119233,28.429514,77.336750
119234,28.429514,77.336750
119236,28.429514,77.336750
119246,28.429514,77.336750
119247,28.429514,77.336750
119248,28.429514,77.336750
119249,28.429514,77.336750
119254,28.429514,77.336750
119255,28.429514,77.336750
119257,28.429514,77.336750
119258,28.429514,77.336750
119259,28.429514,77.336750
119260,28.429514,77.336750
119261,28.429514,77.336750
119262,28.429514,77.336750
119267,28.429514,77.336750
119269,28.429514,77.336750
119271,28.429514,77.336750
119272,28.429514,77.336750
119273,28.429514,77.336750
119274,28.429514,77.336750
119284,28.429514,77.336750
119287,28.429514,77.336750
119291,28.429514,77.336750
119293,28.429514,77.336750
119294,28.429514,77.336750
119295,28.429514,77.336750
119296,28.429514,77.336750
119297,28.429514,77.336750
119298,28.429514,77.336750
119299,28.429514,77.336750
119300,28.429514,77.336750
119301,28.429514,77.336750
119302,28.429514,77.336750
119303,28.429514,77.336750
119304,28.429514,77.336750
119317,28.429514,77.336750
119320,28.429514,77.336750
119325,28.429514,77.336750
119327,28.429514,77.336750
119328,28.429514,77.336750
119345,28.429514,77.336750
119346,28.429514,77.336750
119349,28.429514,77.336750
119350,28.429514,77.336750
119351,28.429514,77.336750
119352,28.429514,77.336750
119353,28.429514,77.336750
119355,28.429514,77.336750
119357,28.429514,77.336750
119358,28.429514,77.336750
119359,28.429514,77.336750
119789,28.429514,77.336750
119790,28.429514,77.336750
119792,28.429514,77.336750
119793,28.429514,77.336750
119795,28.429514,77.336750
119796,28.429514,77.336750
120463,28.429514,77.336750
120655,28.429514,77.336750
120700,28.429514,77.336750
120789,28.429514,77.336750
120867,28.429514,77.336750
120897,28.429514,77.336750
120928,28.429514,77.336750
121020,28.429514,77.336750
121021,28.429514,77.336750
121023,28.429514,77.336750
121024,28.429514,77.336750
121025,28.429514,77.336750
121026,28.429514,77.336750
121156,28.429514,77.336750
121157,28.429514,77.336750
121158,28.429514,77.336750
121159,28.429514,77.336750
121174,28.429514,77.336750
121395,28.429514,77.336750
121468,28.429514,77.336750
121634,28.429514,77.336750
121668,28.429514,77.336750
121710,28.429514,77.336750
121790,28.429514,77.336750
121833,28.429514,77.336750
121849,28.429514,77.336750
121908,28.429514,77.336750
121938,28.429514,77.336750
121943,28.429514,77.336750
121970,28.429514,77.336750
122037,28.429514,77.336750
122039,28.429514,77.336750
25365,28.433905,77.322392
59470,28.420772,77.343162
59472,28.420772,77.343162
59473,28.420772,77.343162
59474,28.420772,77.343162
59475,28.420772,77.343162
59476,28.420772,77.343162
59494,28.420772,77.343162
59495,28.420772,77.343162
59496,28.420772,77.343162
59497,28.420772,77.343162
59510,28.420772,77.343162
59511,28.420772,77.343162
59512,28.420772,77.343162
59513,28.420772,77.343162
59517,28.420772,77.343162
59519,28.420772,77.343162
59520,28.420772,77.343162
59948,28.420772,77.343162
59950,28.420772,77.343162
59951,28.420772,77.343162
59952,28.420772,77.343162
59953,28.420772,77.343162
59954,28.420772,77.343162
59957,28.420772,77.343162
59958,28.420772,77.343162
60011,28.420772,77.343162
60043,28.420772,77.343162
60044,28.420772,77.343162
60045,28.420772,77.343162
60046,28.420772,77.343162
60047,28.420772,77.343162
60048,28.420772,77.343162
60049,28.420772,77.343162
60050,28.420772,77.343162
60051,28.420772,77.343162
60052,28.420772,77.343162
60261,28.420772,77.343162
60262,28.420772,77.343162
60263,28.420772,77.343162
60264,28.420772,77.343162
60265,28.420772,77.343162
60266,28.420772,77.343162
60267,28.420772,77.343162
60268,28.420772,77.343162
60269,28.420772,77.343162
60270,28.420772,77.343162
60271,28.420772,77.343162
60272,28.420772,77.343162
60273,28.420772,77.343162
60274,28.420772,77.343162
60361,28.420772,77.343162
60363,28.420772,77.343162
60364,28.420772,77.343162
60365,28.420772,77.343162
60366,28.420772,77.343162
60367,28.420772,77.343162
60368,28.420772,77.343162
60369,28.420772,77.343162
60370,28.420772,77.343162
60371,28.420772,77.343162
60372,28.420772,77.343162
60373,28.420772,77.343162
60374,28.420772,77.343162
60375,28.420772,77.343162
60376,28.420772,77.343162
60377,28.420772,77.343162
60378,28.420772,77.343162
61091,28.420772,77.343162
61092,28.420772,77.343162
61093,28.420772,77.343162
61094,28.420772,77.343162
61095,28.420772,77.343162
61096,28.420772,77.343162
61097,28.420772,77.343162
61472,28.420772,77.343162
61473,28.420772,77.343162
61474,28.420772,77.343162
61475,28.420772,77.343162
61476,28.420772,77.343162
61477,28.420772,77.343162
61478,28.420772,77.343162
61479,28.420772,77.343162
61480,28.420772,77.343162
61523,28.420772,77.343162
61524,28.420772,77.343162
61527,28.420772,77.343162
61529,28.420772,77.343162
61530,28.420772,77.343162
61531,28.420772,77.343162
61532,28.420772,77.343162
61533,28.420772,77.343162
61534,28.420772,77.343162
61535,28.420772,77.343162
61536,28.420772,77.343162
61537,28.420772,77.343162
61705,28.420772,77.343162
61706,28.420772,77.343162
61709,28.420772,77.343162
61769,28.420772,77.343162
121287,28.420972,77.342867
60948,28.421487,77.358284
61650,28.421487,77.358284
60016,28.424580,77.345364
60017,28.424580,77.345364
60018,28.424580,77.345364
60019,28.424580,77.345364
60020,28.424580,77.345364
60021,28.424580,77.345364
60022,28.424580,77.345364
60023,28.424580,77.345364
60024,28.424580,77.345364
60025,28.424580,77.345364
60293,28.424580,77.345364
60294,28.424580,77.345364
60295,28.424580,77.345364
60296,28.424580,77.345364
60970,28.424580,77.345364
60974,28.424580,77.345364
60976,28.424580,77.345364
61704,28.424580,77.345364
61707,28.424580,77.345364
61708,28.424580,77.345364
122042,28.428983,77.341029
61624,28.426172,77.382600
51249,28.457492,76.990867
34915,28.446933,77.010618
41513,28.446933,77.010618
31211,28.452150,77.002525
45260,28.453319,77.001754
45387,28.453725,77.002990
29220,28.455179,77.016993
30607,28.444040,77.025581
40305,28.444754,77.033663
21268,28.445400,77.033377
24963,28.445616,77.033228
25745,28.445616,77.033228
27867,28.445616,77.033228
39122,28.445616,77.033228
125148,28.446219,77.030443
125160,28.446219,77.030443
150519,28.446879,77.028678
48906,28.447369,77.026108
45882,28.447421,77.037778
52643,28.448151,77.030751
33968,28.449273,77.020822
42868,28.450479,77.037753
26645,28.453145,77.036966
50434,28.453950,77.035891
125594,28.454799,77.021370
125595,28.454799,77.021370
125793,28.454799,77.021370
125861,28.454799,77.021370
125864,28.454799,77.021370
125873,28.454799,77.021370
125874,28.454799,77.021370
125881,28.454799,77.021370
125886,28.454799,77.021370
125888,28.454799,77.021370
125921,28.454799,77.021370
125925,28.454799,77.021370
130692,28.454799,77.021370
132800,28.454799,77.021370
53585,28.456507,77.026139
33969,28.457376,77.023645
29222,28.457773,77.033193
36837,28.457773,77.033193
47681,28.457773,77.033193
49664,28.458243,77.029784
45369,28.458419,77.039631
52652,28.459109,77.031376
15142,28.459496,77.026638
16463,28.459496,77.026638
16517,28.459496,77.026638
21072,28.459496,77.026638
21723,28.459496,77.026638
21749,28.459496,77.026638
21816,28.459496,77.026638
12024,28.459497,77.026638
12099,28.459497,77.026638
12957,28.459497,77.026638
13045,28.459497,77.026638
14154,28.459497,77.026638
14467,28.459497,77.026638
17248,28.459497,77.026638
25280,28.459497,77.026638
26166,28.459497,77.026638
26348,28.459497,77.026638
26589,28.459497,77.026638
27965,28.459497,77.026638
28135,28.459497,77.026638
28719,28.459497,77.026638
29052,28.459497,77.026638
29054,28.459497,77.026638
29714,28.459497,77.026638
30748,28.459497,77.026638
30910,28.459497,77.026638
30913,28.459497,77.026638
31713,28.459497,77.026638
31942,28.459497,77.026638
34714,28.459497,77.026638
34863,28.459497,77.026638
34921,28.459497,77.026638
35363,28.459497,77.026638
36745,28.459497,77.026638
36834,28.459497,77.026638
36973,28.459497,77.026638
37210,28.459497,77.026638
37802,28.459497,77.026638
39256,28.459497,77.026638
39876,28.459497,77.026638
41633,28.459497,77.026638
42264,28.459497,77.026638
42673,28.459497,77.026638
43525,28.459497,77.026638
45848,28.459497,77.026638
46360,28.459497,77.026638
46376,28.459497,77.026638
47609,28.459497,77.026638
47646,28.459497,77.026638
47688,28.459497,77.026638
47691,28.459497,77.026638
47742,28.459497,77.026638
47830,28.459497,77.026638
47869,28.459497,77.026638
48299,28.459497,77.026638
48437,28.459497,77.026638
48659,28.459497,77.026638
48665,28.459497,77.026638
48736,28.459497,77.026638
49043,28.459497,77.026638
49363,28.459497,77.026638
49465,28.459497,77.026638
49534,28.459497,77.026638
49587,28.459497,77.026638
50143,28.459497,77.026638
51572,28.459497,77.026638
52471,28.459497,77.026638
52517,28.459497,77.026638
52521,28.459497,77.026638
52539,28.459497,77.026638
52550,28.459497,77.026638
52554,28.459497,77.026638
52571,28.459497,77.026638
52637,28.459497,77.026638
52982,28.459497,77.026638
54313,28.459497,77.026638
55097,28.459497,77.026638
55155,28.459497,77.026638
56018,28.459497,77.026638
58399,28.459497,77.026638
58875,28.459497,77.026638
112365,28.459497,77.026638
112366,28.459497,77.026638
112367,28.459497,77.026638
124024,28.459497,77.026638
35404,28.459757,77.025949
23794,28.459850,77.028578
23769,28.459907,77.028942
13741,28.446412,77.043762
14586,28.446412,77.043762
42050,28.448849,77.048745
16536,28.449849,77.056689
21752,28.451739,77.042117
41922,28.453095,77.050937
51479,28.458512,77.040256
62239,28.440048,77.070571
38766,28.442048,77.064731
48855,28.442446,77.076658
15778,28.445290,77.065081
28157,28.448479,77.075873
39764,28.450295,77.071665
35322,28.458338,77.066520
16654,28.459123,77.072816
37662,28.459131,77.072561
43376,28.459175,77.072489
36405,28.459219,77.072480
37583,28.459219,77.072480
37996,28.459219,77.072480
38772,28.459219,77.072480
38953,28.459219,77.072480
39479,28.459219,77.072480
40889,28.459219,77.072480
44246,28.459219,77.072480
47909,28.459219,77.072480
48567,28.459219,77.072480
52573,28.459219,77.072480
21313,28.459269,77.072419
21732,28.459269,77.072419
21745,28.459269,77.072419
21756,28.459269,77.072419
21869,28.459269,77.072419
14258,28.445929,77.086665
52533,28.449618,77.087711
52534,28.449618,77.087711
52535,28.449618,77.087711
52577,28.449618,77.087711
52578,28.449618,77.087711
52579,28.449618,77.087711
52580,28.449618,77.087711
52581,28.449618,77.087711
52582,28.449618,77.087711
52583,28.449618,77.087711
52584,28.449618,77.087711
52586,28.449618,77.087711
52593,28.449618,77.087711
52596,28.449618,77.087711
52608,28.449618,77.087711
52610,28.449618,77.087711
52611,28.449618,77.087711
52636,28.449618,77.087711
52641,28.449618,77.087711
52642,28.449618,77.087711
52653,28.449618,77.087711
52654,28.449618,77.087711
52655,28.449618,77.087711
52657,28.449618,77.087711
52678,28.449618,77.087711
52679,28.449618,77.087711
52681,28.449618,77.087711
52682,28.449618,77.087711
52683,28.449618,77.087711
52684,28.449618,77.087711
52692,28.449618,77.087711
52714,28.449618,77.087711
52716,28.449618,77.087711
52733,28.449618,77.087711
52734,28.449618,77.087711
52735,28.449618,77.087711
52736,28.449618,77.087711
52751,28.449618,77.087711
52752,28.449618,77.087711
52687,28.449992,77.092956
52689,28.449992,77.092956
52690,28.449992,77.092956
52691,28.449992,77.092956
58857,28.450679,77.087810
52609,28.450853,77.087544
52656,28.450853,77.087544
52680,28.450853,77.087544
52686,28.450853,77.087544
52737,28.450853,77.087544
52747,28.450853,77.087544
26606,28.451087,77.096419
39819,28.451087,77.096419
34411,28.455464,77.097568
53179,28.457430,77.096940
48856,28.459102,77.088207
30441,28.443164,77.101523
32227,28.443164,77.101523
13600,28.448847,77.147078
13602,28.448847,77.147078
46150,28.448485,77.184616
33605,28.457381,77.184005
36570,28.450266,77.283792
33598,28.450378,77.283747
24829,28.458023,77.296410
25345,28.458023,77.296410
26507,28.458023,77.296410
119520,28.441409,77.303005
61210,28.443335,77.312212
51966,28.445338,77.315875
59892,28.453861,77.303274
61517,28.454071,77.319338
61484,28.442519,77.322392
120707,28.444023,77.331381
120708,28.444023,77.331381
120709,28.444023,77.331381
121758,28.450198,77.321836
121302,28.458333,77.321715
42674,28.469937,76.919651
44707,28.478343,76.903871
27049,28.466974,76.998163
15477,28.462050,77.001786
16708,28.462050,77.001786
26888,28.462425,77.012716
133538,28.462457,77.012545
42929,28.463420,77.019042
37948,28.464374,77.014294
42533,28.464918,77.008023
21114,28.465743,77.016863
23902,28.465743,77.016863
42534,28.468258,77.009757
52412,28.468816,77.005616
38782,28.470810,77.009677
42871,28.471003,77.011103
112036,28.472382,77.018552
112039,28.472438,77.018343
35559,28.473804,77.010676
38769,28.473804,77.010676
40937,28.473804,77.010676
13572,28.475734,77.008945
13649,28.475734,77.008945
54827,28.479271,77.004504
25437,28.460043,77.028841
32749,28.460094,77.027547
53135,28.460100,77.027489
29726,28.460215,77.027588
52598,28.460377,77.024421
52770,28.460377,77.024421
51097,28.460546,77.030260
45364,28.460591,77.031850
36408,28.460855,77.028755
37337,28.460855,77.028755
38998,28.460855,77.028755
41580,28.460983,77.028024
53149,28.461066,77.029874
23777,28.461257,77.029819
28731,28.461257,77.029819
28736,28.461257,77.029819
33967,28.461257,77.029819
38282,28.461257,77.029819
52769,28.461257,77.029819
128324,28.461257,77.029819
50273,28.461453,77.030693
51444,28.461519,77.029177
39989,28.462396,77.027804
14198,28.462552,77.028380
23829,28.462913,77.020507
30173,28.463292,77.021182
52545,28.463331,77.025929
51094,28.463492,77.036401
126331,28.464674,77.034148
54942,28.464847,77.033236
40090,28.464885,77.027369
25454,28.464936,77.030145
24256,28.464991,77.031871
44301,28.465311,77.032113
46912,28.465311,77.032113
48904,28.465311,77.032113
49438,28.465311,77.032113
51613,28.465311,77.032113
52729,28.465311,77.032113
51885,28.465328,77.032170
52558,28.466816,77.032904
125030,28.473131,77.034376
29927,28.473260,77.034396
33407,28.473260,77.034396
38470,28.473260,77.034396
39470,28.473260,77.034396
39472,28.473260,77.034396
46782,28.473260,77.034396
62543,28.473260,77.034396
125336,28.474736,77.034665
26936,28.462043,77.046497
21748,28.462136,77.046372
31838,28.462136,77.046372
33637,28.462136,77.046372
35210,28.462136,77.046372
43444,28.463867,77.046625
13256,28.466884,77.046927
40185,28.466980,77.042557
51284,28.468462,77.044151
20476,28.468818,77.044763
39089,28.470732,77.048595
13723,28.470742,77.046372
30553,28.471081,77.045414
30570,28.471081,77.045414
32403,28.471081,77.045414
38664,28.471081,77.045414
41857,28.471081,77.045414
47755,28.471081,77.045414
24403,28.472006,77.056367
39431,28.473693,77.047602
47562,28.473778,77.047570
50595,28.473943,77.042625
40470,28.475646,77.044716
122917,28.475924,77.040615
21251,28.476577,77.045647
49711,28.460584,77.064662
25016,28.466906,77.066290
27265,28.466906,77.066290
33587,28.466906,77.066290
52565,28.466906,77.066290
37734,28.467514,77.068054
44353,28.467600,77.064478
15334,28.467777,77.079721
44248,28.467904,77.064196
52985,28.468263,77.069038
35816,28.468336,77.062534
44249,28.468488,77.062377
44389,28.468662,77.062680
33590,28.469188,77.063755
38466,28.469322,77.062421
52444,28.469667,77.061916
45653,28.469734,77.064067
30442,28.469744,77.066174
35813,28.469744,77.066174
31865,28.471494,77.072434
46668,28.472097,77.072546
12392,28.472273,77.072490
12436,28.472273,77.072490
13807,28.472273,77.072490
14468,28.472273,77.072490
52728,28.478442,77.071247
52559,28.479179,77.073577
22878,28.479555,77.079952
44400,28.460280,77.083723
49658,28.460390,77.096246
30143,28.460549,77.095117
44379,28.464057,77.085440
39935,28.464527,77.096419
40190,28.464527,77.096419
25908,28.466172,77.099395
36783,28.467160,77.081809
52564,28.478571,77.082078
41284,28.478973,77.080651
29785,28.479550,77.080605
36406,28.479550,77.080605
39868,28.479559,77.086755
40888,28.479559,77.086755
52530,28.479559,77.086755
52531,28.479559,77.086755
52562,28.479559,77.086755
53235,28.479559,77.086755
52557,28.479628,77.086596
37395,28.462943,77.104109
33259,28.465045,77.100712
20918,28.460941,77.161122
128333,28.473827,77.173873
24625,28.460603,77.270687
119453,28.460069,77.292360
119530,28.460069,77.292360
119806,28.460069,77.292360
121022,28.462154,77.296519
121959,28.462154,77.296519
41514,28.462574,77.289104
25355,28.465348,77.296775
120482,28.467043,77.287418
121925,28.467043,77.287418
121926,28.467043,77.287418
121927,28.467043,77.287418
121928,28.467043,77.287418
27730,28.470192,77.283770
119607,28.470854,77.297741
119610,28.470854,77.297741
120069,28.479654,77.291524
121464,28.460457,77.308434
121704,28.460457,77.308434
121760,28.460781,77.315301
24634,28.462435,77.303117
50281,28.462435,77.303117
24310,28.469675,77.307363
59889,28.469899,77.319867
60917,28.469899,77.319867
59254,28.469914,77.319879
59255,28.469914,77.319879
59392,28.469914,77.319879
59420,28.469914,77.319879
59421,28.469914,77.319879
59422,28.469914,77.319879
59423,28.469914,77.319879
59424,28.469914,77.319879
59425,28.469914,77.319879
59446,28.469914,77.319879
59448,28.469914,77.319879
59449,28.469914,77.319879
59450,28.469914,77.319879
59458,28.469914,77.319879
59761,28.469914,77.319879
59764,28.469914,77.319879
59765,28.469914,77.319879
59766,28.469914,77.319879
59767,28.469914,77.319879
59769,28.469914,77.319879
59770,28.469914,77.319879
59774,28.469914,77.319879
59775,28.469914,77.319879
59777,28.469914,77.319879
59778,28.469914,77.319879
59781,28.469914,77.319879
59782,28.469914,77.319879
59784,28.469914,77.319879
59876,28.469914,77.319879
59877,28.469914,77.319879
60003,28.469914,77.319879
60005,28.469914,77.319879
60007,28.469914,77.319879
60012,28.469914,77.319879
60013,28.469914,77.319879
60014,28.469914,77.319879
60053,28.469914,77.319879
60054,28.469914,77.319879
60055,28.469914,77.319879
60056,28.469914,77.319879
60057,28.469914,77.319879
60058,28.469914,77.319879
60059,28.469914,77.319879
60060,28.469914,77.319879
60062,28.469914,77.319879
60063,28.469914,77.319879
60064,28.469914,77.319879
60065,28.469914,77.319879
60066,28.469914,77.319879
60067,28.469914,77.319879
60068,28.469914,77.319879
60069,28.469914,77.319879
60070,28.469914,77.319879
60071,28.469914,77.319879
60072,28.469914,77.319879
60073,28.469914,77.319879
60074,28.469914,77.319879
60075,28.469914,77.319879
60076,28.469914,77.319879
60077,28.469914,77.319879
60078,28.469914,77.319879
60079,28.469914,77.319879
60080,28.469914,77.319879
60081,28.469914,77.319879
60082,28.469914,77.319879
60083,28.469914,77.319879
60084,28.469914,77.319879
60085,28.469914,77.319879
60086,28.469914,77.319879
60087,28.469914,77.319879
60088,28.469914,77.319879
60089,28.469914,77.319879
60090,28.469914,77.319879
60091,28.469914,77.319879
60092,28.469914,77.319879
60093,28.469914,77.319879
60094,28.469914,77.319879
60095,28.469914,77.319879
60096,28.469914,77.319879
60097,28.469914,77.319879
60098,28.469914,77.319879
60099,28.469914,77.319879
60100,28.469914,77.319879
60101,28.469914,77.319879
60102,28.469914,77.319879
60103,28.469914,77.319879
60104,28.469914,77.319879
60105,28.469914,77.319879
60106,28.469914,77.319879
60107,28.469914,77.319879
60109,28.469914,77.319879
60126,28.469914,77.319879
60137,28.469914,77.319879
60138,28.469914,77.319879
60139,28.469914,77.319879
60140,28.469914,77.319879
60141,28.469914,77.319879
60142,28.469914,77.319879
60143,28.469914,77.319879
60144,28.469914,77.319879
60224,28.469914,77.319879
60225,28.469914,77.319879
60226,28.469914,77.319879
60227,28.469914,77.319879
60228,28.469914,77.319879
60229,28.469914,77.319879
60230,28.469914,77.319879
60231,28.469914,77.319879
60232,28.469914,77.319879
60234,28.469914,77.319879
60235,28.469914,77.319879
60236,28.469914,77.319879
60304,28.469914,77.319879
60305,28.469914,77.319879
60306,28.469914,77.319879
60307,28.469914,77.319879
60308,28.469914,77.319879
60309,28.469914,77.319879
60310,28.469914,77.319879
60311,28.469914,77.319879
60312,28.469914,77.319879
60485,28.469914,77.319879
60489,28.469914,77.319879
60490,28.469914,77.319879
60491,28.469914,77.319879
60492,28.469914,77.319879
60506,28.469914,77.319879
60507,28.469914,77.319879
60508,28.469914,77.319879
60509,28.469914,77.319879
60510,28.469914,77.319879
60511,28.469914,77.319879
60512,28.469914,77.319879
60513,28.469914,77.319879
60514,28.469914,77.319879
60515,28.469914,77.319879
60516,28.469914,77.319879
60517,28.469914,77.319879
60518,28.469914,77.319879
60519,28.469914,77.319879
60520,28.469914,77.319879
60521,28.469914,77.319879
60522,28.469914,77.319879
60523,28.469914,77.319879
60524,28.469914,77.319879
60525,28.469914,77.319879
60526,28.469914,77.319879
60527,28.469914,77.319879
60528,28.469914,77.319879
60529,28.469914,77.319879
60530,28.469914,77.319879
60531,28.469914,77.319879
60532,28.469914,77.319879
60533,28.469914,77.319879
60534,28.469914,77.319879
60535,28.469914,77.319879
60536,28.469914,77.319879
60537,28.469914,77.319879
60538,28.469914,77.319879
60539,28.469914,77.319879
60540,28.469914,77.319879
60541,28.469914,77.319879
60542,28.469914,77.319879
60543,28.469914,77.319879
60544,28.469914,77.319879
60545,28.469914,77.319879
60546,28.469914,77.319879
60547,28.469914,77.319879
60548,28.469914,77.319879
60549,28.469914,77.319879
60550,28.469914,77.319879
60551,28.469914,77.319879
60552,28.469914,77.319879
60553,28.469914,77.319879
60554,28.469914,77.319879
60555,28.469914,77.319879
60556,28.469914,77.319879
60557,28.469914,77.319879
60558,28.469914,77.319879
60559,28.469914,77.319879
60560,28.469914,77.319879
60561,28.469914,77.319879
60562,28.469914,77.319879
60563,28.469914,77.319879
60564,28.469914,77.319879
60565,28.469914,77.319879
60566,28.469914,77.319879
60567,28.469914,77.319879
60568,28.469914,77.319879
60569,28.469914,77.319879
60581,28.469914,77.319879
60588,28.469914,77.319879
60594,28.469914,77.319879
61136,28.469914,77.319879
61137,28.469914,77.319879
61139,28.469914,77.319879
61140,28.469914,77.319879
61141,28.469914,77.319879
61142,28.469914,77.319879
61144,28.469914,77.319879
61145,28.469914,77.319879
61147,28.469914,77.319879
61149,28.469914,77.319879
61165,28.469914,77.319879
61250,28.469914,77.319879
61251,28.469914,77.319879
61252,28.469914,77.319879
61253,28.469914,77.319879
61254,28.469914,77.319879
61255,28.469914,77.319879
61256,28.469914,77.319879
61257,28.469914,77.319879
61258,28.469914,77.319879
61259,28.469914,77.319879
61314,28.469914,77.319879
61315,28.469914,77.319879
61316,28.469914,77.319879
61317,28.469914,77.319879
61318,28.469914,77.319879
61319,28.469914,77.319879
61334,28.469914,77.319879
61335,28.469914,77.319879
61336,28.469914,77.319879
61337,28.469914,77.319879
61338,28.469914,77.319879
61339,28.469914,77.319879
61340,28.469914,77.319879
61341,28.469914,77.319879
61343,28.469914,77.319879
61344,28.469914,77.319879
61345,28.469914,77.319879
61346,28.469914,77.319879
61347,28.469914,77.319879
61348,28.469914,77.319879
61411,28.469914,77.319879
61420,28.469914,77.319879
61421,28.469914,77.319879
61422,28.469914,77.319879
61423,28.469914,77.319879
61424,28.469914,77.319879
61425,28.469914,77.319879
61426,28.469914,77.319879
61427,28.469914,77.319879
61428,28.469914,77.319879
61429,28.469914,77.319879
61430,28.469914,77.319879
61438,28.469914,77.319879
61439,28.469914,77.319879
61440,28.469914,77.319879
61441,28.469914,77.319879
61442,28.469914,77.319879
61443,28.469914,77.319879
61444,28.469914,77.319879
61445,28.469914,77.319879
61446,28.469914,77.319879
61447,28.469914,77.319879
61448,28.469914,77.319879
61449,28.469914,77.319879
61551,28.469914,77.319879
61623,28.469914,77.319879
61738,28.469914,77.319879
61739,28.469914,77.319879
61776,28.469914,77.319879
61777,28.469914,77.319879
61784,28.469914,77.319879
61785,28.469914,77.319879
61786,28.469914,77.319879
60781,28.471212,77.318387
61616,28.471212,77.318387
60993,28.471383,77.319905
61586,28.471648,77.319883
61716,28.471648,77.319883
61717,28.471648,77.319883
59893,28.471713,77.318798
59894,28.471713,77.318798
59895,28.471713,77.318798
59896,28.471713,77.318798
59898,28.471713,77.318798
59900,28.471713,77.318798
59902,28.471713,77.318798
59903,28.471713,77.318798
61606,28.472067,77.319879
61608,28.472067,77.319879
61609,28.472067,77.319879
61610,28.472067,77.319879
61611,28.472067,77.319879
61613,28.472067,77.319879
61614,28.472067,77.319879
61615,28.472067,77.319879
61617,28.472067,77.319879
61625,28.472067,77.319879
61628,28.472067,77.319879
61631,28.472067,77.319879
61633,28.472067,77.319879
61634,28.472067,77.319879
61635,28.472067,77.319879
61636,28.472067,77.319879
61637,28.472067,77.319879
59872,28.472432,77.314199
60883,28.472498,77.318359
60904,28.472498,77.318359
61492,28.472498,77.318359
61494,28.472498,77.318359
61495,28.472498,77.318359
61496,28.472498,77.318359
61497,28.472498,77.318359
61541,28.472498,77.318359
61542,28.472498,77.318359
61547,28.472498,77.318359
61550,28.472498,77.318359
61554,28.472498,77.318359
61584,28.472498,77.318359
61607,28.472498,77.318359
61619,28.472498,77.318359
61621,28.472498,77.318359
50906,28.474486,77.306298
121759,28.475081,77.307994
60768,28.478070,77.304900
61098,28.478070,77.304900
61233,28.463698,77.333878
61388,28.463698,77.333878
61389,28.463698,77.333878
61390,28.463698,77.333878
61391,28.463698,77.333878
120510,28.466189,77.323885
59867,28.466306,77.328531
59868,28.466306,77.328531
59880,28.466306,77.328531
60749,28.466306,77.328531
59862,28.467080,77.326875
59866,28.467080,77.326875
59870,28.467080,77.326875
59879,28.467080,77.326875
59884,28.467080,77.326875
59885,28.467080,77.326875
59890,28.467080,77.326875
60616,28.467080,77.326875
60621,28.467080,77.326875
60651,28.467080,77.326875
60745,28.467080,77.326875
60746,28.467080,77.326875
60750,28.467080,77.326875
60751,28.467080,77.326875
60754,28.467080,77.326875
60757,28.467080,77.326875
60758,28.467080,77.326875
60759,28.467080,77.326875
60760,28.467080,77.326875
60761,28.467080,77.326875
60762,28.467080,77.326875
60763,28.467080,77.326875
60764,28.467080,77.326875
60765,28.467080,77.326875
60767,28.467080,77.326875
60769,28.467080,77.326875
60770,28.467080,77.326875
60771,28.467080,77.326875
60773,28.467080,77.326875
60774,28.467080,77.326875
60775,28.467080,77.326875
60776,28.467080,77.326875
60777,28.467080,77.326875
60778,28.467080,77.326875
60779,28.467080,77.326875
60780,28.467080,77.326875
60782,28.467080,77.326875
60783,28.467080,77.326875
60784,28.467080,77.326875
60785,28.467080,77.326875
60786,28.467080,77.326875
60787,28.467080,77.326875
60788,28.467080,77.326875
60818,28.467080,77.326875
60819,28.467080,77.326875
61001,28.467080,77.326875
61003,28.467080,77.326875
61004,28.467080,77.326875
61008,28.467080,77.326875
61009,28.467080,77.326875
61010,28.467080,77.326875
61011,28.467080,77.326875
61013,28.467080,77.326875
61014,28.467080,77.326875
61016,28.467080,77.326875
61019,28.467080,77.326875
61020,28.467080,77.326875
61035,28.467080,77.326875
61037,28.467080,77.326875
61038,28.467080,77.326875
61485,28.467080,77.326875
61486,28.467080,77.326875
61487,28.467080,77.326875
61488,28.467080,77.326875
61489,28.467080,77.326875
61490,28.467080,77.326875
61491,28.467080,77.326875
61493,28.467080,77.326875
61503,28.467080,77.326875
61504,28.467080,77.326875
61505,28.467080,77.326875
61506,28.467080,77.326875
61507,28.467080,77.326875
60061,28.470239,77.320007
60237,28.471138,77.320381
60996,28.471465,77.320250
61593,28.471465,77.320250
59456,28.471467,77.320311
59457,28.471467,77.320311
59905,28.471467,77.320311
59906,28.471467,77.320311
59907,28.471467,77.320311
59909,28.471467,77.320311
59912,28.471467,77.320311
59913,28.471467,77.320311
59914,28.471467,77.320311
59915,28.471467,77.320311
59916,28.471467,77.320311
59917,28.471467,77.320311
59918,28.471467,77.320311
59919,28.471467,77.320311
59920,28.471467,77.320311
59921,28.471467,77.320311
59922,28.471467,77.320311
59923,28.471467,77.320311
59924,28.471467,77.320311
59930,28.471467,77.320311
59931,28.471467,77.320311
59932,28.471467,77.320311
59938,28.471467,77.320311
59939,28.471467,77.320311
60026,28.471467,77.320311
60027,28.471467,77.320311
60028,28.471467,77.320311
60029,28.471467,77.320311
60030,28.471467,77.320311
60031,28.471467,77.320311
60032,28.471467,77.320311
60033,28.471467,77.320311
60036,28.471467,77.320311
60233,28.471467,77.320311
60238,28.471467,77.320311
60239,28.471467,77.320311
60240,28.471467,77.320311
60241,28.471467,77.320311
60275,28.471467,77.320311
60276,28.471467,77.320311
60277,28.471467,77.320311
60278,28.471467,77.320311
60279,28.471467,77.320311
60288,28.471467,77.320311
60289,28.471467,77.320311
60314,28.471467,77.320311
60315,28.471467,77.320311
60316,28.471467,77.320311
60317,28.471467,77.320311
60318,28.471467,77.320311
60320,28.471467,77.320311
60321,28.471467,77.320311
60322,28.471467,77.320311
60325,28.471467,77.320311
60326,28.471467,77.320311
60330,28.471467,77.320311
60331,28.471467,77.320311
60332,28.471467,77.320311
60333,28.471467,77.320311
60334,28.471467,77.320311
60335,28.471467,77.320311
60336,28.471467,77.320311
60442,28.471467,77.320311
60443,28.471467,77.320311
60444,28.471467,77.320311
60445,28.471467,77.320311
60446,28.471467,77.320311
60447,28.471467,77.320311
60448,28.471467,77.320311
60449,28.471467,77.320311
60450,28.471467,77.320311
60451,28.471467,77.320311
60452,28.471467,77.320311
60453,28.471467,77.320311
60459,28.471467,77.320311
60460,28.471467,77.320311
60461,28.471467,77.320311
60462,28.471467,77.320311
60463,28.471467,77.320311
60464,28.471467,77.320311
60465,28.471467,77.320311
60466,28.471467,77.320311
60467,28.471467,77.320311
60468,28.471467,77.320311
60470,28.471467,77.320311
60471,28.471467,77.320311
60472,28.471467,77.320311
60473,28.471467,77.320311
60474,28.471467,77.320311
60476,28.471467,77.320311
60477,28.471467,77.320311
60478,28.471467,77.320311
60479,28.471467,77.320311
60480,28.471467,77.320311
60481,28.471467,77.320311
60482,28.471467,77.320311
60483,28.471467,77.320311
60502,28.471467,77.320311
60503,28.471467,77.320311
60504,28.471467,77.320311
60505,28.471467,77.320311
60607,28.471467,77.320311
60608,28.471467,77.320311
60609,28.471467,77.320311
60610,28.471467,77.320311
60611,28.471467,77.320311
60612,28.471467,77.320311
60613,28.471467,77.320311
60614,28.471467,77.320311
60615,28.471467,77.320311
60695,28.471467,77.320311
60698,28.471467,77.320311
60706,28.471467,77.320311
60707,28.471467,77.320311
60708,28.471467,77.320311
60709,28.471467,77.320311
60710,28.471467,77.320311
60735,28.471467,77.320311
60736,28.471467,77.320311
60739,28.471467,77.320311
60740,28.471467,77.320311
60741,28.471467,77.320311
60742,28.471467,77.320311
60743,28.471467,77.320311
60744,28.471467,77.320311
60755,28.471467,77.320311
60756,28.471467,77.320311
60772,28.471467,77.320311
60790,28.471467,77.320311
60791,28.471467,77.320311
60792,28.471467,77.320311
60793,28.471467,77.320311
60795,28.471467,77.320311
60798,28.471467,77.320311
60799,28.471467,77.320311
60800,28.471467,77.320311
60801,28.471467,77.320311
60802,28.471467,77.320311
60803,28.471467,77.320311
60805,28.471467,77.320311
60806,28.471467,77.320311
60807,28.471467,77.320311
60808,28.471467,77.320311
60809,28.471467,77.320311
60810,28.471467,77.320311
60812,28.471467,77.320311
60831,28.471467,77.320311
60832,28.471467,77.320311
60833,28.471467,77.320311
60834,28.471467,77.320311
60835,28.471467,77.320311
60836,28.471467,77.320311
60837,28.471467,77.320311
60838,28.471467,77.320311
60839,28.471467,77.320311
60840,28.471467,77.320311
60841,28.471467,77.320311
60842,28.471467,77.320311
60843,28.471467,77.320311
60844,28.471467,77.320311
60845,28.471467,77.320311
60847,28.471467,77.320311
60848,28.471467,77.320311
60849,28.471467,77.320311
60850,28.471467,77.320311
60851,28.471467,77.320311
60856,28.471467,77.320311
60857,28.471467,77.320311
60859,28.471467,77.320311
60860,28.471467,77.320311
60861,28.471467,77.320311
60863,28.471467,77.320311
60864,28.471467,77.320311
60866,28.471467,77.320311
60868,28.471467,77.320311
60870,28.471467,77.320311
60871,28.471467,77.320311
60872,28.471467,77.320311
60873,28.471467,77.320311
60875,28.471467,77.320311
60876,28.471467,77.320311
60877,28.471467,77.320311
60878,28.471467,77.320311
60879,28.471467,77.320311
60881,28.471467,77.320311
60882,28.471467,77.320311
60884,28.471467,77.320311
60885,28.471467,77.320311
60886,28.471467,77.320311
60887,28.471467,77.320311
60892,28.471467,77.320311
60893,28.471467,77.320311
60895,28.471467,77.320311
60896,28.471467,77.320311
60898,28.471467,77.320311
60902,28.471467,77.320311
60925,28.471467,77.320311
60930,28.471467,77.320311
60932,28.471467,77.320311
61040,28.471467,77.320311
61041,28.471467,77.320311
61073,28.471467,77.320311
61074,28.471467,77.320311
61075,28.471467,77.320311
61076,28.471467,77.320311
61082,28.471467,77.320311
61083,28.471467,77.320311
61084,28.471467,77.320311
61085,28.471467,77.320311
61086,28.471467,77.320311
61087,28.471467,77.320311
61088,28.471467,77.320311
61090,28.471467,77.320311
61111,28.471467,77.320311
61112,28.471467,77.320311
61113,28.471467,77.320311
61114,28.471467,77.320311
61232,28.471467,77.320311
61241,28.471467,77.320311
61242,28.471467,77.320311
61357,28.471467,77.320311
61358,28.471467,77.320311
61360,28.471467,77.320311
61361,28.471467,77.320311
61362,28.471467,77.320311
61364,28.471467,77.320311
61365,28.471467,77.320311
61366,28.471467,77.320311
61368,28.471467,77.320311
61369,28.471467,77.320311
61370,28.471467,77.320311
61371,28.471467,77.320311
61372,28.471467,77.320311
61373,28.471467,77.320311
61405,28.471467,77.320311
61406,28.471467,77.320311
61407,28.471467,77.320311
61408,28.471467,77.320311
61409,28.471467,77.320311
61410,28.471467,77.320311
61605,28.471467,77.320311
61618,28.471467,77.320311
61714,28.471467,77.320311
61775,28.471467,77.320311
61789,28.471467,77.320311
61790,28.471467,77.320311
61791,28.471467,77.320311
61792,28.471467,77.320311
59843,28.472601,77.321173
59844,28.472601,77.321173
59847,28.472601,77.321173
59848,28.472601,77.321173
59849,28.472601,77.321173
59850,28.472601,77.321173
59851,28.472601,77.321173
59852,28.472601,77.321173
59853,28.472601,77.321173
59854,28.472601,77.321173
59855,28.472601,77.321173
59856,28.472601,77.321173
59857,28.472601,77.321173
59959,28.472601,77.321173
59960,28.472601,77.321173
59961,28.472601,77.321173
59962,28.472601,77.321173
59963,28.472601,77.321173
59964,28.472601,77.321173
59965,28.472601,77.321173
59966,28.472601,77.321173
59967,28.472601,77.321173
59968,28.472601,77.321173
59969,28.472601,77.321173
59970,28.472601,77.321173
59971,28.472601,77.321173
59972,28.472601,77.321173
59973,28.472601,77.321173
59974,28.472601,77.321173
59975,28.472601,77.321173
59976,28.472601,77.321173
59977,28.472601,77.321173
61715,28.472601,77.321173
61746,28.472601,77.321173
61747,28.472601,77.321173
61748,28.472601,77.321173
61788,28.473548,77.321148
50928,28.474169,77.320264
61711,28.475964,77.323834
61712,28.475964,77.323834
61713,28.475964,77.323834
15873,28.476257,77.327110
119861,28.478573,77.328608
119862,28.478573,77.328608
119863,28.478573,77.328608
120248,28.478573,77.328608
120660,28.478573,77.328608
120661,28.478573,77.328608
120662,28.478573,77.328608
121909,28.478573,77.328608
121910,28.478573,77.328608
121914,28.478573,77.328608
61062,28.478871,77.332752
61061,28.479059,77.331594
61063,28.479097,77.331079
60006,28.479097,77.332838
61064,28.479097,77.332838
61105,28.479097,77.332838
61106,28.479097,77.332838
61107,28.479097,77.332838
61108,28.479097,77.332838
61109,28.479097,77.332838
61110,28.479097,77.332838
61115,28.479097,77.332838
61122,28.479097,77.332838
61123,28.479097,77.332838
61124,28.479097,77.332838
61125,28.479097,77.332838
61126,28.479097,77.332838
61127,28.479097,77.332838
61128,28.479097,77.332838
61129,28.479097,77.332838
61130,28.479097,77.332838
61131,28.479097,77.332838
61132,28.479097,77.332838
61133,28.479097,77.332838
61134,28.479097,77.332838
61135,28.479097,77.332838
61154,28.479097,77.332838
61155,28.479097,77.332838
61156,28.479097,77.332838
61157,28.479097,77.332838
61158,28.479097,77.332838
61159,28.479097,77.332838
61160,28.479097,77.332838
61161,28.479097,77.332838
47557,28.488041,77.017583
32116,28.492663,77.006066
51020,28.495179,77.058617
49234,28.481936,77.079935
49530,28.481936,77.079935
52789,28.482664,77.075140
52725,28.485421,77.063184
52669,28.486514,77.076397
52802,28.487945,77.066235
52670,28.487956,77.079927
52672,28.487956,77.079927
52766,28.490173,77.073436
52594,28.490766,77.069119
52795,28.490808,77.069481
52762,28.490810,77.073435
52804,28.490822,77.075384
52330,28.490826,77.069009
52560,28.490826,77.069009
52599,28.490826,77.069009
52602,28.490826,77.069009
52667,28.490826,77.069009
52668,28.490826,77.069009
52673,28.490826,77.069009
52708,28.490826,77.069009
52719,28.490826,77.069009
52721,28.490826,77.069009
52724,28.490826,77.069009
52767,28.490826,77.069009
52784,28.490826,77.069009
52785,28.490826,77.069009
52786,28.490826,77.069009
52791,28.490826,77.069009
52792,28.490826,77.069009
52807,28.490826,77.069009
52808,28.490826,77.069009
52810,28.490869,77.073374
52378,28.490937,77.075139
52536,28.491078,77.078414
52726,28.491078,77.078414
52753,28.491078,77.078414
52803,28.491078,77.078414
52760,28.491992,77.079020
52764,28.492181,77.079158
52710,28.497172,77.063153
52799,28.497172,77.063153
52800,28.497172,77.063153
52801,28.497172,77.063153
52712,28.497573,77.063385
52713,28.497573,77.063385
52718,28.497573,77.063385
52720,28.497573,77.063385
52797,28.497573,77.063385
52798,28.497573,77.063385
45368,28.480378,77.080119
22237,28.480909,77.080280
36972,28.480959,77.094385
52529,28.481229,77.093338
52537,28.481229,77.093338
52563,28.481229,77.093338
52677,28.481229,77.093338
52613,28.481310,77.093120
52548,28.481760,77.092869
47461,28.481924,77.089869
49532,28.485791,77.085122
53732,28.487667,77.088103
41323,28.487926,77.099567
54033,28.487926,77.099567
52768,28.488698,77.083757
52685,28.490944,77.081420
52701,28.490944,77.081420
52765,28.490944,77.081420
52676,28.490982,77.080812
56790,28.491280,77.084192
52763,28.491326,77.080652
42873,28.491332,77.090616
52761,28.491390,77.080473
49101,28.491418,77.094130
39413,28.491681,77.094897
39867,28.491681,77.094897
40615,28.491681,77.094897
31212,28.492412,77.095076
20267,28.493602,77.088325
26626,28.493602,77.088325
30621,28.493602,77.088325
32301,28.493602,77.088325
36920,28.493602,77.088325
38231,28.493602,77.088325
125214,28.494146,77.080909
26633,28.494976,77.089542
29925,28.494976,77.089542
35248,28.494976,77.089542
42612,28.494976,77.089542
62519,28.495146,77.088632
111583,28.495146,77.088632
111968,28.495146,77.088632
27268,28.495179,77.089114
52700,28.495179,77.089114
52790,28.495359,77.085747
22181,28.495772,77.084053
35979,28.496906,77.089833
49709,28.496906,77.089833
52787,28.497597,77.088086
29098,28.498414,77.084925
111584,28.498414,77.084925
52711,28.481567,77.111518
52740,28.481616,77.111838
52327,28.481767,77.111584
52331,28.481767,77.111584
52472,28.481767,77.111584
52473,28.481767,77.111584
52474,28.481767,77.111584
52494,28.481767,77.111584
52495,28.481767,77.111584
52515,28.481767,77.111584
52518,28.481767,77.111584
52520,28.481767,77.111584
52540,28.481767,77.111584
52553,28.481767,77.111584
52556,28.481767,77.111584
52572,28.481767,77.111584
52587,28.481767,77.111584
52605,28.481767,77.111584
52606,28.481767,77.111584
52612,28.481767,77.111584
52634,28.481767,77.111584
52671,28.481767,77.111584
52675,28.481767,77.111584
52696,28.481767,77.111584
52703,28.481767,77.111584
52706,28.481767,77.111584
52707,28.481767,77.111584
52709,28.481767,77.111584
52723,28.481767,77.111584
52744,28.481767,77.111584
52745,28.481767,77.111584
52722,28.481890,77.111809
52478,28.481906,77.102255
52497,28.481906,77.102255
52588,28.481906,77.102255
52702,28.482069,77.110425
52528,28.482393,77.102597
20332,28.482569,77.106565
52475,28.484277,77.103869
52604,28.484558,77.110831
52570,28.485055,77.113923
52741,28.492723,77.115915
13772,28.480206,77.124670
37410,28.480793,77.125775
49831,28.492040,77.144765
45277,28.493676,77.148603
32108,28.497420,77.145657
111207,28.496718,77.163400
111438,28.499160,77.161536
23716,28.481655,77.187286
23935,28.481655,77.187286
23937,28.481655,77.187286
24653,28.481655,77.187286
26218,28.481655,77.187286
31868,28.481655,77.187286
33092,28.481655,77.187286
33135,28.481655,77.187286
35739,28.481655,77.187286
36275,28.481655,77.187286
36702,28.481655,77.187286
45329,28.481655,77.187286
31113,28.495856,77.184825
31989,28.495856,77.184825
32954,28.495856,77.184825
34361,28.495856,77.184825
34796,28.495856,77.184825
37216,28.495856,77.184825
49169,28.495856,77.184825
51593,28.495856,77.184825
53189,28.495856,77.184825
53704,28.495856,77.184825
13709,28.495970,77.182305
14325,28.495970,77.182305
17620,28.495970,77.182305
12583,28.497030,77.185900
14401,28.497030,77.185900
20676,28.498909,77.238997
23616,28.499021,77.228313
123013,28.499126,77.238220
15143,28.490973,77.244595
16516,28.490973,77.244595
23598,28.496734,77.240919
27863,28.499118,77.245814
51967,28.487787,77.278465
13922,28.492991,77.279306
16795,28.493673,77.277814
16796,28.493673,77.277814
16797,28.493673,77.277814
16800,28.493673,77.277814
16801,28.493673,77.277814
16802,28.493673,77.277814
16803,28.493673,77.277814
16804,28.493673,77.277814
16809,28.493673,77.277814
16810,28.493673,77.277814
16811,28.493673,77.277814
16812,28.493673,77.277814
16814,28.493673,77.277814
16815,28.493673,77.277814
16816,28.493673,77.277814
16817,28.493673,77.277814
16818,28.493673,77.277814
16819,28.493673,77.277814
16820,28.493673,77.277814
16822,28.493673,77.277814
16823,28.493673,77.277814
16824,28.493673,77.277814
16825,28.493673,77.277814
16827,28.493673,77.277814
16828,28.493673,77.277814
16829,28.493673,77.277814
16830,28.493673,77.277814
16831,28.493673,77.277814
16832,28.493673,77.277814
16833,28.493673,77.277814
31860,28.480340,77.287471
39022,28.481140,77.282574
31848,28.481774,77.288493
121097,28.483742,77.293839
47015,28.483776,77.289637
48837,28.484202,77.284176
53174,28.484202,77.284176
119810,28.484202,77.284176
119811,28.484202,77.284176
120231,28.484493,77.290796
120569,28.484493,77.290796
32422,28.486837,77.293778
120973,28.489088,77.299896
119779,28.489142,77.299604
120543,28.489142,77.299604
16794,28.490665,77.285051
121371,28.492546,77.297319
49750,28.492836,77.295606
121369,28.492836,77.295606
49742,28.493304,77.292688
49003,28.493530,77.295406
49739,28.493530,77.295406
49740,28.493530,77.295406
59464,28.493980,77.280146
59465,28.493980,77.280146
59466,28.493980,77.280146
120394,28.498988,77.293379
120724,28.498988,77.293379
120728,28.498988,77.293379
121077,28.498988,77.293379
121711,28.498988,77.293379
121713,28.498988,77.293379
121989,28.498988,77.293379
121994,28.498988,77.293379
122046,28.498988,77.293379
12166,28.480157,77.315665
37417,28.480584,77.311263
25211,28.480799,77.307981
61100,28.481041,77.311662
50925,28.481501,77.317275
14251,28.485038,77.310163
44382,28.486894,77.309833
53544,28.489911,77.304127
55570,28.493147,77.303093
27060,28.493167,77.303096
54578,28.493250,77.302970
136937,28.493250,77.302970
14060,28.493337,77.303065
51809,28.497350,77.302480
121674,28.497927,77.308749
120871,28.480345,77.336395
29217,28.489730,77.322650
29778,28.489730,77.322650
38747,28.489730,77.322650
26512,28.492147,77.324882
39266,28.492147,77.324882
39164,28.492214,77.323603
17594,28.492892,77.323827
20775,28.492892,77.323827
119683,28.498074,77.337639
119727,28.498074,77.337639
120334,28.481547,77.345458
121186,28.482564,77.340327
59481,28.492613,77.344700
59491,28.492613,77.344700
60250,28.492613,77.344700
60251,28.492613,77.344700
60252,28.492613,77.344700
60253,28.492613,77.344700
60254,28.492613,77.344700
60255,28.492613,77.344700
60605,28.492613,77.344700
60606,28.492613,77.344700
121731,28.492963,77.344749
121764,28.492963,77.344749
29832,28.497620,77.380058
29993,28.498609,77.399905
37038,28.498609,77.399905
34812,28.518760,77.018264
34674,28.502530,77.029291
14121,28.503172,77.029184
35033,28.503200,77.029714
30166,28.514697,77.034885
48579,28.514697,77.034885
27044,28.500284,77.043498
130632,28.502039,77.059698
30572,28.510672,77.048271
39468,28.512138,77.047756
31214,28.514104,77.050019
13894,28.513393,77.072276
52633,28.503487,77.096016
52796,28.503500,77.093025
49407,28.503651,77.097343
49699,28.503651,77.097343
53233,28.503788,77.094042
52442,28.506119,77.095266
29196,28.512273,77.105367
13014,28.514254,77.106686
52344,28.514896,77.112367
125361,28.514896,77.112367
32547,28.513460,77.132697
40481,28.506507,77.175454
21721,28.506783,77.174892
21722,28.506783,77.174892
11915,28.506989,77.175110
32857,28.507598,77.175385
37885,28.507687,77.175884
36207,28.514211,77.168661
12520,28.514283,77.179557
13221,28.514283,77.179557
14326,28.514283,77.179557
121966,28.516016,77.178407
121967,28.516016,77.178407
36208,28.517460,77.163255
130376,28.518389,77.167053
14172,28.518845,77.166490
33759,28.519454,77.170984
136966,28.501778,77.187944
12081,28.502952,77.181599
43606,28.511564,77.182958
45740,28.513397,77.197467
49414,28.517430,77.197598
12859,28.502364,77.211773
28770,28.504405,77.214125
53257,28.504960,77.208899
53240,28.505160,77.206294
12860,28.508650,77.217522
13869,28.508650,77.217522
14658,28.508650,77.217522
53290,28.516496,77.205747
59193,28.517186,77.201712
12143,28.519180,77.213010
12149,28.519180,77.213010
12150,28.519180,77.213010
12248,28.519180,77.213010
12524,28.519180,77.213010
12609,28.519180,77.213010
12614,28.519180,77.213010
12615,28.519180,77.213010
12693,28.519180,77.213010
12774,28.519180,77.213010
13195,28.519180,77.213010
13245,28.519180,77.213010
13717,28.519180,77.213010
14339,28.519180,77.213010
14386,28.519180,77.213010
14651,28.519180,77.213010
38567,28.519269,77.209553
13346,28.519460,77.214288
14682,28.519460,77.214288
23552,28.501131,77.234377
53241,28.501921,77.229738
12654,28.506054,77.220397
12658,28.506054,77.220397
12671,28.506054,77.220397
12739,28.506054,77.220397
12740,28.506054,77.220397
23600,28.507704,77.232200
45738,28.507704,77.232200
45807,28.507704,77.232200
139628,28.507704,77.232200
12459,28.508445,77.230456
20146,28.509310,77.230928
20678,28.509310,77.230928
136969,28.512398,77.232683
23599,28.513535,77.231175
14445,28.514415,77.228597
62556,28.515294,77.230816
17967,28.516626,77.237282
20681,28.516626,77.237282
14548,28.517288,77.232741
20685,28.518086,77.235666
17964,28.518385,77.236923
17965,28.518385,77.236923
17968,28.518385,77.236923
17971,28.518385,77.236923
17973,28.518385,77.236923
17975,28.518385,77.236923
17976,28.518385,77.236923
17984,28.518385,77.236923
17989,28.518385,77.236923
17990,28.518385,77.236923
17993,28.518385,77.236923
17997,28.518385,77.236923
56015,28.518385,77.236923
17994,28.519358,77.235845
17982,28.519537,77.239617
17987,28.519537,77.239617
20614,28.519537,77.239617
20629,28.519537,77.239617
20651,28.519537,77.239617
20662,28.519537,77.239617
12781,28.519922,77.230456
17960,28.519922,77.230456
17978,28.519922,77.230456
17980,28.519922,77.230456
17988,28.519922,77.230456
17996,28.519922,77.230456
27529,28.519922,77.230456
27744,28.519922,77.230456
44037,28.519922,77.230456
20609,28.508745,77.251480
50848,28.512088,77.249344
20633,28.512124,77.243237
20653,28.512124,77.243237
27698,28.515478,77.250490
20498,28.504884,77.273938
21841,28.504884,77.273938
26431,28.505208,77.277894
27532,28.505208,77.277894
20778,28.507109,77.269926
25993,28.517600,77.279574
25985,28.519561,77.278287
16799,28.502354,77.283065
16805,28.502354,77.283065
16806,28.502354,77.283065
16807,28.502354,77.283065
16808,28.502354,77.283065
16813,28.502354,77.283065
16821,28.502354,77.283065
16826,28.502354,77.283065
55569,28.503374,77.299733
45998,28.503531,77.284377
24646,28.504127,77.294555
24650,28.504127,77.294555
16764,28.504152,77.298696
16798,28.504152,77.298696
44168,28.509160,77.299284
23675,28.510250,77.298588
24318,28.510250,77.298588
26387,28.510250,77.298588
39056,28.510250,77.298588
39059,28.510250,77.298588
39178,28.510250,77.298588
39455,28.510250,77.298588
42941,28.510250,77.298588
43844,28.510250,77.298588
44144,28.510250,77.298588
44148,28.510250,77.298588
49492,28.510250,77.298588
50986,28.510250,77.298588
55922,28.510250,77.298588
55923,28.510250,77.298588
55924,28.510250,77.298588
55925,28.510250,77.298588
55985,28.510250,77.298588
125257,28.510250,77.298588
136982,28.510250,77.298588
42891,28.519520,77.294560
17249,28.519676,77.294522
20266,28.519676,77.294522
20270,28.519676,77.294522
35898,28.500690,77.315212
24807,28.502399,77.318095
12074,28.503774,77.302287
12795,28.503961,77.301828
13083,28.503961,77.301828
13448,28.503961,77.301828
13636,28.503961,77.301828
14041,28.503961,77.301828
21837,28.503961,77.301828
26504,28.505373,77.311622
38592,28.505373,77.311622
38859,28.505373,77.311622
38863,28.505373,77.311622
39055,28.505373,77.311622
42578,28.505373,77.311622
15941,28.510047,77.318928
25895,28.513024,77.304754
25913,28.513024,77.304754
39057,28.515283,77.310186
47931,28.515383,77.310895
120684,28.502436,77.337523
117243,28.508296,77.336903
117244,28.508296,77.336903
117245,28.508296,77.336903
117246,28.508296,77.336903
117247,28.508296,77.336903
119562,28.508296,77.336903
119563,28.508296,77.336903
119564,28.508296,77.336903
121163,28.508296,77.336903
121164,28.508296,77.336903
121165,28.508296,77.336903
121166,28.508296,77.336903
121167,28.508296,77.336903
12723,28.510124,77.337369
14039,28.510655,77.329571
122001,28.510943,77.337039
29812,28.518765,77.371178
37664,28.501543,77.386591
13017,28.528935,77.055007
139616,28.532572,77.053045
40096,28.526127,77.079966
40169,28.526127,77.079966
125147,28.526127,77.079966
13335,28.521368,77.081970
13434,28.521368,77.081970
13766,28.521368,77.081970
34172,28.521429,77.099519
29097,28.521447,77.081907
46971,28.521447,77.081907
47395,28.521447,77.081907
47409,28.521447,77.081907
47648,28.521447,77.081907
13011,28.522534,77.098609
13066,28.522534,77.098609
52411,28.522784,77.099132
12867,28.523190,77.081790
12918,28.523190,77.081790
13036,28.523190,77.081790
13681,28.523190,77.081790
13769,28.523190,77.081790
13774,28.523190,77.081790
22057,28.523901,77.084641
47410,28.528993,77.087032
55082,28.538265,77.091846
34168,28.528443,77.103371
34171,28.528668,77.104497
12507,28.536075,77.113308
12523,28.536075,77.113308
12533,28.536075,77.113308
12534,28.536075,77.113308
12934,28.536075,77.113308
13454,28.536075,77.113308
54034,28.538390,77.139440
13394,28.525709,77.154210
15350,28.526910,77.149595
15591,28.526910,77.149595
12183,28.527335,77.151545
12909,28.527335,77.151545
13220,28.527335,77.151545
13295,28.527335,77.151545
13297,28.527335,77.151545
13528,28.527335,77.151545
13702,28.527335,77.151545
13775,28.527335,77.151545
14578,28.527335,77.151545
14676,28.527335,77.151545
14965,28.527335,77.151545
15341,28.527335,77.151545
15508,28.527335,77.151545
15596,28.527335,77.151545
15947,28.527335,77.151545
21787,28.527335,77.151545
54539,28.527412,77.158582
20788,28.528278,77.147747
12707,28.528944,77.152111
24840,28.529312,77.148444
26063,28.529312,77.148444
26123,28.529312,77.148444
26126,28.529312,77.148444
34057,28.529312,77.148444
34378,28.529312,77.148444
35285,28.529312,77.148444
36206,28.529312,77.148444
41374,28.529312,77.148444
41617,28.529312,77.148444
136983,28.529312,77.148444
39467,28.532469,77.144230
12926,28.534437,77.142021
36514,28.535150,77.141634
36205,28.538459,77.151902
33765,28.520464,77.178666
35108,28.520464,77.178666
49151,28.520464,77.178666
124531,28.520488,77.178687
17584,28.521208,77.178983
53528,28.538403,77.165896
54039,28.539804,77.166405
54061,28.539804,77.166405
54520,28.539804,77.166405
13009,28.522809,77.181474
13502,28.522809,77.181474
13777,28.522809,77.181474
11966,28.522906,77.197759
12516,28.523896,77.190902
12525,28.523896,77.190902
12527,28.523896,77.190902
12914,28.523896,77.190902
12925,28.523896,77.190902
12927,28.523896,77.190902
13038,28.523896,77.190902
13040,28.523896,77.190902
13063,28.523896,77.190902
13156,28.523896,77.190902
13553,28.523896,77.190902
13590,28.523896,77.190902
13595,28.523896,77.190902
13599,28.523896,77.190902
13603,28.523896,77.190902
13667,28.523896,77.190902
13668,28.523896,77.190902
13669,28.523896,77.190902
13676,28.523896,77.190902
13677,28.523896,77.190902
13679,28.523896,77.190902
13706,28.523896,77.190902
13726,28.523896,77.190902
13762,28.523896,77.190902
13770,28.523896,77.190902
13771,28.523896,77.190902
13773,28.523896,77.190902
13845,28.523896,77.190902
14062,28.523896,77.190902
21166,28.524428,77.185456
14655,28.524459,77.185290
25417,28.524475,77.185521
49910,28.524475,77.185521
21188,28.524805,77.186143
15879,28.525918,77.185443
53236,28.527353,77.184628
53288,28.527585,77.185099
111592,28.527585,77.185099
14708,28.527782,77.194167
122926,28.528596,77.190540
30994,28.533476,77.199556
40932,28.533476,77.199556
13076,28.538389,77.198897
54128,28.538451,77.184622
150687,28.538566,77.188901
53160,28.520376,77.203081
26445,28.520488,77.201508
26759,28.520488,77.201508
29400,28.520488,77.201508
31455,28.520488,77.201508
31456,28.520488,77.201508
40478,28.520488,77.201508
47704,28.520488,77.201508
48786,28.520488,77.201508
15991,28.520506,77.201510
23601,28.520542,77.201458
12678,28.520574,77.202109
12440,28.520598,77.201381
53258,28.520639,77.203099
25845,28.520828,77.200841
39177,28.520828,77.200841
51133,28.520928,77.201034
53287,28.521130,77.202180
55229,28.521130,77.202180
55638,28.521130,77.202180
136980,28.521196,77.210209
51121,28.521717,77.208855
23612,28.522097,77.210153
25739,28.522097,77.210153
27509,28.522097,77.210153
32500,28.522097,77.210153
34683,28.522097,77.210153
35895,28.522097,77.210153
39085,28.522097,77.210153
45831,28.522097,77.210153
48541,28.522097,77.210153
49433,28.522097,77.210153
53301,28.522097,77.210153
53529,28.522097,77.210153
54471,28.522097,77.210153
55172,28.522097,77.210153
55663,28.522097,77.210153
125162,28.522097,77.210153
31829,28.522383,77.208535
49159,28.522583,77.207691
21329,28.522825,77.206465
47043,28.523112,77.215656
39127,28.523441,77.214350
46427,28.523641,77.210183
20925,28.523938,77.206701
31301,28.524545,77.204182
14977,28.524579,77.206615
15335,28.524579,77.206615
15355,28.524579,77.206615
15403,28.524579,77.206615
15615,28.524579,77.206615
15619,28.524579,77.206615
16689,28.524579,77.206615
16766,28.524579,77.206615
21079,28.524579,77.206615
21763,28.524579,77.206615
21786,28.524579,77.206615
26605,28.525159,77.205642
25436,28.527310,77.213072
53178,28.527334,77.219241
62371,28.527743,77.205660
54675,28.527827,77.216687
111556,28.528170,77.205712
13736,28.528173,77.205654
15592,28.528173,77.205654
137040,28.528406,77.218254
48341,28.528447,77.219215
27681,28.528852,77.219544
49476,28.528852,77.219544
25718,28.529051,77.204899
15328,28.529159,77.210695
15606,28.529159,77.210695
28642,28.529159,77.210695
37440,28.529159,77.210695
16650,28.529329,77.218765
13319,28.529931,77.218287
13558,28.529931,77.218287
13703,28.529931,77.218287
35053,28.530214,77.218831
28063,28.530816,77.216804
42461,28.530816,77.216804
20646,28.530923,77.212467
42301,28.531051,77.207940
16547,28.532251,77.216804
13870,28.533520,77.210886
14092,28.533520,77.210886
14573,28.533520,77.210886
15351,28.533520,77.210886
15484,28.533520,77.210886
16660,28.533520,77.210886
16687,28.533520,77.210886
20654,28.533520,77.210886
22149,28.533520,77.210886
12691,28.534009,77.216444
12182,28.534197,77.214648
12206,28.534197,77.214648
12424,28.534197,77.214648
12431,28.534197,77.214648
12901,28.534197,77.214648
12904,28.534197,77.214648
26886,28.534233,77.209447
31245,28.534233,77.209447
31457,28.534233,77.209447
34738,28.534233,77.209447
38112,28.534233,77.209447
39139,28.534233,77.209447
39666,28.534233,77.209447
42671,28.534233,77.209447
42735,28.534233,77.209447
42758,28.534233,77.209447
45287,28.534233,77.209447
45289,28.534233,77.209447
45290,28.534233,77.209447
45416,28.534233,77.209447
45531,28.534233,77.209447
45923,28.534233,77.209447
49441,28.534233,77.209447
55283,28.534233,77.209447
57196,28.534233,77.209447
152939,28.534233,77.209447
28663,28.535326,77.213794
20782,28.535476,77.208116
13261,28.535907,77.216200
13262,28.535907,77.216200
46185,28.536359,77.218965
30430,28.536664,77.211816
47574,28.536664,77.211816
12068,28.536947,77.217163
12113,28.536947,77.217163
12133,28.536947,77.217163
12319,28.536947,77.217163
12716,28.536947,77.217163
12466,28.520741,77.239078
12782,28.520741,77.239078
17568,28.520741,77.239078
17959,28.520741,77.239078
17961,28.520741,77.239078
17962,28.520741,77.239078
17966,28.520741,77.239078
17970,28.520741,77.239078
17972,28.520741,77.239078
17974,28.520741,77.239078
17985,28.520741,77.239078
17995,28.520741,77.239078
17999,28.520741,77.239078
18000,28.520741,77.239078
20613,28.520741,77.239078
20620,28.520741,77.239078
20664,28.520741,77.239078
20648,28.520836,77.230636
20655,28.520836,77.230636
20658,28.520836,77.230636
20661,28.520836,77.230636
20677,28.520836,77.230636
20679,28.520836,77.230636
41384,28.520971,77.239852
18001,28.521237,77.232971
17969,28.521510,77.235845
17977,28.521510,77.235845
20625,28.521510,77.235845
17979,28.521715,77.238001
17981,28.521715,77.238001
17998,28.521715,77.238001
20611,28.521715,77.238001
20612,28.521715,77.238001
20628,28.521715,77.238001
41859,28.522652,77.238970
42338,28.522652,77.238970
47103,28.522652,77.238970
47104,28.522652,77.238970
20147,28.522834,77.237018
20145,28.522985,77.236654
29846,28.523303,77.231838
20148,28.523400,77.236954
20143,28.523400,77.237169
20144,28.523400,77.237169
16001,28.523642,77.222522
21131,28.523642,77.222522
37213,28.523642,77.222523
38582,28.523745,77.236910
17991,28.523933,77.237823
17992,28.523933,77.237823
20610,28.523933,77.237823
20615,28.523933,77.237823
20618,28.523933,77.237823
20619,28.523933,77.237823
20630,28.523933,77.237823
20631,28.523933,77.237823
20645,28.523933,77.237823
20663,28.523933,77.237823
13473,28.524270,77.221969
23611,28.525148,77.232612
14246,28.527840,77.233106
14247,28.527840,77.233106
14306,28.527840,77.233106
23295,28.527926,77.220591
25865,28.529161,77.221683
12419,28.533016,77.227353
12421,28.533016,77.227353
12422,28.533016,77.227353
12427,28.533016,77.227353
45491,28.533092,77.227632
139625,28.533092,77.227632
12655,28.533994,77.227582
12672,28.533994,77.227582
12673,28.533994,77.227582
12680,28.533994,77.227582
12681,28.533994,77.227582
12689,28.533994,77.227582
12706,28.533994,77.227582
12659,28.534187,77.231537
53268,28.534937,77.227322
12036,28.536316,77.221834
12138,28.536316,77.221834
12140,28.536316,77.221834
12147,28.536316,77.221834
12177,28.536316,77.221834
12178,28.536316,77.221834
12185,28.536316,77.221834
12456,28.536316,77.221834
12458,28.536316,77.221834
12462,28.536316,77.221834
13316,28.536316,77.221834
13420,28.536316,77.221834
22154,28.536316,77.221834
27493,28.536316,77.221834
53304,28.536316,77.221834
12321,28.536503,77.220037
12656,28.536503,77.220037
12657,28.536503,77.220037
12702,28.536503,77.220037
12703,28.536503,77.220037
12705,28.536503,77.220037
21805,28.537311,77.234091
53270,28.537514,77.230380
14709,28.537632,77.228286
23577,28.537632,77.228286
23583,28.537632,77.228286
23605,28.537632,77.228286
25402,28.537632,77.228286
33096,28.537632,77.228286
54776,28.537632,77.228286
55190,28.537632,77.228286
41506,28.537851,77.230412
54554,28.538633,77.224805
48091,28.538667,77.239863
21843,28.538672,77.239865
12465,28.539082,77.228301
13759,28.539082,77.228301
27740,28.520524,77.257054
53532,28.520524,77.257054
20616,28.522043,77.240702
20617,28.522043,77.240702
20621,28.522043,77.240702
20622,28.522043,77.240702
20623,28.522043,77.240702
20624,28.522043,77.240702
20626,28.522043,77.240702
20627,28.522043,77.240702
20649,28.522043,77.240702
20650,28.522043,77.240702
20680,28.522043,77.240702
20682,28.522043,77.240702
20683,28.522043,77.240702
20684,28.522043,77.240702
20686,28.522043,77.240702
20687,28.522043,77.240702
21846,28.526153,77.254525
27856,28.527635,77.259898
53537,28.527984,77.246849
26101,28.527984,77.247991
26376,28.527984,77.247991
12664,28.530441,77.250573
21865,28.530441,77.250573
27845,28.530978,77.252856
11974,28.533555,77.249610
20472,28.533584,77.252987
15493,28.533831,77.242850
48725,28.533956,77.242868
15336,28.535360,77.241952
15616,28.535360,77.241952
16765,28.535360,77.241952
21730,28.535360,77.241952
21842,28.535360,77.241952
33496,28.535360,77.241952
34414,28.535360,77.241952
29773,28.535480,77.257651
20959,28.536629,77.253212
15659,28.537420,77.259727
16751,28.537420,77.259727
21847,28.537420,77.259727
30964,28.538142,77.240004
45285,28.539784,77.248973
45837,28.539784,77.248973
47011,28.539784,77.248973
52281,28.539784,77.248973
53300,28.539784,77.248973
32284,28.539952,77.259158
32766,28.539952,77.259158
47319,28.539952,77.259158
47523,28.539952,77.259158
50280,28.539952,77.259158
50487,28.539952,77.259158
53204,28.539952,77.259158
54158,28.539952,77.259158
136977,28.525684,77.279440
26893,28.526538,77.262090
27857,28.526538,77.262090
44166,28.527459,77.274907
29775,28.527612,77.260451
27055,28.534673,77.268219
14986,28.535438,77.263933
14987,28.535438,77.263933
25360,28.535438,77.263933
27993,28.535438,77.263933
45779,28.535438,77.263933
47256,28.535438,77.263933
26454,28.535763,77.276433
43915,28.520992,77.286128
47929,28.522336,77.284897
55707,28.522336,77.284897
55900,28.522336,77.284897
51806,28.527720,77.292856
16004,28.527958,77.289785
16553,28.527958,77.289785
17250,28.528555,77.288373
13356,28.528782,77.288256
13366,28.528782,77.288256
13378,28.528782,77.288256
44224,28.530020,77.294763
25334,28.530781,77.293998
25337,28.530781,77.293998
25340,28.530781,77.293998
25353,28.530781,77.293998
25363,28.530781,77.293998
27590,28.530781,77.293998
27593,28.530781,77.293998
27790,28.530781,77.293998
27826,28.530781,77.293998
44170,28.530781,77.293998
50145,28.530781,77.293998
51826,28.530781,77.293998
54010,28.530833,77.293489
13278,28.531656,77.293669
26869,28.535772,77.295465
26877,28.535772,77.295465
27301,28.535772,77.295465
20271,28.536441,77.292467
17477,28.538155,77.283202
20351,28.520784,77.308084
150674,28.532614,77.300402
43712,28.538166,77.305461
44169,28.538166,77.305461
29935,28.538866,77.339621
41017,28.538866,77.339621
41018,28.538866,77.339621
31902,28.539775,77.349665
36287,28.521282,77.389143
43224,28.525103,77.388140
22125,28.526489,77.383652
13884,28.529377,77.391295
31118,28.529377,77.391295
30961,28.532020,77.384460
41422,28.532205,77.395027
54330,28.532224,77.383402
45171,28.532230,77.388064
25682,28.533208,77.389331
25670,28.533536,77.388932
53586,28.533776,77.391104
29949,28.533824,77.387261
38714,28.534136,77.392530
22126,28.534312,77.394380
53259,28.534404,77.394996
39301,28.535478,77.391027
12142,28.535516,77.391026
12302,28.535516,77.391026
12369,28.535516,77.391026
12388,28.535516,77.391026
12522,28.535516,77.391026
12903,28.535516,77.391026
13219,28.535516,77.391026
13524,28.535516,77.391026
13683,28.535516,77.391026
13978,28.535516,77.391026
14227,28.535516,77.391026
14328,28.535516,77.391026
14569,28.535516,77.391026
14577,28.535516,77.391026
14594,28.535516,77.391026
14597,28.535516,77.391026
14598,28.535516,77.391026
14600,28.535516,77.391026
15147,28.535516,77.391026
15771,28.535516,77.391026
16513,28.535516,77.391026
16544,28.535516,77.391026
20428,28.535516,77.391026
22118,28.535516,77.391026
25212,28.535516,77.391027
25315,28.535516,77.391027
25677,28.535516,77.391027
25956,28.535516,77.391027
26029,28.535516,77.391027
26615,28.535516,77.391027
26902,28.535516,77.391027
27106,28.535516,77.391027
27111,28.535516,77.391027
27321,28.535516,77.391027
27331,28.535516,77.391027
27516,28.535516,77.391027
28007,28.535516,77.391027
28344,28.535516,77.391027
28367,28.535516,77.391027
28554,28.535516,77.391027
28759,28.535516,77.391027
28985,28.535516,77.391027
29150,28.535516,77.391027
29152,28.535516,77.391027
29596,28.535516,77.391027
29849,28.535516,77.391027
29879,28.535516,77.391027
29880,28.535516,77.391027
29882,28.535516,77.391027
29884,28.535516,77.391027
29886,28.535516,77.391027
29887,28.535516,77.391027
29926,28.535516,77.391027
29970,28.535516,77.391027
29990,28.535516,77.391027
30036,28.535516,77.391027
30171,28.535516,77.391027
30192,28.535516,77.391027
30447,28.535516,77.391027
30448,28.535516,77.391027
30584,28.535516,77.391027
30744,28.535516,77.391027
30746,28.535516,77.391027
30751,28.535516,77.391027
30757,28.535516,77.391027
30758,28.535516,77.391027
30759,28.535516,77.391027
30764,28.535516,77.391027
30770,28.535516,77.391027
30771,28.535516,77.391027
30836,28.535516,77.391027
30837,28.535516,77.391027
30838,28.535516,77.391027
30877,28.535516,77.391027
30904,28.535516,77.391027
30905,28.535516,77.391027
30906,28.535516,77.391027
30907,28.535516,77.391027
30908,28.535516,77.391027
30983,28.535516,77.391027
30996,28.535516,77.391027
31016,28.535516,77.391027
31545,28.535516,77.391027
31852,28.535516,77.391027
31980,28.535516,77.391027
32174,28.535516,77.391027
33031,28.535516,77.391027
33348,28.535516,77.391027
34537,28.535516,77.391027
34896,28.535516,77.391027
34926,28.535516,77.391027
34938,28.535516,77.391027
35110,28.535516,77.391027
35172,28.535516,77.391027
35468,28.535516,77.391027
35872,28.535516,77.391027
36666,28.535516,77.391027
36900,28.535516,77.391027
37036,28.535516,77.391027
37966,28.535516,77.391027
38441,28.535516,77.391027
39269,28.535516,77.391027
39735,28.535516,77.391027
40427,28.535516,77.391027
40629,28.535516,77.391027
41345,28.535516,77.391027
41346,28.535516,77.391027
41347,28.535516,77.391027
41348,28.535516,77.391027
41648,28.535516,77.391027
41703,28.535516,77.391027
42851,28.535516,77.391027
43201,28.535516,77.391027
43517,28.535516,77.391027
43615,28.535516,77.391027
43713,28.535516,77.391027
43843,28.535516,77.391027
44171,28.535516,77.391027
45045,28.535516,77.391027
45180,28.535516,77.391027
45331,28.535516,77.391027
45471,28.535516,77.391027
45478,28.535516,77.391027
45573,28.535516,77.391027
45596,28.535516,77.391027
45840,28.535516,77.391027
45853,28.535516,77.391027
47116,28.535516,77.391027
48599,28.535516,77.391027
48602,28.535516,77.391027
48681,28.535516,77.391027
49543,28.535516,77.391027
51035,28.535516,77.391027
51482,28.535516,77.391027
51686,28.535516,77.391027
52981,28.535516,77.391027
53224,28.535516,77.391027
54893,28.535516,77.391027
54894,28.535516,77.391027
55146,28.535516,77.391027
122883,28.535516,77.391027
123785,28.535516,77.391027
124030,28.535516,77.391027
134478,28.535516,77.391027
44172,28.535834,77.391058
12748,28.535902,77.392013
36283,28.536473,77.390981
20762,28.536883,77.392034
41548,28.537034,77.391126
20272,28.538758,77.391906
38969,28.538842,77.389531
55145,28.539751,77.392911
36573,28.539845,77.388784
40934,28.552175,76.939820
39658,28.544195,77.034857
111580,28.546841,77.032845
16125,28.557235,77.036297
16126,28.557235,77.036297
45454,28.542717,77.049250
16057,28.548603,77.053424
16187,28.549751,77.058331
40477,28.552206,77.058305
40667,28.552206,77.058305
30579,28.552217,77.058222
30922,28.552217,77.058222
21134,28.552255,77.058580
14404,28.552322,77.058383
16063,28.552322,77.058383
21346,28.552484,77.058406
53573,28.552849,77.059130
54078,28.552849,77.059130
54321,28.552849,77.059130
54506,28.552849,77.059130
132127,28.552849,77.059130
39749,28.554280,77.057420
13635,28.557887,77.057885
13007,28.555575,77.063642
16094,28.555575,77.063642
16233,28.555575,77.063642
16287,28.555575,77.063642
16308,28.555575,77.063642
24628,28.555084,77.084402
55394,28.555084,77.084402
41915,28.556144,77.099957
125184,28.556144,77.099962
15497,28.556162,77.099958
16664,28.556162,77.099958
35013,28.556162,77.099958
39113,28.556162,77.099958
39653,28.556162,77.099958
40362,28.556162,77.099958
40517,28.556162,77.099958
40723,28.556162,77.099958
43603,28.556162,77.099958
46030,28.556162,77.099958
48905,28.556162,77.099958
13060,28.542526,77.118536
30725,28.541590,77.126944
13062,28.544869,77.128134
21809,28.544869,77.128134
12257,28.544869,77.128135
12502,28.544869,77.128135
12504,28.544869,77.128135
12505,28.544869,77.128135
12509,28.544869,77.128135
12510,28.544869,77.128135
12514,28.544869,77.128135
12515,28.544869,77.128135
12521,28.544869,77.128135
13027,28.544869,77.128135
13078,28.544869,77.128135
14107,28.544869,77.128135
14557,28.544869,77.128135
33100,28.544869,77.128135
33769,28.544869,77.128135
33772,28.544869,77.128135
42072,28.544869,77.128135
45145,28.544869,77.128135
45149,28.544869,77.128135
47048,28.544869,77.128135
48713,28.544869,77.128135
51181,28.544869,77.128135
55157,28.544869,77.128135
124243,28.544869,77.128135
124603,28.544869,77.128135
130346,28.544869,77.128135
135705,28.544869,77.128135
136991,28.544869,77.128135
36608,28.545949,77.128783
124674,28.546688,77.133068
55801,28.548376,77.120761
43393,28.549642,77.121191
53735,28.549642,77.121191
45751,28.553487,77.132866
13539,28.541158,77.155062
24953,28.541247,77.155167
26378,28.541247,77.155167
53006,28.541424,77.155113
27716,28.541517,77.155125
12919,28.541714,77.157661
13034,28.541714,77.157661
13064,28.541714,77.157661
47533,28.542349,77.156319
30556,28.543600,77.156800
15600,28.544071,77.152830
15614,28.544071,77.152830
52476,28.546228,77.147901
12924,28.557390,77.157144
13006,28.557390,77.157144
13152,28.557390,77.157144
13153,28.557390,77.157144
13442,28.557390,77.157144
14310,28.557390,77.157144
14449,28.557390,77.157144
14460,28.557390,77.157144
52704,28.559137,77.153234
24540,28.540223,77.166215
54066,28.543306,77.167803
54062,28.545744,77.163993
14178,28.547579,77.174021
51644,28.547819,77.167140
54031,28.547819,77.167140
54032,28.547819,77.167140
54576,28.547819,77.167140
44139,28.549238,77.169366
54063,28.551452,77.169575
54040,28.551663,77.169236
54041,28.551846,77.169293
54064,28.551846,77.169293
16681,28.551929,77.173140
13562,28.552350,77.165070
15324,28.553212,77.174482
15485,28.553212,77.174482
15595,28.553212,77.174482
15603,28.553212,77.174482
15647,28.553212,77.174482
16661,28.553212,77.174482
20331,28.553212,77.174482
21782,28.553212,77.174482
22121,28.553212,77.174482
25494,28.553220,77.174507
26946,28.553220,77.174507
35432,28.553220,77.174507
55631,28.553220,77.174507
39337,28.553673,77.176567
12649,28.554601,77.172961
12650,28.554601,77.172961
13010,28.554601,77.172961
13105,28.554601,77.172961
13110,28.554601,77.172961
13260,28.554601,77.172961
13328,28.554601,77.172961
13359,28.554601,77.172961
13418,28.554601,77.172961
13419,28.554601,77.172961
13431,28.554601,77.172961
13560,28.554601,77.172961
13784,28.554601,77.172961
13789,28.554601,77.172961
13793,28.554601,77.172961
13801,28.554601,77.172961
14238,28.554601,77.172961
14315,28.554601,77.172961
14444,28.554601,77.172961
14448,28.554601,77.172961
14457,28.554601,77.172961
14459,28.554601,77.172961
14641,28.554601,77.172961
20787,28.555662,77.175834
24954,28.556755,77.174169
39990,28.556755,77.174169
16663,28.557249,77.173612
12652,28.557296,77.172523
48581,28.558104,77.161399
39937,28.558373,77.171163
20794,28.559588,77.166341
15331,28.541122,77.189493
15609,28.541122,77.189493
39412,28.544389,77.192712
125166,28.545718,77.192768
48416,28.546208,77.196643
49163,28.546241,77.196726
41171,28.547235,77.196889
13257,28.547328,77.192161
28370,28.549564,77.180888
54678,28.549564,77.180888
12226,28.549764,77.197400
12584,28.549764,77.197400
12945,28.549764,77.197400
13468,28.549764,77.197400
14549,28.549764,77.197400
14667,28.549764,77.197400
15332,28.550223,77.181910
15333,28.550223,77.181910
15610,28.550223,77.181910
15611,28.550223,77.181910
11854,28.550471,77.198716
15496,28.550864,77.181559
13127,28.552838,77.183952
21864,28.552985,77.196880
22058,28.553103,77.193480
21133,28.553137,77.193476
21829,28.553400,77.194165
21853,28.553400,77.194165
21854,28.553400,77.194165
22064,28.553400,77.194165
24391,28.553400,77.194165
29278,28.553400,77.194165
33761,28.553400,77.194165
34652,28.553400,77.194165
35123,28.553400,77.194165
35660,28.553400,77.194165
42535,28.553400,77.194165
51682,28.553400,77.194165
13211,28.553654,77.193579
12186,28.554416,77.195423
12625,28.554416,77.195423
14380,28.554416,77.195423
14985,28.554416,77.195423
12271,28.554952,77.191650
13357,28.554952,77.191650
13389,28.554952,77.191650
32897,28.554952,77.191650
55224,28.554952,77.191650
36270,28.555850,77.193926
48977,28.540922,77.202431
51327,28.540922,77.202431
24986,28.541467,77.202740
28077,28.541506,77.216085
28224,28.541506,77.216085
45843,28.541506,77.216085
11928,28.542511,77.207821
14055,28.542767,77.206743
13559,28.543218,77.213395
54470,28.543257,77.202506
125077,28.543328,77.203808
15353,28.543347,77.206672
15594,28.543347,77.206672
54645,28.543363,77.206850
33397,28.543435,77.214475
21318,28.543444,77.206344
150688,28.543939,77.206247
26610,28.543950,77.206240
38887,28.543950,77.206240
53730,28.543950,77.206240
55293,28.543950,77.206240
12063,28.543968,77.205074
12956,28.546095,77.209065
43171,28.546147,77.202397
54325,28.547740,77.201965
43735,28.547753,77.203304
24747,28.547890,77.203125
26549,28.547890,77.203125
26850,28.547890,77.203125
33848,28.547890,77.203125
34122,28.547890,77.203125
34125,28.547890,77.203125
35250,28.547890,77.203125
37503,28.547890,77.203125
38424,28.547890,77.203125
38764,28.547890,77.203125
40480,28.547890,77.203125
40876,28.547890,77.203125
40984,28.547890,77.203125
41083,28.547890,77.203125
42469,28.547890,77.203125
42616,28.547890,77.203125
44564,28.547890,77.203125
46003,28.547890,77.203125
46852,28.547890,77.203125
47114,28.547890,77.203125
47482,28.547890,77.203125
47484,28.547890,77.203125
47488,28.547890,77.203125
47573,28.547890,77.203125
47942,28.547890,77.203125
49493,28.547890,77.203125
51948,28.547890,77.203125
52498,28.547890,77.203125
53808,28.547890,77.203125
54169,28.547890,77.203125
57193,28.547890,77.203125
57194,28.547890,77.203125
135707,28.547890,77.203125
15343,28.549051,77.213814
15598,28.549051,77.213814
37697,28.549051,77.213814
15580,28.549449,77.200137
15604,28.549449,77.200137
15978,28.549449,77.200137
21770,28.549449,77.200137
21775,28.549449,77.200137
21860,28.549449,77.200137
21866,28.549449,77.200137
21867,28.549449,77.200137
21868,28.549449,77.200137
21870,28.549449,77.200137
53124,28.550583,77.214799
52486,28.551014,77.206142
16700,28.551287,77.206979
12058,28.551637,77.207641
15465,28.552167,77.207475
55577,28.554227,77.212635
55291,28.554868,77.210881
25193,28.554977,77.219073
25348,28.554977,77.219073
33679,28.554977,77.219073
35182,28.554977,77.219073
37048,28.554977,77.219073
47101,28.554977,77.219073
47344,28.554977,77.219073
48499,28.554977,77.219073
51488,28.554977,77.219073
53142,28.554977,77.219073
55579,28.554977,77.219073
126342,28.554977,77.219073
32533,28.555170,77.201814
32541,28.555170,77.201814
33629,28.555170,77.201814
31719,28.555179,77.207296
36159,28.555609,77.218002
47559,28.555712,77.214928
13851,28.555814,77.216345
33945,28.555931,77.216834
49104,28.555931,77.216834
125135,28.556078,77.216747
125136,28.556078,77.216747
36696,28.557210,77.212789
13151,28.557621,77.204587
13168,28.557621,77.204587
13204,28.557621,77.204587
14472,28.557621,77.204587
20845,28.557714,77.201328
47047,28.557986,77.206974
47346,28.557986,77.206974
55187,28.557986,77.206974
55188,28.557986,77.206974
55578,28.557986,77.206974
55580,28.557986,77.206974
55581,28.557986,77.206974
150685,28.558262,77.206597
27534,28.558449,77.202938
29643,28.558449,77.202938
31370,28.558449,77.202938
32544,28.558449,77.202938
34591,28.558449,77.202938
47940,28.558449,77.202938
47941,28.558449,77.202938
51489,28.558449,77.202938
55362,28.558449,77.202938
12095,28.558680,77.208180
45185,28.559090,77.206435
125390,28.541859,77.229844
20774,28.542824,77.239548
21784,28.542824,77.239548
29696,28.543694,77.239078
22722,28.547367,77.226296
12038,28.547860,77.237641
12402,28.547860,77.237641
18725,28.548064,77.224708
18726,28.548064,77.224708
26394,28.548202,77.238016
35091,28.548202,77.238016
46674,28.548202,77.238016
12272,28.550916,77.235845
12587,28.550916,77.235845
12105,28.551753,77.233330
12109,28.551753,77.233330
12661,28.551753,77.233330
13499,28.551753,77.233330
13506,28.551753,77.233330
12660,28.552539,77.234049
47113,28.553514,77.228073
15575,28.553973,77.234049
20932,28.555345,77.222140
41383,28.555532,77.225793
15337,28.555533,77.233732
15617,28.555533,77.233732
15817,28.555533,77.233732
15989,28.555533,77.233732
27683,28.555587,77.225559
26011,28.556473,77.225173
41781,28.556747,77.224401
41782,28.556781,77.224440
12106,28.556841,77.234049
14111,28.556841,77.234049
41287,28.556885,77.232826
12111,28.557115,77.236923
28296,28.559487,77.227942
13210,28.559742,77.237911
39730,28.559838,77.237379
47944,28.559838,77.237379
16560,28.540020,77.254994
27810,28.540136,77.248660
23595,28.540139,77.254763
23596,28.540139,77.254763
21173,28.540153,77.254470
39642,28.540868,77.256426
32178,28.542179,77.256701
31077,28.542265,77.253705
11848,28.542735,77.259194
12677,28.543436,77.255243
12688,28.543436,77.255243
12698,28.543436,77.255243
12285,28.543761,77.254884
12425,28.543761,77.254884
12633,28.543761,77.254884
12849,28.543761,77.254884
12961,28.543761,77.254884
12139,28.547428,77.249394
14312,28.547428,77.249394
12574,28.547512,77.249499
13390,28.547512,77.249499
14634,28.547647,77.256243
12911,28.548305,77.252997
134028,28.549450,77.259220
26430,28.550096,77.256734
32003,28.550096,77.256734
42067,28.550096,77.256734
24756,28.550331,77.250189
24948,28.550331,77.250189
25750,28.550331,77.250189
27110,28.550331,77.250189
27488,28.550331,77.250189
27747,28.550331,77.250189
28039,28.550331,77.250189
33625,28.550331,77.250189
38799,28.550331,77.250189
48216,28.550331,77.250189
52270,28.550331,77.250189
62515,28.550331,77.250189
125168,28.550331,77.250189
57237,28.550548,77.258143
12093,28.550796,77.253447
12098,28.550796,77.253447
13291,28.550796,77.253447
53323,28.550818,77.250843
55361,28.551347,77.251703
11837,28.551478,77.251543
12592,28.553460,77.242581
13533,28.553460,77.242581
14537,28.553460,77.242581
24412,28.553460,77.242581
31794,28.553460,77.242581
31797,28.553460,77.242581
47494,28.553460,77.242581
51961,28.553460,77.242581
124798,28.553460,77.242581
27274,28.553492,77.258826
130410,28.553492,77.258826
21737,28.553625,77.242019
12092,28.553664,77.241905
27375,28.554178,77.251292
40504,28.555540,77.241647
12662,28.557046,77.251292
17618,28.558144,77.245817
33623,28.558346,77.253083
43460,28.558346,77.253083
47065,28.540856,77.261862
54580,28.544278,77.264432
16545,28.544386,77.264312
16546,28.544386,77.264312
20647,28.544386,77.264312
21742,28.544386,77.264312
21744,28.544386,77.264312
32109,28.544612,77.264181
55955,28.544612,77.264181
39093,28.545514,77.273060
55432,28.549845,77.260725
125029,28.551308,77.266920
55705,28.557017,77.276286
25357,28.558283,77.264081
48247,28.558656,77.264398
54664,28.558777,77.279371
12311,28.559406,77.265548
47956,28.559644,77.274664
25495,28.559927,77.267486
25689,28.559927,77.267486
26230,28.559927,77.267486
48727,28.559927,77.267486
14935,28.541224,77.295390
48859,28.543961,77.291380
48654,28.545148,77.290993
14250,28.547029,77.289361
54775,28.549890,77.299968
20791,28.550756,77.292040
27581,28.551337,77.296996
12124,28.553534,77.299175
124813,28.553853,77.295553
42554,28.554987,77.290079
50144,28.554987,77.290079
55902,28.554987,77.290079
14318,28.556150,77.287206
14236,28.557464,77.289720
14317,28.557856,77.290079
50282,28.558623,77.292246
54777,28.558926,77.281607
49507,28.559238,77.293310
27190,28.542835,77.310175
12720,28.543248,77.303572
55901,28.543330,77.310341
29194,28.544521,77.306926
42076,28.544521,77.306926
42106,28.544521,77.306926
54674,28.544734,77.308859
41613,28.547090,77.305159
50142,28.547090,77.305159
30881,28.541374,77.336658
55680,28.541374,77.336658
15329,28.542778,77.333263
15607,28.542778,77.333263
43215,28.543224,77.336391
28162,28.543793,77.331007
44140,28.543850,77.337442
28505,28.543911,77.333109
30156,28.543911,77.333109
38417,28.543911,77.333109
41498,28.543911,77.333109
15410,28.544054,77.333209
15983,28.544054,77.333213
15986,28.544054,77.333213
15988,28.544054,77.333213
16551,28.544054,77.333213
16696,28.544054,77.333213
16777,28.544054,77.333213
15327,28.544587,77.333139
15605,28.544587,77.333139
36105,28.552864,77.321650
45191,28.554109,77.328144
45257,28.554109,77.328144
54332,28.548781,77.346030
14186,28.559614,77.348321
30896,28.542019,77.370246
30160,28.544832,77.368691
35368,28.550289,77.361873
16771,28.555918,77.368332
41079,28.558488,77.376585
27182,28.559058,77.375706
34553,28.559172,77.371086
34521,28.559978,77.373356
53901,28.540681,77.393172
29817,28.541810,77.387628
27325,28.541913,77.388143
28160,28.541913,77.388143
54910,28.541913,77.388143
26361,28.556062,77.385018
42788,28.574771,77.026130
16298,28.560721,77.059718
16236,28.563343,77.055007
16237,28.563343,77.055007
54496,28.574902,77.048531
16053,28.575490,77.054272
16160,28.575549,77.047811
16238,28.575549,77.047811
16240,28.575549,77.047811
21164,28.578800,77.059094
16304,28.579099,77.059219
16232,28.579202,77.059207
16369,28.565622,77.067015
16370,28.565622,77.067015
16371,28.565622,77.067015
16372,28.565622,77.067015
16373,28.565622,77.067015
16374,28.565622,77.067015
16375,28.565622,77.067015
16376,28.565622,77.067015
16377,28.565622,77.067015
16378,28.565622,77.067015
16379,28.565622,77.067015
16380,28.565622,77.067015
16381,28.565622,77.067015
16382,28.565622,77.067015
16383,28.565622,77.067015
16384,28.565622,77.067015
40306,28.565678,77.067105
42549,28.565678,77.067105
54494,28.565678,77.067105
13033,28.567920,77.066406
16386,28.570076,77.079174
16387,28.570076,77.079174
16388,28.570076,77.079174
16389,28.570076,77.079174
16390,28.570076,77.079174
16385,28.570671,77.079675
14166,28.572038,77.070837
16061,28.572038,77.070837
16122,28.572038,77.070837
16179,28.572038,77.070837
16227,28.572038,77.070837
16241,28.572038,77.070837
16242,28.572038,77.070837
16051,28.572697,77.071341
12913,28.574280,77.065279
13019,28.574280,77.065279
16234,28.574448,77.065171
16272,28.574448,77.065171
16288,28.574448,77.065171
16319,28.574448,77.065171
16322,28.574448,77.065171
16323,28.574448,77.065171
16326,28.574448,77.065171
16327,28.574448,77.065171
16328,28.574448,77.065171
16329,28.574448,77.065171
16330,28.574448,77.065171
16332,28.574448,77.065171
16333,28.574448,77.065171
16335,28.574448,77.065171
16336,28.574448,77.065171
16337,28.574448,77.065171
16338,28.574448,77.065171
16339,28.574448,77.065171
16340,28.574448,77.065171
16341,28.574448,77.065171
16342,28.574448,77.065171
16343,28.574448,77.065171
16344,28.574448,77.065171
16345,28.574448,77.065171
16346,28.574448,77.065171
16347,28.574448,77.065171
16348,28.574448,77.065171
16349,28.574448,77.065171
16350,28.574448,77.065171
16351,28.574448,77.065171
16352,28.574448,77.065171
16353,28.574448,77.065171
16354,28.574448,77.065171
16355,28.574448,77.065171
16356,28.574448,77.065171
16357,28.574448,77.065171
16358,28.574448,77.065171
16359,28.574448,77.065171
16360,28.574448,77.065171
16361,28.574448,77.065171
16362,28.574448,77.065171
16363,28.574448,77.065171
16364,28.574448,77.065171
16365,28.574448,77.065171
16366,28.574448,77.065171
16367,28.574448,77.065171
16368,28.574448,77.065171
16318,28.574486,77.065214
16324,28.575560,77.063690
16331,28.575927,77.066866
16334,28.576257,77.066222
16320,28.577632,77.061738
16321,28.577721,77.061678
16317,28.578487,77.065104
16325,28.578498,77.065179
12511,28.578789,77.066520
12513,28.578789,77.066520
12528,28.578789,77.066520
13585,28.578789,77.066520
13733,28.578789,77.066520
16213,28.578789,77.066520
16252,28.578789,77.066520
16284,28.578789,77.066520
16285,28.578789,77.066520
55173,28.578789,77.066520
111577,28.578789,77.066520
124617,28.578789,77.066520
55803,28.579806,77.069867
11961,28.562726,77.119701
36662,28.563892,77.119801
38026,28.574621,77.116542
13067,28.578080,77.106564
51230,28.578100,77.118038
45695,28.562400,77.122054
30715,28.562914,77.122751
13719,28.563416,77.137731
12293,28.564809,77.129820
21778,28.566107,77.139958
33095,28.566738,77.136943
20443,28.567959,77.129375
48606,28.572310,77.137840
148328,28.578263,77.135791
52705,28.560645,77.157612
35745,28.561354,77.157570
13795,28.563126,77.157144
13796,28.563126,77.157144
14243,28.563126,77.157144
53190,28.563630,77.144821
53176,28.565204,77.142155
14458,28.569509,77.156425
13776,28.571085,77.158395
39993,28.574201,77.141565
48580,28.574916,77.147541
48715,28.574916,77.147541
38891,28.575238,77.147247
150590,28.577012,77.140010
36583,28.579781,77.151392
32074,28.560257,77.161736
32505,28.560257,77.161736
33079,28.560257,77.161736
36306,28.560257,77.161736
36309,28.560257,77.161736
36383,28.560257,77.161736
36915,28.560257,77.161736
42855,28.560257,77.161736
49316,28.560257,77.161736
49406,28.560257,77.161736
53303,28.560257,77.161736
130339,28.560284,77.161788
15644,28.560323,77.161728
21804,28.560323,77.161728
15587,28.561164,77.178801
16678,28.566008,77.176744
21764,28.566008,77.176744
24317,28.566008,77.176744
27335,28.566008,77.176744
35881,28.566008,77.176744
37102,28.566008,77.176744
42157,28.566008,77.176744
48546,28.566008,77.176744
14173,28.566656,77.176036
125352,28.566978,77.166499
123904,28.567393,77.164004
41373,28.567416,77.170517
32192,28.567534,77.175264
39759,28.568192,77.165444
37795,28.568553,77.173172
13212,28.568641,77.165844
37775,28.569300,77.172775
13008,28.570561,77.172772
20957,28.571553,77.174039
15338,28.572083,77.176152
15339,28.572083,77.176152
15601,28.572083,77.176152
15602,28.572083,77.176152
26542,28.573168,77.164503
14242,28.573493,77.163756
48296,28.573631,77.172332
13597,28.574020,77.172081
51120,28.575601,77.160355
40479,28.576740,77.161535
137001,28.577185,77.173833
53188,28.578435,77.177205
34059,28.578504,77.175726
28176,28.578816,77.162161
26199,28.560024,77.199280
32396,28.561645,77.188217
14522,28.561858,77.180647
15482,28.562501,77.197402
48538,28.562613,77.186892
20335,28.563286,77.191155
21812,28.563286,77.191155
12694,28.564361,77.196322
12715,28.565402,77.195962
14015,28.565402,77.195962
14103,28.565402,77.195962
14446,28.565402,77.195962
44048,28.567485,77.195244
48988,28.567924,77.188079
53858,28.570300,77.186951
12080,28.571737,77.198478
12577,28.571737,77.198478
12578,28.571737,77.198478
12645,28.571737,77.198478
12647,28.571737,77.198478
12685,28.571737,77.198478
12088,28.572710,77.197400
12159,28.572710,77.197400
12230,28.572710,77.197400
12747,28.572710,77.197400
12749,28.572710,77.197400
13094,28.572710,77.197400
13148,28.572710,77.197400
13170,28.572710,77.197400
13185,28.572710,77.197400
13326,28.572710,77.197400
13417,28.572710,77.197400
13429,28.572710,77.197400
13450,28.572710,77.197400
13126,28.573183,77.187337
16652,28.573183,77.187337
53900,28.573183,77.187337
26642,28.574032,77.199067
31835,28.574032,77.199067
31839,28.574032,77.199067
33493,28.574032,77.199067
38585,28.574032,77.199067
45264,28.574032,77.199067
53530,28.574032,77.199067
16653,28.574253,77.180486
16655,28.574253,77.180486
15618,28.575714,77.199007
21759,28.575714,77.199007
29772,28.575722,77.197769
44608,28.575745,77.198634
56704,28.575847,77.199286
56800,28.575847,77.199286
43481,28.576702,77.197909
13550,28.576944,77.196111
13863,28.576944,77.196111
13950,28.576944,77.196111
13954,28.576944,77.196111
14105,28.576944,77.196111
14629,28.576944,77.196111
15354,28.577127,77.198986
14626,28.577267,77.196322
14645,28.577267,77.196322
14981,28.577267,77.196322
15510,28.577267,77.196322
15926,28.577267,77.196322
15949,28.577267,77.196322
16703,28.577267,77.196322
24709,28.577267,77.196322
24711,28.577267,77.196322
25407,28.577267,77.196322
26634,28.577267,77.196322
26781,28.577267,77.196322
27288,28.577267,77.196322
28072,28.577267,77.196322
28279,28.577267,77.196322
28446,28.577267,77.196322
28448,28.577267,77.196322
29535,28.577267,77.196322
29623,28.577267,77.196322
29941,28.577267,77.196322
30418,28.577267,77.196322
30500,28.577267,77.196322
31332,28.577267,77.196322
31905,28.577267,77.196322
33849,28.577267,77.196322
34382,28.577267,77.196322
34813,28.577267,77.196322
35719,28.577267,77.196322
36742,28.577267,77.196322
36890,28.577267,77.196322
38152,28.577267,77.196322
38850,28.577267,77.196322
38884,28.577267,77.196322
39530,28.577267,77.196322
39862,28.577267,77.196322
40676,28.577267,77.196322
41074,28.577267,77.196322
41638,28.577267,77.196322
41732,28.577267,77.196322
41881,28.577267,77.196322
41963,28.577267,77.196322
41965,28.577267,77.196322
46889,28.577267,77.196322
47613,28.577267,77.196322
48294,28.577267,77.196322
49110,28.577267,77.196322
52505,28.577267,77.196322
53218,28.577267,77.196322
53381,28.577267,77.196322
53691,28.577267,77.196322
53696,28.577267,77.196322
54336,28.577267,77.196322
54409,28.577267,77.196322
54688,28.577267,77.196322
55292,28.577267,77.196322
55370,28.577267,77.196322
56031,28.577267,77.196322
56801,28.577267,77.196322
122650,28.577267,77.196322
132122,28.577267,77.196322
38513,28.577269,77.196319
38239,28.577767,77.196925
54763,28.577791,77.194843
125085,28.579148,77.195034
13563,28.579566,77.197298
13804,28.579566,77.197298
28143,28.560500,77.201466
26013,28.560588,77.218084
46843,28.561720,77.213763
16523,28.561846,77.219383
122826,28.562095,77.207191
13722,28.562097,77.213929
28374,28.562097,77.213929
31151,28.562097,77.213929
55223,28.562097,77.213929
55228,28.562097,77.213929
11902,28.563138,77.207809
13056,28.564727,77.218959
13258,28.564727,77.218959
122017,28.565227,77.207764
125195,28.565514,77.209348
30726,28.565889,77.211142
13732,28.566646,77.209078
14244,28.566646,77.209078
14309,28.566646,77.209078
39099,28.566887,77.208085
124759,28.567177,77.210045
47700,28.567188,77.210046
47998,28.567188,77.210046
12407,28.567638,77.208154
12971,28.567638,77.208154
26510,28.567943,77.207755
13051,28.569222,77.212283
13786,28.569222,77.212283
13809,28.569222,77.212283
30958,28.569283,77.218518
32462,28.569774,77.204585
150690,28.573208,77.206383
32787,28.573525,77.209426
34481,28.574464,77.210156
53789,28.574464,77.210156
53412,28.574711,77.209304
16478,28.575231,77.209505
15408,28.575248,77.209989
15150,28.575256,77.209351
31912,28.575279,77.218264
124753,28.578020,77.208795
40123,28.578077,77.203916
25551,28.578194,77.216343
41306,28.578221,77.212624
25228,28.578345,77.215056
13059,28.579391,77.208479
14264,28.579391,77.208479
12085,28.560905,77.239078
12090,28.560905,77.239078
12100,28.560905,77.239078
12101,28.560905,77.239078
12745,28.560905,77.239078
14163,28.560905,77.239078
25573,28.562133,77.222246
13495,28.562680,77.227582
14156,28.562680,77.227582
61847,28.562680,77.227582
28270,28.563066,77.224573
130365,28.563925,77.234866
26434,28.564014,77.234289
50706,28.564014,77.234289
53237,28.564014,77.234289
15818,28.564037,77.233298
20657,28.564149,77.234116
12107,28.564168,77.234227
16714,28.564286,77.236923
13292,28.564810,77.239688
13391,28.564876,77.237939
20269,28.565115,77.238661
15566,28.565537,77.224579
15652,28.566603,77.220133
27852,28.566603,77.220133
28088,28.566603,77.220133
54538,28.566603,77.220133
32475,28.567069,77.234103
12060,28.567428,77.239797
12067,28.567428,77.239797
12136,28.567428,77.239797
13352,28.567428,77.239797
13397,28.567428,77.239797
13400,28.567428,77.239797
32180,28.568661,77.224078
11842,28.568814,77.220565
12045,28.568814,77.220565
13752,28.568814,77.220565
14014,28.568814,77.220565
12752,28.569220,77.235652
12845,28.569220,77.235652
14329,28.569367,77.220309
14334,28.569367,77.220309
14570,28.569367,77.220309
15985,28.570411,77.236294
52025,28.570441,77.236527
54647,28.570545,77.236458
55708,28.570557,77.236450
34317,28.570625,77.236445
125348,28.570625,77.236445
136572,28.570625,77.236445
14248,28.570790,77.236529
123511,28.571009,77.220280
53787,28.571197,77.236885
31692,28.572204,77.224490
21773,28.572633,77.232510
14375,28.573291,77.221942
24813,28.573291,77.221942
28315,28.573291,77.221942
28664,28.573291,77.221942
30581,28.573291,77.221942
31792,28.573291,77.221942
31837,28.573291,77.221942
31927,28.573291,77.221942
32671,28.573291,77.221942
33132,28.573291,77.221942
33483,28.573291,77.221942
33528,28.573291,77.221942
33595,28.573291,77.221942
43856,28.573291,77.221942
53408,28.573326,77.221418
122903,28.573354,77.232650
25568,28.573428,77.221805
52088,28.573558,77.230053
12190,28.573606,77.221834
26193,28.573760,77.227223
29288,28.573760,77.227223
111635,28.573941,77.230583
12044,28.574528,77.223990
15962,28.574786,77.226682
26912,28.574852,77.225674
26782,28.575490,77.227369
26933,28.575490,77.227369
36294,28.575490,77.227369
41555,28.575490,77.227369
140160,28.575490,77.227369
45310,28.578421,77.238885
124787,28.560649,77.255243
21852,28.561732,77.242679
28668,28.561732,77.242679
41499,28.561732,77.242679
41502,28.562357,77.243030
34282,28.562510,77.248418
15318,28.562690,77.244646
43479,28.564300,77.242435
43941,28.564489,77.240761
25557,28.564903,77.240332
26048,28.564903,77.240332
27177,28.564903,77.240332
27219,28.564903,77.240332
27531,28.564903,77.240332
29309,28.564903,77.240332
29991,28.564903,77.240332
32177,28.564903,77.240332
32490,28.564903,77.240332
32830,28.564903,77.240332
32853,28.564903,77.240332
33628,28.564903,77.240332
36436,28.564903,77.240332
42392,28.564903,77.240332
42420,28.564903,77.240332
44030,28.564903,77.240332
45034,28.564903,77.240332
45304,28.564903,77.240332
47236,28.564903,77.240332
51623,28.564903,77.240332
53423,28.564903,77.240332
53457,28.564903,77.240332
53548,28.564903,77.240332
53859,28.564903,77.240332
54796,28.564903,77.240332
55661,28.564903,77.240332
56017,28.564903,77.240332
113267,28.564903,77.240332
123076,28.564903,77.240332
123507,28.564903,77.240332
125141,28.564903,77.240332
125157,28.564903,77.240332
125173,28.564903,77.240332
133533,28.564903,77.240332
133549,28.564903,77.240332
143758,28.564903,77.240332
143759,28.564903,77.240332
143760,28.564903,77.240332
25265,28.565164,77.245333
44173,28.565328,77.251651
12258,28.565618,77.243389
12375,28.565618,77.243389
12426,28.565618,77.243389
12585,28.565618,77.243389
12754,28.565618,77.243389
13055,28.565618,77.243389
13251,28.565618,77.243389
13298,28.565618,77.243389
13302,28.565618,77.243389
13441,28.565618,77.243389
13675,28.565618,77.243389
13731,28.565618,77.243389
13767,28.565618,77.243389
13787,28.565618,77.243389
13840,28.565618,77.243389
13857,28.565618,77.243389
13877,28.565618,77.243389
14225,28.565618,77.243389
14226,28.565618,77.243389
14228,28.565618,77.243389
14305,28.565618,77.243389
25346,28.565944,77.250502
43716,28.566093,77.252975
28115,28.566551,77.249490
42630,28.566551,77.249490
55926,28.566551,77.249490
26429,28.566913,77.251771
25815,28.567350,77.252817
44145,28.567350,77.252817
20773,28.567695,77.240783
14974,28.567695,77.243272
16693,28.567695,77.243272
21209,28.567695,77.243272
21859,28.567695,77.243272
15808,28.567696,77.243272
47345,28.568145,77.248486
12539,28.568634,77.254120
52509,28.568727,77.242611
55226,28.568837,77.241082
62526,28.568898,77.243621
20632,28.569229,77.241773
21743,28.569229,77.241773
26708,28.569229,77.241773
26780,28.569229,77.241773
28159,28.569229,77.241773
125175,28.569229,77.241773
31903,28.569272,77.244108
41664,28.569272,77.244108
32633,28.569332,77.241180
54625,28.569388,77.240070
34272,28.569418,77.243273
26757,28.570517,77.250255
26682,28.570604,77.250573
41503,28.570604,77.250573
20781,28.570654,77.241255
25512,28.571707,77.240922
41248,28.572468,77.258289
124457,28.573233,77.258827
52072,28.573317,77.258936
26762,28.573321,77.244883
25336,28.573625,77.255961
26395,28.573625,77.255961
26511,28.573625,77.255961
40302,28.573625,77.255961
55920,28.573625,77.255961
25531,28.573836,77.252159
26698,28.574711,77.246034
25125,28.574833,77.242087
12347,28.575647,77.242329
55709,28.575707,77.255890
25088,28.576067,77.247700
25548,28.576103,77.245969
21798,28.576780,77.249013
21800,28.576780,77.249013
21826,28.576780,77.249013
21828,28.576780,77.249013
21838,28.576780,77.249013
20790,28.578889,77.257321
13283,28.560065,77.271764
14252,28.560065,77.271764
49685,28.560260,77.262376
26006,28.560624,77.266960
12048,28.560838,77.272105
12049,28.560838,77.272105
12053,28.560838,77.272105
12726,28.560838,77.272105
13338,28.560838,77.272105
13340,28.560838,77.272105
13348,28.560838,77.272105
13351,28.560838,77.272105
13353,28.560838,77.272105
12366,28.560912,77.279988
12452,28.560912,77.279988
13242,28.560912,77.279988
13252,28.560912,77.279988
14302,28.560912,77.279988
14307,28.560912,77.279988
14255,28.561036,77.276313
54646,28.561538,77.268148
13311,28.561539,77.266236
13408,28.561539,77.266236
111599,28.561670,77.269979
13293,28.561776,77.272334
13392,28.561951,77.272303
23723,28.563029,77.261088
24647,28.563029,77.261088
21137,28.567462,77.269133
52087,28.567462,77.269133
21821,28.568947,77.279012
17983,28.569139,77.278631
51833,28.569139,77.278631
55950,28.571498,77.264026
55954,28.571498,77.264026
55965,28.571498,77.264026
125152,28.571498,77.264026
26008,28.571746,77.271363
20481,28.573514,77.268081
12083,28.574629,77.277869
13289,28.574761,77.262055
13305,28.574761,77.262055
13388,28.574761,77.262055
13403,28.574761,77.262055
13404,28.574761,77.262055
13428,28.574761,77.262055
21747,28.575051,77.262506
41509,28.576842,77.262714
12120,28.560076,77.290797
12545,28.560076,77.290797
12711,28.560076,77.290797
12712,28.560076,77.290797
12719,28.560076,77.290797
12727,28.560076,77.290797
12729,28.560076,77.290797
12880,28.560076,77.290797
13238,28.560076,77.290797
13240,28.560076,77.290797
13266,28.560076,77.290797
13271,28.560076,77.290797
13273,28.560076,77.290797
13277,28.560076,77.290797
13280,28.560076,77.290797
13281,28.560076,77.290797
13285,28.560076,77.290797
13286,28.560076,77.290797
13287,28.560076,77.290797
13288,28.560076,77.290797
13290,28.560076,77.290797
13294,28.560076,77.290797
13299,28.560076,77.290797
13304,28.560076,77.290797
13313,28.560076,77.290797
13360,28.560076,77.290797
13361,28.560076,77.290797
13362,28.560076,77.290797
13363,28.560076,77.290797
13364,28.560076,77.290797
13373,28.560076,77.290797
13374,28.560076,77.290797
13377,28.560076,77.290797
13381,28.560076,77.290797
13382,28.560076,77.290797
13384,28.560076,77.290797
13396,28.560076,77.290797
13402,28.560076,77.290797
13409,28.560076,77.290797
13410,28.560076,77.290797
13411,28.560076,77.290797
20659,28.560280,77.291331
52120,28.560512,77.284991
34283,28.560993,77.291964
54870,28.561049,77.281027
13318,28.561345,77.281461
13264,28.562175,77.287879
13308,28.562175,77.287879
14304,28.562175,77.287879
12065,28.562230,77.289725
12069,28.562230,77.289725
12070,28.562230,77.289725
12071,28.562230,77.289725
12072,28.562230,77.289725
12076,28.562230,77.289725
12078,28.562230,77.289725
12118,28.562230,77.289725
12121,28.562230,77.289725
12129,28.562230,77.289725
12134,28.562230,77.289725
12730,28.562230,77.289725
12733,28.562230,77.289725
12735,28.562230,77.289725
12743,28.562230,77.289725
13385,28.562230,77.289725
42553,28.562317,77.280383
24816,28.562552,77.291373
31236,28.562552,77.291373
32111,28.562552,77.291373
33754,28.562552,77.291373
34053,28.562552,77.291373
34320,28.562552,77.291373
35208,28.562552,77.291373
36748,28.562552,77.291373
41592,28.562552,77.291373
48522,28.562552,77.291373
48857,28.562552,77.291373
48858,28.562552,77.291373
55986,28.562552,77.291373
43428,28.562593,77.290062
54600,28.562924,77.286191
14232,28.563369,77.291275
14234,28.563369,77.291275
14320,28.563369,77.291275
14322,28.563369,77.291275
12122,28.563458,77.288642
12059,28.563842,77.289717
12062,28.563842,77.289717
12073,28.563842,77.289717
12116,28.563842,77.289717
12132,28.563842,77.289717
12135,28.563842,77.289717
12710,28.563842,77.289717
12732,28.563842,77.289717
13339,28.563842,77.289717
13343,28.563842,77.289717
13345,28.563842,77.289717
13349,28.563842,77.289717
13355,28.563842,77.289717
13376,28.563842,77.289717
13386,28.563842,77.289717
13399,28.563842,77.289717
13412,28.563842,77.289717
54869,28.564282,77.287587
13243,28.564747,77.288427
13255,28.564747,77.288427
13301,28.564747,77.288427
14233,28.564747,77.288427
14235,28.564747,77.288427
12115,28.565301,77.292951
12117,28.565301,77.292951
12131,28.565301,77.292951
12736,28.565301,77.292951
12738,28.565301,77.292951
12741,28.565301,77.292951
13347,28.565301,77.292951
13365,28.565301,77.292951
13395,28.565301,77.292951
13414,28.565301,77.292951
13415,28.565301,77.292951
41849,28.565634,77.284673
54782,28.565880,77.284765
41891,28.565946,77.286838
43811,28.565948,77.284678
14518,28.567353,77.284333
12506,28.567384,77.292233
12526,28.567384,77.292233
12785,28.567384,77.292233
13296,28.567384,77.292233
13317,28.567384,77.292233
13779,28.567384,77.292233
13794,28.567384,77.292233
13802,28.567384,77.292233
14237,28.567384,77.292233
122602,28.568214,77.286112
13237,28.569196,77.288642
13239,28.569196,77.288642
13263,28.569196,77.288642
13307,28.569196,77.288642
13314,28.569196,77.288642
14151,28.569196,77.288642
14319,28.569196,77.288642
14321,28.569196,77.288642
41401,28.569196,77.288642
41889,28.569196,77.288642
30619,28.570857,77.313776
29747,28.570857,77.313781
12087,28.577380,77.314494
13881,28.577380,77.314494
30850,28.577380,77.314494
41667,28.577380,77.314494
54347,28.577380,77.314494
55917,28.577380,77.314494
38489,28.563242,77.335967
23697,28.563764,77.336367
24817,28.563764,77.336367
26517,28.563764,77.336367
30298,28.563764,77.336367
31126,28.563764,77.336367
31920,28.563843,77.334392
36827,28.563843,77.334392
42798,28.563843,77.334392
45205,28.563843,77.334392
54344,28.563843,77.334392
55890,28.563843,77.334392
43280,28.563853,77.335507
33498,28.563940,77.333457
40813,28.563940,77.333457
15971,28.563954,77.334192
16555,28.563954,77.334192
21781,28.564040,77.334269
34547,28.564134,77.323638
50877,28.564134,77.323638
12222,28.564604,77.324456
47588,28.564658,77.321467
48346,28.564658,77.321467
15866,28.564841,77.324590
45869,28.566533,77.339029
31043,28.566916,77.320927
135701,28.566983,77.325514
54043,28.567302,77.321185
27097,28.567341,77.321130
33834,28.567341,77.321130
41263,28.567341,77.321130
41285,28.567341,77.321130
54076,28.567341,77.321130
54865,28.567341,77.321130
35861,28.567545,77.326161
48835,28.567545,77.326161
53545,28.567545,77.326161
53798,28.567545,77.326161
53022,28.567633,77.321080
51671,28.568302,77.328621
32031,28.568404,77.328813
13873,28.568802,77.322391
13880,28.568802,77.322391
43863,28.569367,77.333831
45572,28.569426,77.338257
34177,28.570074,77.332609
34175,28.570149,77.332738
15772,28.570317,77.321820
16759,28.570317,77.321820
27188,28.570317,77.321820
27324,28.570317,77.321820
29244,28.570317,77.321820
30681,28.570317,77.321820
31125,28.570317,77.321820
31150,28.570317,77.321820
46196,28.570317,77.321820
53889,28.570317,77.321820
54345,28.570317,77.321820
124269,28.570317,77.321820
15972,28.570355,77.321791
45174,28.570475,77.326090
53947,28.570516,77.322299
45569,28.570664,77.325983
124815,28.571371,77.337888
33904,28.571518,77.325847
45181,28.571741,77.337579
30381,28.571905,77.325855
46189,28.572567,77.332794
48491,28.572567,77.332794
45920,28.572728,77.324951
27183,28.572728,77.325981
27978,28.572728,77.325981
31129,28.572728,77.325981
25077,28.572985,77.324904
27115,28.572985,77.324904
27598,28.572985,77.324904
29885,28.572985,77.324904
29921,28.572985,77.324904
30302,28.572985,77.324904
30846,28.572985,77.324904
30984,28.572985,77.324904
31156,28.572985,77.324904
31172,28.572985,77.324904
32992,28.572985,77.324904
33939,28.572985,77.324904
40428,28.572985,77.324904
41073,28.572985,77.324904
41413,28.572985,77.324904
43244,28.572985,77.324904
46188,28.572985,77.324904
46748,28.572985,77.324904
48510,28.572985,77.324904
50019,28.572985,77.324904
51274,28.572985,77.324904
51485,28.572985,77.324904
53207,28.572985,77.324904
53490,28.572985,77.324904
55754,28.572985,77.324904
55896,28.572985,77.324904
62563,28.572985,77.324904
45187,28.573027,77.323949
47586,28.573948,77.338903
29760,28.574633,77.335701
45251,28.575083,77.328135
54011,28.576487,77.328379
11846,28.576780,77.336903
18167,28.576780,77.336903
16778,28.577409,77.322391
42061,28.577472,77.331603
31116,28.577588,77.335673
43115,28.579459,77.334599
45178,28.566947,77.340237
43288,28.567046,77.341346
27465,28.567046,77.341775
27480,28.567046,77.341775
30808,28.567046,77.341775
30856,28.567046,77.341775
47584,28.567046,77.341775
55891,28.567190,77.345970
45568,28.567817,77.340595
45238,28.568328,77.342656
27180,28.568788,77.357757
17508,28.569003,77.353083
29354,28.571798,77.341661
53219,28.574141,77.353845
54773,28.574141,77.353845
17619,28.574424,77.357147
29744,28.574470,77.355610
29974,28.574470,77.355610
31149,28.574470,77.355610
42120,28.574470,77.355610
46929,28.574470,77.355610
27643,28.574608,77.356111
13913,28.574660,77.356080
13918,28.574660,77.356080
15146,28.574660,77.356080
132009,28.574670,77.356050
21731,28.574744,77.356026
133551,28.575915,77.357345
15657,28.576709,77.345364
16750,28.576709,77.345364
45926,28.577088,77.341775
12353,28.577223,77.343210
54872,28.579329,77.350835
14417,28.579876,77.356131
47102,28.562534,77.371874
31073,28.563627,77.372561
31110,28.563627,77.372561
25734,28.566621,77.368787
26390,28.566621,77.368787
26391,28.566621,77.368787
27181,28.566621,77.368787
27397,28.566621,77.368787
31745,28.571016,77.362160
40011,28.571997,77.369368
54348,28.571997,77.369368
14133,28.573405,77.371203
30965,28.577494,77.379148
53120,28.578458,77.373233
25489,28.578489,77.370645
42003,28.563462,77.382281
46068,28.564488,77.398078
46070,28.564488,77.398078
41169,28.567922,77.383171
38993,28.570126,77.385914
38995,28.570126,77.385914
29745,28.578323,77.381046
112010,28.590170,76.920915
12306,28.592536,76.993827
39880,28.594564,77.018430
16058,28.585924,77.035859
16056,28.585934,77.028806
14962,28.587197,77.034857
16095,28.587197,77.034857
16127,28.587197,77.034857
16128,28.587197,77.034857
16231,28.587197,77.034857
16275,28.587197,77.034857
16281,28.587197,77.034857
16253,28.588985,77.031177
14958,28.592094,77.026221
27959,28.592315,77.020421
36392,28.592674,77.035689
23725,28.592893,77.034616
24835,28.592893,77.034616
25317,28.592893,77.034616
14964,28.594402,77.020462
15593,28.594402,77.020462
15608,28.594402,77.020462
16110,28.594402,77.020462
16111,28.594402,77.020462
16540,28.595217,77.020972
26038,28.595616,77.035718
111579,28.596993,77.021962
16286,28.597061,77.033398
13611,28.597198,77.033334
15646,28.597198,77.033334
12900,28.598662,77.034857
16218,28.599079,77.024826
16289,28.599079,77.024826
16155,28.580973,77.058199
16007,28.581021,77.057395
54350,28.581041,77.048518
38882,28.581124,77.057509
28582,28.581209,77.057256
39547,28.581209,77.057256
24751,28.582300,77.049976
24771,28.582300,77.049976
25404,28.582300,77.049976
26108,28.582300,77.049976
27962,28.582300,77.049976
28083,28.582300,77.049976
28800,28.582300,77.049976
29557,28.582300,77.049976
31281,28.582300,77.049976
32162,28.582300,77.049976
32785,28.582300,77.049976
32887,28.582300,77.049976
33093,28.582300,77.049976
34686,28.582300,77.049976
37489,28.582300,77.049976
37720,28.582300,77.049976
38709,28.582300,77.049976
38779,28.582300,77.049976
39671,28.582300,77.049976
42488,28.582300,77.049976
42586,28.582300,77.049976
43140,28.582300,77.049976
43570,28.582300,77.049976
44165,28.582300,77.049976
44413,28.582300,77.049976
45417,28.582300,77.049976
45735,28.582300,77.049976
45855,28.582300,77.049976
45996,28.582300,77.049976
46106,28.582300,77.049976
47148,28.582300,77.049976
47596,28.582300,77.049976
49517,28.582300,77.049976
53482,28.582300,77.049976
53697,28.582300,77.049976
53700,28.582300,77.049976
53705,28.582300,77.049976
53736,28.582300,77.049976
55632,28.582300,77.049976
55769,28.582300,77.049976
135741,28.582300,77.049976
55789,28.582994,77.057414
50496,28.583315,77.050932
12536,28.583689,77.057885
13087,28.583689,77.057885
30980,28.584743,77.043647
16311,28.584949,77.058284
16633,28.584949,77.058284
42642,28.584949,77.058284
52589,28.584949,77.058284
54547,28.584949,77.058284
16274,28.585910,77.053285
16246,28.585910,77.053328
16245,28.585929,77.053392
16260,28.585948,77.053349
16294,28.585948,77.053371
16279,28.585967,77.053306
16052,28.585967,77.057743
16296,28.586004,77.053349
16250,28.586023,77.053328
54493,28.586140,77.059145
16017,28.586149,77.050404
16018,28.586149,77.050404
16059,28.586383,77.050008
34280,28.586443,77.049490
34281,28.586443,77.049490
16210,28.586496,77.049385
16276,28.586496,77.049385
34178,28.588857,77.057787
12923,28.590033,77.057647
13018,28.590033,77.057647
16482,28.591156,77.059145
16487,28.591156,77.059145
20986,28.591156,77.059145
20987,28.591156,77.059145
16124,28.591455,77.049250
16201,28.591455,77.049250
16297,28.591455,77.049250
39786,28.591455,77.049250
14955,28.592060,77.046076
12336,28.592140,77.046048
12337,28.592140,77.046048
12348,28.592140,77.046048
12380,28.592140,77.046048
12391,28.592140,77.046048
12393,28.592140,77.046048
12413,28.592140,77.046048
12796,28.592140,77.046048
13106,28.592140,77.046048
13432,28.592140,77.046048
13947,28.592140,77.046048
14221,28.592140,77.046048
14285,28.592140,77.046048
14665,28.592140,77.046048
14956,28.592140,77.046048
14973,28.592140,77.046048
15612,28.592140,77.046048
15613,28.592140,77.046048
16019,28.592140,77.046048
16020,28.592140,77.046048
16021,28.592140,77.046048
16022,28.592140,77.046048
16023,28.592140,77.046048
16024,28.592140,77.046048
16025,28.592140,77.046048
16026,28.592140,77.046048
16027,28.592140,77.046048
16028,28.592140,77.046048
16029,28.592140,77.046048
16030,28.592140,77.046048
16031,28.592140,77.046048
16032,28.592140,77.046048
16033,28.592140,77.046048
16034,28.592140,77.046048
16035,28.592140,77.046048
16036,28.592140,77.046048
16037,28.592140,77.046048
16038,28.592140,77.046048
16039,28.592140,77.046048
16040,28.592140,77.046048
16041,28.592140,77.046048
16042,28.592140,77.046048
16043,28.592140,77.046048
16044,28.592140,77.046048
16045,28.592140,77.046048
16046,28.592140,77.046048
16047,28.592140,77.046048
16048,28.592140,77.046048
16049,28.592140,77.046048
16064,28.592140,77.046048
16065,28.592140,77.046048
16066,28.592140,77.046048
16067,28.592140,77.046048
16068,28.592140,77.046048
16069,28.592140,77.046048
16070,28.592140,77.046048
16071,28.592140,77.046048
16072,28.592140,77.046048
16073,28.592140,77.046048
16074,28.592140,77.046048
16075,28.592140,77.046048
16076,28.592140,77.046048
16077,28.592140,77.046048
16078,28.592140,77.046048
16079,28.592140,77.046048
16080,28.592140,77.046048
16081,28.592140,77.046048
16082,28.592140,77.046048
16083,28.592140,77.046048
16084,28.592140,77.046048
16085,28.592140,77.046048
16086,28.592140,77.046048
16087,28.592140,77.046048
16088,28.592140,77.046048
16089,28.592140,77.046048
16090,28.592140,77.046048
16091,28.592140,77.046048
16092,28.592140,77.046048
16093,28.592140,77.046048
16096,28.592140,77.046048
16097,28.592140,77.046048
16098,28.592140,77.046048
16222,28.592140,77.046048
16303,28.592140,77.046048
16649,28.592140,77.046048
16671,28.592140,77.046048
21755,28.592140,77.046048
21858,28.592140,77.046048
39240,28.592281,77.040660
41372,28.592281,77.040660
16060,28.592314,77.040082
53373,28.592627,77.041489
55368,28.592627,77.041489
16408,28.592792,77.051536
34176,28.592840,77.051093
53707,28.593199,77.041519
12318,28.593765,77.043493
16055,28.593765,77.043493
16151,28.593765,77.043493
16152,28.593765,77.043493
16156,28.593765,77.043493
16223,28.593765,77.043493
16249,28.593765,77.043493
16251,28.593765,77.043493
16258,28.593765,77.043493
16267,28.593765,77.043493
16269,28.593765,77.043493
16270,28.593765,77.043493
16271,28.593765,77.043493
16299,28.593765,77.043493
33312,28.594563,77.050795
16398,28.595739,77.051384
16273,28.595982,77.049271
37415,28.596223,77.051319
16302,28.597676,77.048578
16261,28.598022,77.057885
16392,28.598022,77.057885
16393,28.598022,77.057885
16394,28.598022,77.057885
16395,28.598022,77.057885
16397,28.598022,77.057885
42550,28.598022,77.057886
16391,28.598698,77.057490
16196,28.599736,77.045431
16277,28.599755,77.045431
53314,28.599888,77.053136
16107,28.583123,77.064154
16108,28.583123,77.064154
111965,28.583199,77.073072
16282,28.584291,77.071556
16283,28.584291,77.071556
42631,28.584292,77.071556
53690,28.587048,77.060877
34279,28.587715,77.072035
25713,28.587944,77.072276
16182,28.588488,77.071491
16224,28.588488,77.071491
55767,28.589371,77.060731
20921,28.590218,77.067903
124245,28.592019,77.073803
12540,28.592845,77.063642
14108,28.592845,77.063642
15349,28.592845,77.063642
15402,28.592845,77.063642
15590,28.592845,77.063642
16112,28.592845,77.063642
16113,28.592845,77.063642
16119,28.592845,77.063642
16120,28.592845,77.063642
16121,28.592845,77.063642
16154,28.592845,77.063642
16207,28.592845,77.063642
16208,28.592845,77.063642
16226,28.592845,77.063642
16235,28.592845,77.063642
16243,28.592845,77.063642
16244,28.592845,77.063642
16247,28.592845,77.063642
16259,28.592845,77.063642
16264,28.592845,77.063642
16266,28.592845,77.063642
16292,28.592845,77.063642
16295,28.592845,77.063642
16300,28.592845,77.063642
16301,28.592845,77.063642
16688,28.592845,77.063642
54550,28.592845,77.063642
55772,28.592845,77.063642
40191,28.593731,77.077909
16280,28.593956,77.060016
13721,28.594720,77.069502
13021,28.596036,77.074434
14229,28.596036,77.074434
14240,28.596036,77.074434
14314,28.596036,77.074434
14327,28.596036,77.074434
14613,28.596036,77.074434
16181,28.596450,77.072246
39640,28.596748,77.075832
39913,28.596748,77.075832
16305,28.599133,77.069398
40022,28.599851,77.076020
39607,28.599966,77.078032
39992,28.599966,77.078032
15486,28.583052,77.082383
122335,28.583408,77.085481
41570,28.583598,77.086665
53501,28.584046,77.086375
15488,28.584728,77.082689
15653,28.587173,77.085647
14231,28.589331,77.086665
14324,28.589331,77.086665
17951,28.589555,77.086422
128336,28.589671,77.082768
130378,28.589671,77.082768
15154,28.590064,77.088783
38027,28.590064,77.088783
38890,28.590064,77.088783
40611,28.590064,77.088783
12333,28.590161,77.086065
122954,28.590845,77.091523
137010,28.591668,77.087644
48575,28.592969,77.099252
39377,28.598746,77.081790
26415,28.590900,77.138796
35890,28.596319,77.133954
35892,28.596319,77.133954
13333,28.598387,77.121190
13521,28.583991,77.150926
15128,28.583991,77.150926
39186,28.585123,77.146195
49318,28.586382,77.154140
35209,28.589839,77.140862
49317,28.590038,77.156700
33319,28.591154,77.149983
33321,28.591380,77.156120
111689,28.592570,77.158780
111690,28.592570,77.158780
15570,28.592822,77.152830
15933,28.592822,77.152830
34181,28.592822,77.152830
43282,28.593660,77.156871
13855,28.593898,77.154237
15483,28.593898,77.154237
13538,28.596128,77.158738
13546,28.596128,77.158738
14222,28.596128,77.158738
14265,28.596128,77.158738
16468,28.596128,77.158738
21824,28.596128,77.158738
21856,28.596128,77.158738
23585,28.596128,77.158738
23613,28.596128,77.158738
25098,28.596128,77.158738
26411,28.596128,77.158738
27508,28.596128,77.158738
33699,28.596128,77.158738
33988,28.596128,77.158738
51066,28.596128,77.158738
55958,28.596128,77.158738
12916,28.581433,77.168647
13013,28.581433,77.168647
13050,28.581433,77.168647
13791,28.581433,77.168647
13746,28.581762,77.174055
35339,28.582082,77.163704
48542,28.582417,77.173317
14167,28.582964,77.162177
20909,28.582964,77.162177
21757,28.582964,77.162177
49360,28.582964,77.162177
16620,28.582984,77.171083
12646,28.583103,77.176734
48292,28.583419,77.168146
13071,28.583881,77.178197
37416,28.584125,77.162933
54337,28.584230,77.162848
15658,28.584252,77.163828
17608,28.584252,77.163828
26561,28.584252,77.163828
26726,28.584252,77.163828
30175,28.585701,77.165539
48539,28.585701,77.165539
47988,28.585939,77.168194
13513,28.587395,77.171276
13491,28.587561,77.169007
13514,28.587561,77.169007
13515,28.587561,77.169007
13523,28.587561,77.169007
13541,28.587561,77.169007
13544,28.587561,77.169007
13561,28.587561,77.169007
13564,28.587561,77.169007
13588,28.587561,77.169007
13651,28.587561,77.169007
13658,28.587561,77.169007
13678,28.587561,77.169007
13682,28.587561,77.169007
13697,28.587561,77.169007
13700,28.587561,77.169007
13724,28.587561,77.169007
13742,28.587561,77.169007
13743,28.587561,77.169007
13747,28.587561,77.169007
14147,28.587561,77.169007
21733,28.587561,77.169007
21736,28.587561,77.169007
21762,28.587561,77.169007
21769,28.587561,77.169007
21817,28.587561,77.169007
21855,28.587561,77.169007
28069,28.587561,77.169007
39991,28.587561,77.169007
40935,28.587561,77.169007
47343,28.587561,77.169007
47653,28.587561,77.169007
48537,28.587561,77.169007
48918,28.587561,77.169007
49613,28.587561,77.169007
136563,28.587561,77.169007
122884,28.587737,77.170793
12097,28.587883,77.170314
13427,28.587883,77.170314
13467,28.587883,77.170314
13511,28.587883,77.170314
13531,28.587883,77.170314
13805,28.587883,77.170314
14165,28.587883,77.170314
14450,28.587883,77.170314
124728,28.588860,77.172860
13500,28.588976,77.169429
42363,28.589380,77.169520
55345,28.589380,77.169520
26652,28.589427,77.169406
39394,28.589446,77.168108
13039,28.590307,77.168433
13046,28.590307,77.168433
13065,28.590307,77.168433
39865,28.591010,77.167220
54832,28.591401,77.160675
48917,28.591429,77.167221
112215,28.591429,77.167221
21724,28.591658,77.171366
130312,28.591758,77.161368
12931,28.591901,77.161622
13565,28.591971,77.177633
40923,28.592505,77.177363
40924,28.592505,77.177363
125362,28.592505,77.177363
25028,28.592722,77.163268
41080,28.592722,77.163268
21811,28.593063,77.162825
62547,28.593656,77.163827
12169,28.593924,77.164334
12247,28.593924,77.164334
12250,28.593924,77.164334
12498,28.593924,77.164334
12519,28.593924,77.164334
12529,28.593924,77.164334
12744,28.593924,77.164334
12856,28.593924,77.164334
12932,28.593924,77.164334
13023,28.593924,77.164334
13025,28.593924,77.164334
13028,28.593924,77.164334
13421,28.593924,77.164334
13422,28.593924,77.164334
13423,28.593924,77.164334
13449,28.593924,77.164334
13455,28.593924,77.164334
13464,28.593924,77.164334
13532,28.593924,77.164334
13577,28.593924,77.164334
13584,28.593924,77.164334
13781,28.593924,77.164334
13788,28.593924,77.164334
13792,28.593924,77.164334
13798,28.593924,77.164334
13800,28.593924,77.164334
13803,28.593924,77.164334
13806,28.593924,77.164334
13961,28.593924,77.164334
14018,28.593924,77.164334
14430,28.593924,77.164334
14451,28.593924,77.164334
14461,28.593924,77.164334
27846,28.594065,77.177557
36451,28.595083,77.170919
34167,28.595246,77.163524
34170,28.595321,77.163438
12648,28.595638,77.162840
21746,28.595638,77.162840
21861,28.595638,77.162840
39480,28.595638,77.162840
13653,28.595673,77.175117
15976,28.596936,77.164759
15979,28.596936,77.164759
35743,28.597418,77.173833
13042,28.598831,77.162647
13592,28.599299,77.175793
13764,28.599299,77.175793
13810,28.599299,77.175793
13024,28.599945,77.162073
13030,28.599945,77.162073
13492,28.599945,77.162073
13661,28.599945,77.162073
21834,28.582200,77.187166
13571,28.582370,77.186220
13579,28.582370,77.186220
49396,28.583728,77.189076
132126,28.585268,77.191321
13058,28.586782,77.189688
27977,28.590602,77.193285
29360,28.590602,77.193285
35728,28.590602,77.193285
13711,28.590615,77.180329
13022,28.591960,77.188775
13493,28.591960,77.188775
13494,28.591960,77.188775
13543,28.591960,77.188775
13575,28.591960,77.188775
13589,28.591960,77.188775
13594,28.591960,77.188775
13598,28.591960,77.188775
13664,28.591960,77.188775
13671,28.591960,77.188775
13674,28.591960,77.188775
13713,28.591960,77.188775
14308,28.591960,77.188775
21768,28.593853,77.188736
21772,28.593853,77.188736
16316,28.595569,77.199594
48293,28.597238,77.190404
130382,28.598631,77.197680
124602,28.598967,77.195815
20496,28.581085,77.213590
32861,28.585711,77.212868
124367,28.585729,77.212738
12403,28.587398,77.216085
13048,28.587398,77.216085
32904,28.587758,77.215312
32909,28.587758,77.215312
42552,28.587758,77.215312
48710,28.587758,77.215312
21417,28.593095,77.219679
28249,28.593096,77.219679
41027,28.593096,77.219679
42034,28.593096,77.219679
42332,28.593096,77.219679
45038,28.593096,77.219679
140158,28.593096,77.219679
48885,28.593704,77.212261
21776,28.597396,77.210282
21760,28.597523,77.211333
21833,28.597523,77.211333
62541,28.598096,77.204227
53479,28.598276,77.202883
55334,28.598276,77.202883
49211,28.582491,77.237338
34757,28.582542,77.220658
12041,28.582633,77.220070
55367,28.582846,77.234367
16749,28.583287,77.239605
12316,28.583305,77.233330
23586,28.583305,77.233330
28657,28.583305,77.233330
13654,28.583737,77.238418
15669,28.583737,77.238418
111598,28.584076,77.226664
20489,28.584282,77.237771
15803,28.586274,77.224306
16738,28.586274,77.224306
41578,28.586286,77.224237
13780,28.586446,77.236204
53788,28.588101,77.233223
51938,28.589314,77.236204
12907,28.590401,77.233256
12920,28.590401,77.233256
13016,28.590401,77.233256
13783,28.590401,77.233256
25159,28.590639,77.230300
31885,28.590724,77.230317
51557,28.590787,77.226392
12046,28.590806,77.231190
12477,28.590806,77.231190
12042,28.591103,77.228068
135690,28.591225,77.230522
12064,28.592132,77.234413
41382,28.592496,77.227306
12066,28.593681,77.221834
12642,28.593681,77.221834
12684,28.593681,77.221834
12700,28.593681,77.221834
53925,28.599553,77.225414
20138,28.599993,77.226430
41504,28.580404,77.255602
25535,28.581201,77.242090
43255,28.581257,77.241952
41500,28.581410,77.259502
12173,28.581804,77.247700
21075,28.582103,77.248525
21077,28.582103,77.248525
140156,28.582347,77.248482
25153,28.582515,77.244511
55191,28.582631,77.248660
55971,28.582631,77.248660
14037,28.582963,77.251386
12123,28.583004,77.252287
62542,28.583841,77.250352
41406,28.584023,77.248418
41508,28.584023,77.248418
55969,28.584023,77.248418
136986,28.584023,77.248418
41510,28.585137,77.249459
41055,28.586715,77.253334
44876,28.586715,77.253334
48337,28.586715,77.253334
48446,28.586715,77.253334
48738,28.586715,77.253334
51569,28.586715,77.253334
14355,28.586725,77.252877
14982,28.586725,77.252877
124378,28.588359,77.257322
132117,28.588902,77.253399
17621,28.588981,77.253517
12054,28.589288,77.246343
29939,28.589320,77.253685
34213,28.589320,77.253685
55956,28.589320,77.253685
55967,28.589320,77.253685
55972,28.589320,77.253685
28268,28.589556,77.256772
51960,28.589773,77.241763
48485,28.590211,77.249937
139629,28.590211,77.249937
55974,28.591322,77.242723
49745,28.592965,77.251022
41512,28.594066,77.240683
13744,28.594847,77.249137
14331,28.594847,77.249137
14333,28.594847,77.249137
46493,28.594847,77.249137
55976,28.594847,77.249137
53879,28.597208,77.242279
51962,28.599545,77.255488
13358,28.589178,77.264940
20483,28.589818,77.260712
13259,28.590203,77.260631
37544,28.590610,77.260562
123949,28.590610,77.260562
124054,28.590610,77.260562
139624,28.590610,77.260562
143761,28.590610,77.260562
54295,28.589936,77.297930
16691,28.594213,77.294635
16740,28.594306,77.295375
15405,28.595173,77.294850
49691,28.597659,77.295934
49377,28.598183,77.295368
49379,28.598575,77.295161
12367,28.580188,77.318087
27587,28.580188,77.318087
30670,28.582061,77.310904
30820,28.585037,77.311641
35218,28.585037,77.311641
35580,28.585037,77.311641
16514,28.585258,77.311532
16552,28.585258,77.311532
13914,28.585824,77.311225
16774,28.585824,77.311225
27336,28.587828,77.318802
52313,28.588887,77.301993
15885,28.589140,77.301883
21136,28.589153,77.301892
13962,28.589156,77.302044
52485,28.589185,77.302614
55915,28.592991,77.305159
55990,28.596026,77.314494
12666,28.599694,77.319161
34661,28.582063,77.334984
45577,28.588593,77.338073
133540,28.589799,77.339472
140622,28.589799,77.339472
15586,28.589916,77.335993
15943,28.589916,77.335993
13350,28.590251,77.335594
30012,28.590483,77.331725
52286,28.591198,77.335196
28304,28.595164,77.328135
35264,28.595402,77.331584
29551,28.596249,77.339621
34476,28.596249,77.339621
34259,28.598690,77.335972
48136,28.598857,77.321174
12414,28.583800,77.359719
45089,28.583800,77.359719
27337,28.589268,77.356849
36822,28.591810,77.340498
20982,28.592914,77.344084
21734,28.592933,77.352770
27595,28.596109,77.341532
27831,28.596109,77.341532
13876,28.597062,77.348235
13927,28.597062,77.348235
21785,28.597062,77.348235
47955,28.597062,77.348235
53898,28.597062,77.348235
50389,28.597874,77.356849
54009,28.580063,77.373356
52265,28.580118,77.363486
53877,28.580118,77.363486
51971,28.581660,77.367686
51997,28.581660,77.367686
51999,28.581660,77.367686
30359,28.584907,77.379097
39688,28.585551,77.375566
55331,28.585590,77.375360
41505,28.586700,77.372839
47647,28.587481,77.368332
52254,28.590911,77.365946
52245,28.592190,77.375014
13874,28.596087,77.368332
35645,28.596088,77.368332
51947,28.596088,77.368332
28004,28.596477,77.369053
16105,28.599621,77.373635
41607,28.599621,77.373635
52002,28.599621,77.373635
43522,28.584725,77.389074
42110,28.588205,77.394368
52266,28.594112,77.380987
29947,28.598423,77.391327
140161,28.601352,76.976908
141263,28.611900,76.978000
39788,28.614750,76.977994
39999,28.600242,76.987596
12499,28.606951,76.990486
12557,28.606951,76.990486
13041,28.606951,76.990486
13447,28.606951,76.990486
13811,28.606951,76.990486
13812,28.606951,76.990486
14241,28.606951,76.990486
14313,28.606951,76.990486
14442,28.606951,76.990486
40710,28.608680,76.984588
15153,28.609013,76.985453
15347,28.609013,76.985453
15487,28.609013,76.985453
15588,28.609013,76.985453
15869,28.609013,76.985453
17230,28.609013,76.985453
24900,28.609013,76.985453
32001,28.609013,76.985453
32776,28.609013,76.985453
32783,28.609013,76.985453
32791,28.609013,76.985453
32878,28.609013,76.985453
32885,28.609013,76.985453
34070,28.609013,76.985453
34073,28.609013,76.985453
34682,28.609013,76.985453
34688,28.609013,76.985453
35286,28.609013,76.985453
48081,28.609013,76.985453
52568,28.609013,76.985453
31767,28.609478,76.983310
15893,28.610137,76.981814
33267,28.612301,76.985480
36488,28.612456,76.986276
34203,28.603912,77.000307
55158,28.616772,77.014704
54731,28.616853,77.013328
54709,28.617538,77.011151
55014,28.617897,77.011467
55159,28.617903,77.017407
54843,28.617959,77.016181
54787,28.618141,77.015677
54891,28.618946,77.017866
55085,28.619297,77.017891
14075,28.619473,77.017121
16168,28.600917,77.026224
111578,28.601124,77.029658
25705,28.601614,77.026353
26102,28.601614,77.026353
40388,28.601614,77.026353
16197,28.602198,77.025924
43912,28.602206,77.026131
16200,28.602217,77.025988
16169,28.602238,77.025996
16202,28.602238,77.025996
16217,28.602238,77.025996
16221,28.602238,77.025996
16225,28.602238,77.025996
16248,28.602238,77.025996
16254,28.602238,77.025996
16255,28.602238,77.025996
16257,28.602238,77.025996
16265,28.602238,77.025996
16290,28.602238,77.025996
16306,28.602238,77.025996
16309,28.602238,77.025996
14969,28.602269,77.025919
16291,28.602273,77.025988
13613,28.603837,77.029100
15127,28.603837,77.029100
41059,28.603837,77.029100
16194,28.607534,77.034963
16195,28.607534,77.034963
16115,28.608261,77.035086
16162,28.608261,77.035086
16173,28.608261,77.035086
16183,28.608261,77.035086
16184,28.608261,77.035086
16189,28.608261,77.035086
16198,28.608261,77.035086
16199,28.608261,77.035086
16203,28.608261,77.035086
16206,28.608261,77.035086
16212,28.608261,77.035086
16114,28.608261,77.035258
26056,28.610022,77.037965
111595,28.610971,77.037948
30534,28.612726,77.030401
33007,28.614465,77.020462
40939,28.614465,77.020462
16532,28.614951,77.022712
13452,28.615029,77.022715
14498,28.615029,77.022715
15651,28.615029,77.022715
12553,28.615301,77.029100
16307,28.615530,77.024061
40969,28.619160,77.033407
43532,28.619161,77.033230
13710,28.619316,77.033262
55084,28.619326,77.033314
16099,28.619365,77.033148
16109,28.619365,77.033148
16117,28.619365,77.033148
16157,28.619365,77.033148
16158,28.619365,77.033148
16159,28.619365,77.033148
16161,28.619365,77.033148
16163,28.619365,77.033148
16164,28.619365,77.033148
16165,28.619365,77.033148
16166,28.619365,77.033148
16167,28.619365,77.033148
16170,28.619365,77.033148
16171,28.619365,77.033148
16172,28.619365,77.033148
16174,28.619365,77.033148
16175,28.619365,77.033148
16176,28.619365,77.033148
16177,28.619365,77.033148
16178,28.619365,77.033148
16185,28.619365,77.033148
16186,28.619365,77.033148
16190,28.619365,77.033148
16191,28.619365,77.033148
16192,28.619365,77.033148
16193,28.619365,77.033148
16204,28.619365,77.033148
16205,28.619365,77.033148
16209,28.619365,77.033148
16211,28.619365,77.033148
16214,28.619365,77.033148
16216,28.619365,77.033148
16220,28.619365,77.033148
16256,28.619365,77.033148
16262,28.619365,77.033148
16263,28.619365,77.033148
16293,28.619365,77.033148
17625,28.619365,77.033148
39746,28.619372,77.032941
16215,28.619377,77.026492
16219,28.619377,77.026492
16062,28.619403,77.031861
16054,28.619403,77.032397
16123,28.600584,77.048081
26031,28.601259,77.047897
54868,28.601482,77.045746
12591,28.602920,77.049250
27745,28.602920,77.049250
27827,28.602920,77.049250
25414,28.603569,77.054108
16150,28.604206,77.054898
16228,28.604206,77.054898
16230,28.604206,77.054898
16118,28.604570,77.046539
15504,28.604716,77.046455
16180,28.604785,77.046654
16278,28.604835,77.046626
16229,28.604872,77.046626
16268,28.604891,77.046605
16153,28.605294,77.051031
35948,28.605949,77.047436
62439,28.606147,77.048172
16116,28.607818,77.040615
16239,28.607818,77.040615
16420,28.607818,77.040615
16421,28.607818,77.040615
16422,28.607818,77.040615
16423,28.607818,77.040615
16424,28.607818,77.040615
16425,28.607818,77.040615
16426,28.607818,77.040615
16427,28.607818,77.040615
16428,28.607818,77.040615
16429,28.607818,77.040615
16430,28.607818,77.040615
16431,28.607818,77.040615
16432,28.607818,77.040615
16433,28.607818,77.040615
16434,28.607818,77.040615
16435,28.607818,77.040615
16436,28.607818,77.040615
16437,28.607818,77.040615
16438,28.607818,77.040615
16439,28.607818,77.040615
16440,28.607818,77.040615
16441,28.607818,77.040615
16442,28.607818,77.040615
16443,28.607818,77.040615
16444,28.607818,77.040615
16445,28.607818,77.040615
16448,28.607818,77.040615
16449,28.607818,77.040615
16450,28.607818,77.040615
16451,28.607818,77.040615
16452,28.607818,77.040615
16453,28.607818,77.040615
16454,28.607818,77.040615
16455,28.607818,77.040615
16456,28.607818,77.040615
16457,28.607818,77.040615
16458,28.607818,77.040615
16459,28.607818,77.040615
16460,28.607818,77.040615
16461,28.607818,77.040615
16462,28.607818,77.040615
32700,28.607818,77.040615
35734,28.607818,77.040615
39633,28.607818,77.040615
55392,28.613177,77.050226
130362,28.614680,77.059109
130385,28.614680,77.059109
55268,28.614695,77.051168
127593,28.616416,77.040615
37180,28.616685,77.050063
35778,28.618678,77.053353
130370,28.619037,77.057470
58307,28.619517,77.054990
47594,28.619551,77.057921
23808,28.619557,77.054990
24508,28.619557,77.054990
24563,28.619557,77.054990
26189,28.619557,77.054990
28158,28.619557,77.054990
28343,28.619557,77.054990
32414,28.619557,77.054990
32794,28.619557,77.054990
34301,28.619557,77.054990
34302,28.619557,77.054990
34304,28.619557,77.054990
34305,28.619557,77.054990
34306,28.619557,77.054990
35002,28.619557,77.054990
35706,28.619557,77.054990
37431,28.619557,77.054990
37432,28.619557,77.054990
37433,28.619557,77.054990
38445,28.619557,77.054990
38446,28.619557,77.054990
38501,28.619557,77.054990
38505,28.619557,77.054990
38839,28.619557,77.054990
42769,28.619557,77.054990
45376,28.619557,77.054990
46008,28.619557,77.054990
48770,28.619557,77.054990
49713,28.619557,77.054990
111439,28.619557,77.054990
124326,28.619557,77.054990
124377,28.619557,77.054990
124710,28.619557,77.054990
126329,28.619557,77.054990
128278,28.619557,77.054990
39358,28.603844,77.075705
39846,28.603981,77.074444
36738,28.604184,77.060139
37399,28.604184,77.060139
39820,28.604184,77.060139
128339,28.609238,77.066609
141260,28.609822,77.063091
30568,28.610676,77.065806
20462,28.612636,77.071000
20500,28.613446,77.071108
33624,28.618001,77.077233
34324,28.618570,77.078126
24303,28.619035,77.064002
24314,28.619035,77.064002
26192,28.619035,77.064002
26629,28.619035,77.064002
26800,28.619035,77.064002
28490,28.619035,77.064002
28494,28.619035,77.064002
32007,28.619035,77.064002
34685,28.619035,77.064002
36984,28.619035,77.064002
48836,28.619035,77.064002
61850,28.619035,77.064002
124659,28.619035,77.064002
125076,28.619035,77.064002
127589,28.619035,77.064002
127594,28.619035,77.064002
128332,28.619035,77.064002
130302,28.619035,77.064002
29684,28.619105,77.070676
130304,28.619156,77.060755
55388,28.619301,77.060673
45862,28.619836,77.076080
33136,28.604304,77.095482
33140,28.604304,77.095482
55369,28.608250,77.095387
55364,28.608260,77.087694
14197,28.609675,77.089542
40023,28.611167,77.092112
55366,28.611455,77.094533
55433,28.611455,77.094533
12154,28.613111,77.095111
21074,28.613227,77.087533
21020,28.614939,77.093053
43537,28.615801,77.089856
29270,28.615906,77.085257
32252,28.615991,77.089749
14212,28.616502,77.087828
36401,28.617165,77.089183
43424,28.618067,77.095056
32234,28.600664,77.103118
34525,28.600664,77.103118
52631,28.600664,77.103118
55461,28.600664,77.103118
32083,28.601489,77.105008
140154,28.601489,77.105008
13578,28.603596,77.101557
13698,28.603596,77.101557
14609,28.603596,77.101557
39826,28.607131,77.100332
55431,28.607131,77.100332
14550,28.607270,77.101771
14553,28.607270,77.101771
14622,28.607270,77.101771
33133,28.608748,77.109683
40010,28.608748,77.109683
35831,28.609440,77.106932
13689,28.609801,77.100152
14604,28.609801,77.100152
34995,28.609838,77.104027
33879,28.609887,77.106643
54342,28.610507,77.114565
26381,28.610703,77.114010
14487,28.610752,77.113678
13641,28.610867,77.102030
132123,28.610903,77.114947
49516,28.611273,77.112464
26385,28.611939,77.115748
28648,28.611939,77.115748
34128,28.611939,77.115748
35262,28.611939,77.115748
35452,28.611939,77.115748
36665,28.611939,77.115748
42306,28.611939,77.115748
44022,28.611939,77.115748
49783,28.611939,77.115748
51804,28.612528,77.115982
13609,28.613164,77.107165
49846,28.613897,77.109290
62374,28.618477,77.110725
46844,28.619937,77.106806
62435,28.619937,77.106806
111586,28.619937,77.106806
37973,28.602029,77.126100
124301,28.602163,77.134793
122816,28.605802,77.137912
31981,28.617359,77.137613
49286,28.608692,77.140423
41020,28.608737,77.140337
41934,28.608737,77.140337
47555,28.608737,77.140337
50876,28.616235,77.145667
24744,28.600630,77.164137
26805,28.600630,77.164137
32550,28.600630,77.164137
33764,28.600630,77.164137
33906,28.600630,77.164137
34513,28.600630,77.164137
39162,28.600630,77.164137
39854,28.600630,77.164137
39858,28.600630,77.164137
48921,28.600630,77.164137
49165,28.600630,77.164137
54489,28.600630,77.164137
125161,28.600630,77.164137
150691,28.600630,77.164137
24460,28.600743,77.164180
33322,28.601048,77.167429
135702,28.615569,77.178554
22115,28.616067,77.177945
46202,28.618809,77.178000
22086,28.603876,77.198134
123509,28.603950,77.198097
15490,28.604772,77.185770
15799,28.604772,77.185770
15995,28.604772,77.185770
16479,28.604772,77.185770
48607,28.604805,77.186753
124549,28.604805,77.186753
124004,28.614348,77.199430
16756,28.606579,77.217119
21518,28.606875,77.203643
24809,28.608294,77.206944
23584,28.608989,77.208967
28302,28.609409,77.205152
123438,28.609522,77.208785
30135,28.610756,77.200875
20797,28.611014,77.212244
21185,28.613317,77.219192
123880,28.613930,77.208828
123901,28.613930,77.208828
123934,28.613930,77.208828
123939,28.613930,77.208828
123965,28.613930,77.208828
123973,28.613930,77.208828
123974,28.613930,77.208828
123975,28.613930,77.208828
123983,28.613930,77.208828
124000,28.613930,77.208828
124046,28.613930,77.208828
124047,28.613930,77.208828
124048,28.613930,77.208828
124107,28.613930,77.208828
124108,28.613930,77.208828
124109,28.613930,77.208828
124110,28.613930,77.208828
124111,28.613930,77.208828
124113,28.613930,77.208828
124114,28.613930,77.208828
124116,28.613930,77.208828
124117,28.613930,77.208828
124118,28.613930,77.208828
124119,28.613930,77.208828
124120,28.613930,77.208828
124121,28.613930,77.208828
124122,28.613930,77.208828
124123,28.613930,77.208828
124125,28.613930,77.208828
124160,28.613930,77.208828
124161,28.613930,77.208828
124186,28.613930,77.208828
124187,28.613930,77.208828
124188,28.613930,77.208828
124195,28.613930,77.208828
124196,28.613930,77.208828
124197,28.613930,77.208828
124198,28.613930,77.208828
124199,28.613930,77.208828
124388,28.613930,77.208828
124397,28.613930,77.208828
124398,28.613930,77.208828
124399,28.613930,77.208828
124400,28.613930,77.208828
124401,28.613930,77.208828
124402,28.613930,77.208828
124403,28.613930,77.208828
124416,28.613930,77.208828
124417,28.613930,77.208828
124419,28.613930,77.208828
124420,28.613930,77.208828
124421,28.613930,77.208828
124422,28.613930,77.208828
124423,28.613930,77.208828
124424,28.613930,77.208828
124425,28.613930,77.208828
124426,28.613930,77.208828
124427,28.613930,77.208828
124428,28.613930,77.208828
124429,28.613930,77.208828
124430,28.613930,77.208828
124441,28.613930,77.208828
124442,28.613930,77.208828
124443,28.613930,77.208828
124444,28.613930,77.208828
124445,28.613930,77.208828
124446,28.613930,77.208828
124447,28.613930,77.208828
124448,28.613930,77.208828
124450,28.613930,77.208828
124451,28.613930,77.208828
124453,28.613930,77.208828
124454,28.613930,77.208828
124455,28.613930,77.208828
124456,28.613930,77.208828
124458,28.613930,77.208828
124459,28.613930,77.208828
124461,28.613930,77.208828
124462,28.613930,77.208828
125346,28.613937,77.209069
15966,28.613939,77.209021
16002,28.613939,77.209021
16008,28.613939,77.209021
16009,28.613939,77.209021
16010,28.613939,77.209021
16011,28.613939,77.209021
16012,28.613939,77.209021
16013,28.613939,77.209021
16014,28.613939,77.209021
16015,28.613939,77.209021
16016,28.613939,77.209021
16106,28.613939,77.209021
16526,28.613939,77.209021
16634,28.613939,77.209021
16685,28.613939,77.209021
17611,28.613939,77.209021
20230,28.613939,77.209021
20558,28.613939,77.209021
20752,28.613939,77.209021
20924,28.613939,77.209021
21156,28.613939,77.209021
21371,28.613939,77.209021
22132,28.613939,77.209021
23556,28.613939,77.209021
23563,28.613939,77.209021
23564,28.613939,77.209021
23566,28.613939,77.209021
23567,28.613939,77.209021
23568,28.613939,77.209021
23573,28.613939,77.209021
23606,28.613939,77.209021
23607,28.613939,77.209021
23608,28.613939,77.209021
23610,28.613939,77.209021
23674,28.613939,77.209021
23979,28.613939,77.209021
24008,28.613939,77.209021
24485,28.613939,77.209021
24488,28.613939,77.209021
24570,28.613939,77.209021
24623,28.613939,77.209021
24632,28.613939,77.209021
24637,28.613939,77.209021
24641,28.613939,77.209021
24773,28.613939,77.209021
24783,28.613939,77.209021
25177,28.613939,77.209021
25294,28.613939,77.209021
25341,28.613939,77.209021
25704,28.613939,77.209021
25901,28.613939,77.209021
25903,28.613939,77.209021
25970,28.613939,77.209021
26257,28.613939,77.209021
26263,28.613939,77.209021
26417,28.613939,77.209021
26598,28.613939,77.209021
26849,28.613939,77.209021
26891,28.613939,77.209021
27193,28.613939,77.209021
27195,28.613939,77.209021
27197,28.613939,77.209021
27198,28.613939,77.209021
27483,28.613939,77.209021
27588,28.613939,77.209021
27589,28.613939,77.209021
27647,28.613939,77.209021
27726,28.613939,77.209021
27727,28.613939,77.209021
28137,28.613939,77.209021
28219,28.613939,77.209021
28362,28.613939,77.209021
28456,28.613939,77.209021
28459,28.613939,77.209021
28508,28.613939,77.209021
28510,28.613939,77.209021
28856,28.613939,77.209021
28859,28.613939,77.209021
28868,28.613939,77.209021
28870,28.613939,77.209021
28874,28.613939,77.209021
28897,28.613939,77.209021
28914,28.613939,77.209021
28915,28.613939,77.209021
28920,28.613939,77.209021
28923,28.613939,77.209021
28924,28.613939,77.209021
28941,28.613939,77.209021
28942,28.613939,77.209021
28944,28.613939,77.209021
28954,28.613939,77.209021
28955,28.613939,77.209021
28983,28.613939,77.209021
28987,28.613939,77.209021
29011,28.613939,77.209021
29014,28.613939,77.209021
29024,28.613939,77.209021
29043,28.613939,77.209021
29065,28.613939,77.209021
29069,28.613939,77.209021
29418,28.613939,77.209021
29717,28.613939,77.209021
32907,28.613939,77.209021
33219,28.613939,77.209021
33620,28.613939,77.209021
35870,28.613939,77.209021
36008,28.613939,77.209021
36274,28.613939,77.209021
36584,28.613939,77.209021
36764,28.613939,77.209021
37481,28.613939,77.209021
38807,28.613939,77.209021
40183,28.613939,77.209021
41636,28.613939,77.209021
41697,28.613939,77.209021
42579,28.613939,77.209021
42650,28.613939,77.209021
42668,28.613939,77.209021
42672,28.613939,77.209021
45591,28.613939,77.209021
45967,28.613939,77.209021
45970,28.613939,77.209021
45971,28.613939,77.209021
48138,28.613939,77.209021
48413,28.613939,77.209021
48840,28.613939,77.209021
49011,28.613939,77.209021
50566,28.613939,77.209021
50726,28.613939,77.209021
51407,28.613939,77.209021
51492,28.613939,77.209021
52650,28.613939,77.209021
53158,28.613939,77.209021
53549,28.613939,77.209021
54690,28.613939,77.209021
54692,28.613939,77.209021
54727,28.613939,77.209021
54852,28.613939,77.209021
54854,28.613939,77.209021
55491,28.613939,77.209021
58147,28.613939,77.209021
58305,28.613939,77.209021
48851,28.613975,77.219204
130399,28.614078,77.205359
21150,28.614137,77.209107
28305,28.614847,77.204873
41511,28.615112,77.212521
29787,28.615155,77.212278
20490,28.615182,77.212540
15311,28.615184,77.211969
16556,28.615184,77.211969
16673,28.615184,77.211969
21423,28.615214,77.211978
21726,28.615220,77.211939
25550,28.615386,77.211345
130356,28.616391,77.215025
22133,28.617857,77.207219
21215,28.617974,77.215613
132125,28.618841,77.218283
51014,28.619926,77.203868
20139,28.600044,77.226443
15409,28.600091,77.227042
16695,28.600091,77.227042
54663,28.600091,77.227043
26765,28.600155,77.226959
28671,28.600155,77.226959
28675,28.600155,77.226959
29522,28.600155,77.226959
32357,28.600155,77.226959
42406,28.600155,77.226959
42408,28.600155,77.226959
43270,28.600155,77.226959
48415,28.600155,77.226959
130374,28.600155,77.226959
132109,28.600155,77.226959
11945,28.602303,77.225786
26020,28.602689,77.228126
16639,28.605974,77.230456
15579,28.609833,77.236348
15670,28.609833,77.236348
15939,28.609833,77.236348
16743,28.609833,77.236348
30136,28.611089,77.234518
130329,28.611089,77.234518
13899,28.612912,77.229510
15585,28.612912,77.229510
21807,28.612912,77.229510
23854,28.612912,77.229510
24470,28.612912,77.229510
26826,28.612912,77.229510
35781,28.612912,77.229510
41693,28.612912,77.229510
46641,28.612912,77.229510
12203,28.612987,77.229514
12376,28.612987,77.229514
12772,28.612987,77.229514
14793,28.615351,77.236860
16101,28.615351,77.236860
47105,28.619969,77.223511
26685,28.601152,77.241731
32172,28.601203,77.253514
41577,28.601203,77.253514
48828,28.601203,77.253514
48829,28.601203,77.253514
26827,28.601431,77.252795
125187,28.607414,77.241963
12780,28.609407,77.244162
33777,28.611010,77.253253
33783,28.611010,77.253253
16464,28.611233,77.240173
12457,28.611430,77.240695
13306,28.611430,77.240695
13693,28.611430,77.240695
14606,28.611430,77.240695
12043,28.611507,77.243389
12061,28.611507,77.243389
12875,28.611507,77.243389
13303,28.611507,77.243389
13387,28.611507,77.243389
13405,28.611507,77.243389
13342,28.612455,77.245850
13401,28.612455,77.245850
29816,28.612646,77.243358
30608,28.612646,77.243358
32636,28.612646,77.243358
34627,28.612646,77.243358
34930,28.612646,77.243358
38068,28.612646,77.243358
51778,28.612646,77.243358
55988,28.612646,77.243358
123947,28.612646,77.243358
123982,28.612646,77.243358
124303,28.612646,77.243358
137018,28.612646,77.243358
12701,28.612688,77.244864
12764,28.612688,77.244864
21797,28.615365,77.249013
21799,28.615365,77.249013
21827,28.615365,77.249013
15581,28.615980,77.244382
16760,28.615980,77.244382
26428,28.617670,77.240368
29928,28.618472,77.244764
36775,28.618934,77.244122
12108,28.619092,77.248735
55730,28.612674,77.277262
55914,28.612674,77.277262
12547,28.613822,77.276200
14253,28.614784,77.277869
14301,28.614784,77.277869
14492,28.614784,77.277869
26005,28.617353,77.275203
54298,28.617963,77.279376
55895,28.617963,77.279376
125142,28.618154,77.279425
12130,28.600717,77.280742
13510,28.600717,77.280742
55523,28.602640,77.290486
53856,28.602830,77.284451
34149,28.604110,77.289585
54208,28.604110,77.289585
21064,28.604186,77.289538
21176,28.604186,77.289538
21177,28.604186,77.289538
12057,28.605596,77.294388
13233,28.605596,77.294388
14617,28.605596,77.294388
38462,28.605727,77.298607
38464,28.605727,77.298607
15675,28.606593,77.293676
20978,28.606593,77.293676
15945,28.607415,77.290971
15506,28.607787,77.291288
24548,28.608370,77.293112
25539,28.608370,77.293112
31987,28.608370,77.293112
33150,28.608370,77.293112
36310,28.608370,77.293112
40910,28.608370,77.293112
41974,28.608370,77.293112
44223,28.608370,77.293112
44565,28.608370,77.293112
47091,28.608370,77.293112
48639,28.608370,77.293112
53220,28.608370,77.293112
53480,28.608370,77.293112
53703,28.608370,77.293112
41447,28.610596,77.294902
12558,28.611740,77.298696
12033,28.612189,77.280742
12460,28.612189,77.280742
13300,28.612189,77.280742
61845,28.612219,77.297453
49688,28.612340,77.288454
47545,28.612476,77.294850
49374,28.613004,77.288479
15676,28.613160,77.288369
15677,28.613160,77.288369
13398,28.614751,77.284218
43310,28.616503,77.288063
47918,28.616956,77.287302
40848,28.617621,77.280136
14254,28.618936,77.286483
14300,28.618936,77.286483
16741,28.619073,77.286437
14477,28.600087,77.319520
48164,28.600337,77.319337
31991,28.600920,77.313810
37008,28.601243,77.303156
41554,28.601243,77.303156
50926,28.601243,77.303156
51182,28.601243,77.303156
52364,28.601243,77.303156
52406,28.601243,77.303156
16754,28.602385,77.314187
15573,28.602759,77.314310
141262,28.605603,77.305293
12201,28.606035,77.306595
12377,28.606035,77.306595
20843,28.607577,77.301797
52407,28.607688,77.312699
52291,28.607771,77.317366
52439,28.607907,77.311389
52256,28.607937,77.305122
52258,28.607937,77.305122
52260,28.607937,77.305122
52261,28.607937,77.305122
52400,28.608283,77.306442
132133,28.608803,77.309317
132597,28.608803,77.309317
52398,28.609449,77.310721
51685,28.609753,77.304743
52409,28.610258,77.311442
14126,28.612337,77.301210
50315,28.612892,77.312329
52247,28.613335,77.317256
135691,28.613590,77.308840
124834,28.614624,77.312158
52215,28.614942,77.317366
52292,28.614942,77.317366
52214,28.616180,77.310241
50577,28.616859,77.317661
52443,28.616859,77.317661
16758,28.616963,77.300851
29341,28.616963,77.300851
52457,28.616963,77.300851
42438,28.617951,77.314221
51909,28.617951,77.314221
52362,28.617951,77.314221
52369,28.617951,77.314221
52395,28.617951,77.314221
52396,28.617951,77.314221
52401,28.617951,77.314221
52410,28.617951,77.314221
55710,28.617951,77.314221
32370,28.618158,77.312012
51631,28.618158,77.312012
51874,28.618158,77.312012
52288,28.618158,77.312012
52352,28.618158,77.312012
52366,28.618158,77.312012
52415,28.618158,77.312012
52445,28.618158,77.312012
52437,28.618877,77.317778
50725,28.618894,77.319236
51872,28.618894,77.319236
52206,28.618894,77.319236
52466,28.618894,77.319236
52211,28.619252,77.319340
52299,28.619252,77.319340
52196,28.619705,77.318443
52358,28.619705,77.318443
31896,28.603006,77.333909
28827,28.603054,77.322188
33202,28.603977,77.334982
52248,28.603977,77.334982
27843,28.604826,77.331725
30872,28.604826,77.331725
30951,28.604826,77.331725
32675,28.605390,77.339559
44226,28.605464,77.333519
31881,28.609068,77.331422
53422,28.609732,77.332777
21065,28.610151,77.329426
21179,28.610439,77.338710
37694,28.610942,77.321556
13282,28.611206,77.335738
21087,28.611281,77.324361
31075,28.612646,77.331007
21103,28.612675,77.324834
20985,28.612719,77.329955
32683,28.613145,77.336588
21178,28.613283,77.336628
20844,28.613716,77.337122
20975,28.613716,77.337122
20976,28.613716,77.337122
13461,28.614488,77.335314
13508,28.614488,77.335314
31900,28.614787,77.336985
32222,28.601732,77.347810
13907,28.606751,77.359719
14143,28.606751,77.359719
27886,28.608564,77.356131
27926,28.608564,77.356131
30852,28.608564,77.356131
40124,28.608839,77.346157
13908,28.609240,77.344287
14010,28.609240,77.344287
13895,28.610521,77.354345
37881,28.610521,77.354345
115862,28.613380,77.344467
13886,28.613530,77.359361
30615,28.615572,77.346800
31044,28.615572,77.346800
50579,28.615572,77.346800
50885,28.615572,77.346800
51054,28.615572,77.346800
51144,28.615572,77.346800
52359,28.615572,77.346800
52404,28.615572,77.346800
115577,28.615572,77.346800
14134,28.602475,77.367614
28331,28.602636,77.376944
51949,28.602636,77.376944
54871,28.609072,77.372958
30853,28.611892,77.376226
54966,28.611892,77.376226
13888,28.611927,77.362321
30956,28.612928,77.370328
42677,28.612929,77.370778
23661,28.612957,77.368235
30897,28.612960,77.362444
13920,28.613029,77.365461
42048,28.613238,77.369140
30927,28.613540,77.371831
28651,28.614197,77.371305
13912,28.614340,77.371134
14491,28.615218,77.369352
29750,28.615978,77.377230
43281,28.616414,77.364826
29929,28.616903,77.364354
30919,28.616903,77.364354
31127,28.616903,77.364354
31130,28.616903,77.364354
37887,28.616903,77.364354
33027,28.617197,77.373535
34999,28.617197,77.373535
38051,28.617197,77.373535
44429,28.617372,77.373610
28734,28.618708,77.372584
55893,28.618708,77.372584
16470,28.615571,77.384837
27083,28.618548,77.383174
55134,28.620059,77.018728
54771,28.621268,77.017972
28267,28.623072,77.027716
35624,28.623072,77.027716
36530,28.623072,77.027716
40384,28.623072,77.027716
48922,28.623072,77.027716
55764,28.623072,77.027716
111576,28.623072,77.027716
123937,28.623072,77.027716
130379,28.623072,77.027716
140153,28.623072,77.027716
24798,28.624175,77.036642
38484,28.624175,77.036642
124098,28.624175,77.036642
136984,28.624175,77.036642
30413,28.625025,77.039307
123757,28.638315,77.025749
123801,28.638315,77.025749
123822,28.638315,77.025749
124205,28.638315,77.025749
17127,28.639235,77.028934
17166,28.639235,77.028934
17169,28.639235,77.028934
17199,28.639235,77.028934
17200,28.639235,77.028934
17229,28.639235,77.028934
16188,28.620156,77.045023
55321,28.620239,77.045135
128344,28.620260,77.045070
130306,28.620260,77.045070
49372,28.621060,77.040456
40444,28.621389,77.055662
43211,28.621545,77.055310
38685,28.621554,77.055720
21825,28.621734,77.055818
16640,28.621737,77.055817
26190,28.621763,77.055823
13610,28.621767,77.055846
13751,28.621767,77.055846
14205,28.621767,77.055846
14206,28.621767,77.055846
14552,28.621767,77.055846
23849,28.622569,77.056087
32579,28.622569,77.056087
37054,28.622766,77.056267
37164,28.622766,77.056267
41090,28.622766,77.056267
50591,28.622766,77.056267
55390,28.622766,77.056267
55399,28.622766,77.056267
130303,28.622766,77.056267
130309,28.622766,77.056267
130310,28.622766,77.056267
130313,28.622766,77.056267
130314,28.622766,77.056267
130344,28.622766,77.056267
130368,28.622766,77.056267
130372,28.622766,77.056267
130411,28.622766,77.056267
17119,28.626665,77.055870
17149,28.626665,77.055870
17158,28.626665,77.055870
17193,28.626665,77.055870
17194,28.626665,77.055870
17198,28.626665,77.055870
17222,28.626665,77.055870
17224,28.626665,77.055870
17232,28.626665,77.055870
17233,28.626665,77.055870
17234,28.626665,77.055870
17235,28.626665,77.055870
17236,28.626665,77.055870
17237,28.626665,77.055870
17239,28.626665,77.055870
17240,28.626665,77.055870
17241,28.626665,77.055870
17242,28.626665,77.055870
17243,28.626665,77.055870
24741,28.629515,77.059140
30884,28.630433,77.043022
49006,28.631630,77.057166
17124,28.635059,77.049955
12297,28.621272,77.061327
12298,28.621272,77.061327
12327,28.621272,77.061327
12627,28.621272,77.061327
13049,28.621272,77.061327
13145,28.621272,77.061327
13424,28.621272,77.061327
13425,28.621272,77.061327
13443,28.621272,77.061327
13686,28.621272,77.061327
13701,28.621272,77.061327
13704,28.621272,77.061327
13815,28.621272,77.061327
14183,28.621272,77.061327
14192,28.621272,77.061327
14224,28.621272,77.061327
14266,28.621272,77.061327
14273,28.621272,77.061327
14515,28.621272,77.061327
14599,28.621272,77.061327
14603,28.621272,77.061327
14610,28.621272,77.061327
14611,28.621272,77.061327
17120,28.621272,77.061327
17121,28.621272,77.061327
17122,28.621272,77.061327
17123,28.621272,77.061327
17125,28.621272,77.061327
17126,28.621272,77.061327
17128,28.621272,77.061327
17129,28.621272,77.061327
17130,28.621272,77.061327
17131,28.621272,77.061327
17132,28.621272,77.061327
17133,28.621272,77.061327
17134,28.621272,77.061327
17135,28.621272,77.061327
17136,28.621272,77.061327
17137,28.621272,77.061327
17138,28.621272,77.061327
17139,28.621272,77.061327
17140,28.621272,77.061327
17141,28.621272,77.061327
17142,28.621272,77.061327
17143,28.621272,77.061327
17144,28.621272,77.061327
17145,28.621272,77.061327
17146,28.621272,77.061327
17147,28.621272,77.061327
17148,28.621272,77.061327
17150,28.621272,77.061327
17151,28.621272,77.061327
17152,28.621272,77.061327
17153,28.621272,77.061327
17154,28.621272,77.061327
17155,28.621272,77.061327
17156,28.621272,77.061327
17157,28.621272,77.061327
17159,28.621272,77.061327
17160,28.621272,77.061327
17161,28.621272,77.061327
17162,28.621272,77.061327
17163,28.621272,77.061327
17164,28.621272,77.061327
17165,28.621272,77.061327
17167,28.621272,77.061327
17168,28.621272,77.061327
17170,28.621272,77.061327
17171,28.621272,77.061327
17172,28.621272,77.061327
17173,28.621272,77.061327
17174,28.621272,77.061327
17175,28.621272,77.061327
17176,28.621272,77.061327
17177,28.621272,77.061327
17178,28.621272,77.061327
17179,28.621272,77.061327
17180,28.621272,77.061327
17181,28.621272,77.061327
17182,28.621272,77.061327
17183,28.621272,77.061327
17184,28.621272,77.061327
17185,28.621272,77.061327
17186,28.621272,77.061327
17187,28.621272,77.061327
17188,28.621272,77.061327
17189,28.621272,77.061327
17190,28.621272,77.061327
17191,28.621272,77.061327
17192,28.621272,77.061327
17195,28.621272,77.061327
17196,28.621272,77.061327
17197,28.621272,77.061327
17201,28.621272,77.061327
17202,28.621272,77.061327
17203,28.621272,77.061327
17204,28.621272,77.061327
17205,28.621272,77.061327
17206,28.621272,77.061327
17207,28.621272,77.061327
17208,28.621272,77.061327
17209,28.621272,77.061327
17210,28.621272,77.061327
17211,28.621272,77.061327
17212,28.621272,77.061327
17213,28.621272,77.061327
17214,28.621272,77.061327
17215,28.621272,77.061327
17216,28.621272,77.061327
17217,28.621272,77.061327
17218,28.621272,77.061327
17219,28.621272,77.061327
17220,28.621272,77.061327
17221,28.621272,77.061327
17223,28.621272,77.061327
17225,28.621272,77.061327
17226,28.621272,77.061327
17227,28.621272,77.061327
17238,28.621272,77.061327
17589,28.621272,77.061327
17590,28.621272,77.061327
17591,28.621272,77.061327
17593,28.621272,77.061327
17600,28.621272,77.061327
17601,28.621272,77.061327
17602,28.621272,77.061327
17603,28.621272,77.061327
17614,28.621272,77.061327
17623,28.621272,77.061327
17629,28.621272,77.061327
21727,28.621272,77.061327
14976,28.621366,77.061353
29308,28.622548,77.063282
130307,28.623788,77.064690
54772,28.624693,77.065154
124387,28.624779,77.067492
15888,28.624790,77.065171
26400,28.624805,77.065306
26635,28.624805,77.065306
27640,28.624805,77.065306
55350,28.624805,77.065306
13438,28.624810,77.065301
13061,28.624855,77.065946
13639,28.624855,77.065946
15878,28.624855,77.065946
12192,28.625796,77.065713
129745,28.626199,77.069202
129754,28.626199,77.069202
35353,28.626797,77.078764
35116,28.627036,77.069968
35631,28.627200,77.072189
36501,28.627237,77.072051
36286,28.627269,77.072181
39832,28.628720,77.076623
34321,28.629420,77.077658
35896,28.629420,77.077658
13617,28.629468,77.077768
13621,28.629468,77.077768
14524,28.629468,77.077768
40725,28.629470,77.077770
40768,28.629470,77.077770
43961,28.629470,77.077770
46424,28.629470,77.077770
49515,28.629470,77.077770
39329,28.629681,77.079650
39330,28.629681,77.079650
54926,28.629716,77.078078
62554,28.630400,77.079783
136928,28.630400,77.079783
150693,28.630400,77.079783
12737,28.632186,77.070953
13720,28.632999,77.067949
13601,28.634304,77.073938
27794,28.634730,77.074434
62538,28.634997,77.079298
50860,28.635587,77.076268
12246,28.638243,77.073715
13458,28.638243,77.073715
13460,28.638243,77.073715
13761,28.638243,77.073715
13826,28.638243,77.073715
14517,28.638243,77.073715
14554,28.638243,77.073715
111960,28.638414,77.079077
111963,28.638414,77.079077
31817,28.638484,77.061640
32275,28.638484,77.061640
26632,28.638644,77.072060
34310,28.638644,77.072060
34311,28.638644,77.072060
34314,28.638644,77.072060
34315,28.638644,77.072060
34316,28.638644,77.072060
34318,28.638644,77.072060
42910,28.638644,77.072060
46796,28.638644,77.072060
48761,28.638644,77.072060
53731,28.638644,77.072060
55302,28.638644,77.072060
55768,28.638644,77.072060
62479,28.638644,77.072060
62480,28.638644,77.072060
62483,28.638644,77.072060
62518,28.638644,77.072060
16472,28.638646,77.074515
15412,28.638753,77.073803
16699,28.638753,77.073803
17228,28.638753,77.073803
17231,28.638753,77.073803
17588,28.638753,77.073803
21848,28.638753,77.073803
22066,28.638753,77.073803
22067,28.638753,77.073803
22084,28.638753,77.073803
22085,28.638753,77.073803
27616,28.639913,77.079245
12158,28.620123,77.093858
12249,28.620123,77.093858
12395,28.620123,77.093858
12492,28.620123,77.093858
12548,28.620123,77.093858
12569,28.620123,77.093858
12687,28.620123,77.093858
13026,28.620123,77.093858
13225,28.620123,77.093858
13226,28.620123,77.093858
13619,28.620123,77.093858
13660,28.620123,77.093858
13749,28.620123,77.093858
13813,28.620123,77.093858
13817,28.620123,77.093858
14101,28.620123,77.093858
14219,28.620123,77.093858
14370,28.620123,77.093858
14509,28.620123,77.093858
14592,28.620123,77.093858
14679,28.620123,77.093858
28394,28.620909,77.087862
15495,28.621899,77.087838
15501,28.621899,77.087838
21774,28.621899,77.087838
21813,28.621899,77.087838
16662,28.621899,77.087839
17630,28.621899,77.087839
24607,28.621899,77.087839
25100,28.621899,77.087839
25364,28.621899,77.087839
28356,28.621899,77.087839
29563,28.621899,77.087839
32086,28.621899,77.087839
32832,28.621899,77.087839
32837,28.621899,77.087839
34123,28.621899,77.087839
35289,28.621899,77.087839
35760,28.621899,77.087839
36199,28.621899,77.087839
36312,28.621899,77.087839
37909,28.621899,77.087839
40453,28.621899,77.087839
42305,28.621899,77.087839
45847,28.621899,77.087839
46850,28.621899,77.087839
53588,28.621899,77.087839
53702,28.621899,77.087839
62263,28.621899,77.087839
62367,28.621899,77.087839
62484,28.621899,77.087839
111967,28.621899,77.087839
126330,28.621899,77.087839
130321,28.621899,77.087839
31840,28.622014,77.096762
32276,28.622014,77.096762
32411,28.622014,77.096762
39462,28.622014,77.096762
124466,28.622046,77.092602
20983,28.622135,77.091954
20984,28.622135,77.091954
20776,28.622954,77.086326
128342,28.624186,77.096334
13625,28.625140,77.089752
42909,28.627543,77.094807
12494,28.629554,77.080190
12776,28.629554,77.080190
13640,28.629554,77.080190
13745,28.629554,77.080190
14588,28.629554,77.080190
16668,28.629554,77.080190
16675,28.629554,77.080190
23652,28.629554,77.080190
27882,28.629554,77.080190
32866,28.629554,77.080190
52005,28.629554,77.080190
62375,28.629554,77.080190
62376,28.629554,77.080190
62434,28.629554,77.080190
62540,28.629554,77.080190
136989,28.629554,77.080190
13591,28.630658,77.096286
62525,28.631074,77.090457
111953,28.631074,77.090457
33473,28.631151,77.091152
42250,28.631570,77.082417
62431,28.632749,77.095571
30015,28.633030,77.086671
32215,28.633030,77.086671
32221,28.633030,77.086671
34676,28.633030,77.086671
15124,28.633103,77.086652
16511,28.633188,77.086627
43248,28.633314,77.087865
62369,28.633332,77.087466
62486,28.633332,77.087466
27860,28.634196,77.089784
28164,28.634269,77.084506
137024,28.634269,77.084506
115580,28.634480,77.089192
62373,28.636053,77.096191
62432,28.636053,77.096191
62478,28.636053,77.096191
62550,28.636053,77.096191
111447,28.636053,77.096191
34493,28.636651,77.097272
15791,28.636824,77.093800
124855,28.636830,77.095961
130308,28.636830,77.095961
24107,28.637554,77.095844
37330,28.637554,77.095844
55462,28.637554,77.095844
62372,28.637554,77.095844
111238,28.637554,77.095844
111955,28.637554,77.095844
111958,28.637554,77.095844
118165,28.637554,77.095844
118588,28.637554,77.095844
13687,28.637713,77.094218
12890,28.638337,77.089542
12891,28.638337,77.089542
13712,28.638337,77.089542
13830,28.638337,77.089542
14551,28.638337,77.089542
14555,28.638337,77.089542
14614,28.638337,77.089542
24099,28.638932,77.086681
25231,28.638932,77.086681
25663,28.638932,77.086681
25672,28.638932,77.086681
26910,28.638932,77.086681
28389,28.638932,77.086681
30397,28.638932,77.086681
32778,28.638932,77.086681
32876,28.638932,77.086681
34056,28.638932,77.086681
34650,28.638932,77.086681
37721,28.638932,77.086681
40356,28.638932,77.086681
41552,28.638932,77.086681
47675,28.638932,77.086681
51403,28.638932,77.086681
55299,28.638932,77.086681
125349,28.638932,77.086681
17587,28.639069,77.086774
17624,28.639069,77.086774
21255,28.639069,77.086774
124551,28.639862,77.083068
62427,28.620745,77.111481
62437,28.620745,77.111481
62545,28.620884,77.109926
55349,28.620970,77.109487
62438,28.621138,77.111841
62436,28.621258,77.107534
111964,28.621258,77.107534
62514,28.623000,77.107519
62529,28.623000,77.107519
111603,28.623312,77.104648
62530,28.623759,77.102240
32051,28.624214,77.102850
32278,28.624214,77.102850
17616,28.624860,77.110868
32580,28.624860,77.110868
32881,28.624860,77.110868
50436,28.624860,77.110868
50450,28.624860,77.110868
50456,28.624860,77.110868
50521,28.624860,77.110868
124713,28.624860,77.110868
150686,28.624860,77.110868
32214,28.624915,77.110891
35647,28.624915,77.110891
35755,28.624915,77.110891
62426,28.624915,77.110891
62433,28.624915,77.110891
55519,28.624953,77.110694
13068,28.625232,77.119641
13074,28.625232,77.119641
13075,28.625232,77.119641
55333,28.626069,77.103277
62549,28.626157,77.109242
62546,28.627056,77.110043
12564,28.628240,77.111031
35727,28.632085,77.117500
62533,28.632742,77.113279
111581,28.633231,77.111103
15641,28.634846,77.118166
24725,28.635245,77.117483
24975,28.635245,77.117483
24979,28.635245,77.117483
30981,28.635245,77.117483
32796,28.635245,77.117483
32890,28.635245,77.117483
35920,28.635245,77.117483
38697,28.635245,77.117483
47744,28.635245,77.117483
48876,28.635245,77.117483
50878,28.635245,77.117483
50881,28.635245,77.117483
45278,28.635378,77.106610
13253,28.635852,77.101861
55282,28.637147,77.100087
30089,28.637377,77.101444
30952,28.637377,77.101444
38944,28.637377,77.101444
47238,28.637377,77.101444
55348,28.637377,77.101444
37336,28.639077,77.104648
34991,28.639559,77.117282
53421,28.620897,77.121850
111962,28.622863,77.138180
40936,28.622959,77.136830
26330,28.623074,77.120774
28262,28.623074,77.120774
43613,28.623074,77.120774
50902,28.623074,77.120774
53583,28.623074,77.120774
125078,28.623074,77.120774
125145,28.623074,77.120774
13662,28.623582,77.135115
13465,28.624550,77.139888
13707,28.624550,77.139888
14612,28.624550,77.139888
124320,28.625060,77.137731
62553,28.625406,77.134623
12168,28.626045,77.134499
12172,28.626045,77.134499
62532,28.626633,77.135527
111589,28.626633,77.135527
111957,28.626633,77.135527
32833,28.627284,77.122275
12112,28.627330,77.124067
14556,28.627330,77.124067
16667,28.629105,77.138809
35880,28.630416,77.126761
62428,28.630473,77.126944
62429,28.632047,77.138909
135742,28.632047,77.138909
21751,28.632141,77.138852
21783,28.632142,77.138852
38894,28.633906,77.120984
22077,28.635578,77.132537
21835,28.636693,77.130420
62555,28.636798,77.128939
111954,28.636798,77.128939
112216,28.636798,77.128939
33608,28.637003,77.129641
34842,28.637003,77.129641
62368,28.637061,77.129734
26410,28.638172,77.132113
21741,28.639590,77.120024
34798,28.621515,77.144523
111594,28.624899,77.143122
15500,28.628988,77.141326
24885,28.628988,77.141326
47677,28.628988,77.141326
47819,28.628988,77.141326
62430,28.628988,77.141326
62517,28.628988,77.141326
139626,28.628988,77.141326
12304,28.629540,77.147078
14061,28.631524,77.140038
21820,28.632000,77.145099
55210,28.632000,77.145099
140151,28.632000,77.145099
58660,28.637216,77.144921
55304,28.623097,77.160008
27781,28.632545,77.174648
14505,28.633223,77.173509
21738,28.634934,77.179282
33736,28.634934,77.179283
124285,28.635686,77.168287
125005,28.635686,77.168287
30630,28.631496,77.198214
12284,28.632156,77.189966
13171,28.632156,77.189966
13525,28.632156,77.189966
14013,28.632156,77.189966
124248,28.632667,77.198996
36216,28.632832,77.188804
33105,28.636717,77.183396
16679,28.637235,77.182364
20493,28.637235,77.182364
30982,28.637235,77.182364
35523,28.637235,77.182364
37124,28.637235,77.182364
41112,28.637235,77.182364
41113,28.637235,77.182364
41562,28.637235,77.182364
124972,28.639493,77.180689
13691,28.639798,77.188616
28578,28.620954,77.217941
43219,28.620954,77.217941
46117,28.621679,77.216934
31800,28.621872,77.203579
42833,28.621872,77.215626
130404,28.622574,77.213968
14664,28.622966,77.214076
39782,28.623097,77.212567
55294,28.623097,77.212567
37722,28.623366,77.201248
17622,28.623556,77.214532
35273,28.623670,77.217586
32398,28.624788,77.219139
130364,28.625410,77.202197
30489,28.625709,77.200634
14988,28.626334,77.215915
21186,28.626339,77.209050
24778,28.626583,77.209063
36495,28.626583,77.209063
111961,28.626594,77.219301
12208,28.627817,77.218959
12232,28.627817,77.218959
12873,28.627817,77.218959
12876,28.627817,77.218959
13143,28.627817,77.218959
13932,28.627817,77.218959
25443,28.627817,77.218959
26180,28.627817,77.218959
12675,28.627917,77.212492
13372,28.627917,77.212492
27670,28.628179,77.213441
14506,28.628895,77.218701
123739,28.629036,77.217820
35401,28.629079,77.218764
62516,28.629079,77.218764
130377,28.629079,77.218764
35747,28.629268,77.207655
20338,28.629328,77.214569
20339,28.629328,77.214569
26865,28.629406,77.218822
26772,28.629702,77.219673
27764,28.630009,77.214929
124761,28.630036,77.214931
53973,28.630044,77.219524
12035,28.630410,77.216085
12082,28.630410,77.216085
12146,28.630410,77.216085
12180,28.630410,77.216085
12251,28.630410,77.216085
12405,28.630410,77.216085
12593,28.630410,77.216085
12638,28.630410,77.216085
12887,28.630410,77.216085
12937,28.630410,77.216085
13150,28.630410,77.216085
13173,28.630410,77.216085
13178,28.630410,77.216085
13202,28.630410,77.216085
13232,28.630410,77.216085
13272,28.630410,77.216085
13334,28.630410,77.216085
13672,28.630410,77.216085
13708,28.630410,77.216085
13715,28.630410,77.216085
13862,28.630410,77.216085
13879,28.630410,77.216085
13955,28.630410,77.216085
13976,28.630410,77.216085
13983,28.630410,77.216085
14016,28.630410,77.216085
14249,28.630410,77.216085
14286,28.630410,77.216085
14296,28.630410,77.216085
14323,28.630410,77.216085
14336,28.630410,77.216085
14352,28.630410,77.216085
14354,28.630410,77.216085
14378,28.630410,77.216085
14411,28.630410,77.216085
14465,28.630410,77.216085
14647,28.630410,77.216085
14674,28.630410,77.216085
23665,28.630420,77.217722
24677,28.630420,77.217722
24782,28.630420,77.217722
28222,28.630420,77.217722
29087,28.630420,77.217722
29145,28.630420,77.217722
30200,28.630420,77.217722
30609,28.630420,77.217722
30626,28.630420,77.217722
32195,28.630420,77.217722
32889,28.630420,77.217722
33417,28.630420,77.217722
34130,28.630420,77.217722
35044,28.630420,77.217722
35311,28.630420,77.217722
35435,28.630420,77.217722
35785,28.630420,77.217722
36001,28.630420,77.217722
36237,28.630420,77.217722
36242,28.630420,77.217722
36407,28.630420,77.217722
36771,28.630420,77.217722
36884,28.630420,77.217722
36886,28.630420,77.217722
37333,28.630420,77.217722
37486,28.630420,77.217722
38230,28.630420,77.217722
38648,28.630420,77.217722
38755,28.630420,77.217722
38756,28.630420,77.217722
38762,28.630420,77.217722
38968,28.630420,77.217722
39263,28.630420,77.217722
39368,28.630420,77.217722
39438,28.630420,77.217722
39463,28.630420,77.217722
39511,28.630420,77.217722
39566,28.630420,77.217722
40627,28.630420,77.217722
41062,28.630420,77.217722
41087,28.630420,77.217722
41138,28.630420,77.217722
41486,28.630420,77.217722
41487,28.630420,77.217722
41725,28.630420,77.217722
42302,28.630420,77.217722
46689,28.630420,77.217722
47676,28.630420,77.217722
47680,28.630420,77.217722
47938,28.630420,77.217722
47945,28.630420,77.217722
48729,28.630420,77.217722
49508,28.630420,77.217722
51698,28.630420,77.217722
52460,28.630420,77.217722
52496,28.630420,77.217722
53539,28.630420,77.217722
53737,28.630420,77.217722
53904,28.630420,77.217722
54440,28.630420,77.217722
54527,28.630420,77.217722
54917,28.630420,77.217722
55021,28.630420,77.217722
55119,28.630420,77.217722
55120,28.630420,77.217722
55344,28.630420,77.217722
124711,28.630420,77.217722
125165,28.630420,77.217722
125305,28.630420,77.217722
125539,28.630420,77.217722
16528,28.630516,77.219249
54324,28.630522,77.219632
45850,28.630566,77.215113
53452,28.630598,77.212331
14820,28.630839,77.218815
62551,28.630929,77.218572
12538,28.631009,77.218600
13069,28.631009,77.218600
13077,28.631009,77.218600
13279,28.631009,77.218600
14466,28.631009,77.218600
21254,28.631009,77.218600
24459,28.631009,77.218600
30957,28.631009,77.218600
32416,28.631009,77.218600
41673,28.631009,77.218600
45306,28.631341,77.219865
49180,28.631341,77.219865
53011,28.631346,77.219038
15680,28.631451,77.216667
15797,28.631451,77.216667
15814,28.631451,77.216667
15961,28.631451,77.216667
16538,28.631451,77.216667
16632,28.631451,77.216667
16646,28.631451,77.216667
16721,28.631451,77.216667
16732,28.631451,77.216667
16768,28.631451,77.216667
16772,28.631451,77.216667
16776,28.631451,77.216667
20792,28.631451,77.216667
21181,28.631451,77.216667
21324,28.631451,77.216667
21806,28.631451,77.216667
21815,28.631451,77.216667
21851,28.631451,77.216667
21857,28.631451,77.216667
22135,28.631451,77.216667
32762,28.631451,77.216667
44227,28.631451,77.216667
54878,28.631452,77.216669
124616,28.631452,77.216669
53192,28.631518,77.217503
45419,28.631701,77.215705
22131,28.631724,77.217364
27669,28.631757,77.219664
41516,28.631849,77.216913
20887,28.632046,77.219986
20898,28.632046,77.219986
20961,28.632046,77.219986
22096,28.632104,77.218712
22097,28.632104,77.218712
53382,28.632213,77.217771
43253,28.632330,77.216249
42298,28.632535,77.219521
23630,28.632623,77.218441
18854,28.632635,77.218264
46389,28.632637,77.218473
41485,28.632640,77.219707
53203,28.632640,77.219707
16475,28.632643,77.218484
16722,28.632643,77.218484
25120,28.632671,77.219516
27013,28.632671,77.219516
29520,28.632671,77.219516
29523,28.632671,77.219516
40727,28.632671,77.219516
42241,28.632671,77.219516
53202,28.632671,77.219516
12571,28.632679,77.213570
15899,28.632715,77.218026
24461,28.632792,77.219656
25129,28.632792,77.219656
25229,28.632792,77.219656
25327,28.632792,77.219656
25388,28.632792,77.219656
26412,28.632792,77.219656
28013,28.632792,77.219656
28094,28.632792,77.219656
28739,28.632792,77.219656
31931,28.632792,77.219656
32408,28.632792,77.219656
32915,28.632792,77.219656
33158,28.632792,77.219656
33836,28.632792,77.219656
34837,28.632792,77.219656
35364,28.632792,77.219656
39109,28.632792,77.219656
40279,28.632792,77.219656
41472,28.632792,77.219656
45870,28.632792,77.219656
47487,28.632792,77.219656
47489,28.632792,77.219656
48514,28.632792,77.219656
49161,28.632792,77.219656
50982,28.632792,77.219656
53425,28.632792,77.219656
53698,28.632792,77.219656
53857,28.632792,77.219656
55910,28.632792,77.219656
123935,28.632792,77.219656
37031,28.632805,77.214257
12040,28.632824,77.218259
12091,28.632824,77.218259
12188,28.632824,77.218259
13031,28.632824,77.218259
13161,28.632824,77.218259
13518,28.632824,77.218259
13529,28.632824,77.218259
13536,28.632824,77.218259
13574,28.632824,77.218259
13618,28.632824,77.218259
13632,28.632824,77.218259
13836,28.632824,77.218259
13849,28.632824,77.218259
13948,28.632824,77.218259
14050,28.632824,77.218259
21359,28.632842,77.219562
21316,28.632861,77.219530
21327,28.632861,77.219530
21740,28.632862,77.219542
21750,28.632862,77.219542
21810,28.632862,77.219542
21839,28.632862,77.219542
21840,28.632862,77.219542
21844,28.632862,77.219542
21863,28.632862,77.219542
22056,28.632862,77.219542
22095,28.632862,77.219542
22103,28.632862,77.219542
22104,28.632862,77.219542
21312,28.632862,77.219548
20980,28.632880,77.218436
21347,28.632880,77.218436
21818,28.632880,77.218436
13901,28.632895,77.219555
14968,28.632895,77.219555
15309,28.632895,77.219555
15476,28.632895,77.219555
15505,28.632895,77.219555
15555,28.632895,77.219555
21330,28.632899,77.219508
12110,28.632903,77.219678
12144,28.632903,77.219678
12223,28.632903,77.219678
12461,28.632903,77.219678
12508,28.632903,77.219678
12512,28.632903,77.219678
12517,28.632903,77.219678
12530,28.632903,77.219678
12531,28.632903,77.219678
12570,28.632903,77.219678
12589,28.632903,77.219678
12910,28.632903,77.219678
13180,28.632903,77.219678
13690,28.632903,77.219678
14008,28.632903,77.219678
14038,28.632903,77.219678
14106,28.632903,77.219678
14298,28.632903,77.219678
14299,28.632903,77.219678
14384,28.632903,77.219678
15563,28.632903,77.219678
15640,28.632903,77.219678
15748,28.632903,77.219678
15810,28.632903,77.219678
15681,28.632914,77.219619
21351,28.632936,77.219680
42651,28.632954,77.219372
23858,28.632957,77.219385
23859,28.632957,77.219385
25696,28.632957,77.219385
31918,28.632957,77.219385
37201,28.632957,77.219385
53199,28.632957,77.219385
53734,28.632957,77.219385
53966,28.632957,77.219385
54687,28.632957,77.219385
54721,28.632957,77.219385
54913,28.632957,77.219385
54968,28.632957,77.219385
55189,28.632957,77.219385
55351,28.632957,77.219385
55391,28.632957,77.219385
55568,28.632957,77.219385
55928,28.632957,77.219385
55979,28.632957,77.219385
62521,28.632957,77.219385
53156,28.632960,77.219342
25395,28.632961,77.218499
22088,28.632976,77.219433
124241,28.632985,77.219372
124376,28.632985,77.219372
124544,28.632985,77.219372
124635,28.632985,77.219372
124818,28.632985,77.219372
125299,28.632985,77.219372
125540,28.632985,77.219372
138529,28.632985,77.219372
138771,28.632985,77.219372
141265,28.632985,77.219372
22865,28.632986,77.219374
24489,28.632986,77.219374
25270,28.632986,77.219374
30132,28.632986,77.219374
33752,28.632986,77.219374
34891,28.632986,77.219374
37589,28.632986,77.219374
38475,28.632986,77.219374
39088,28.632986,77.219374
39934,28.632986,77.219374
40152,28.632986,77.219374
41882,28.632986,77.219374
41978,28.632986,77.219374
45250,28.632986,77.219374
46853,28.632986,77.219374
47347,28.632986,77.219374
55450,28.632986,77.219374
149502,28.632986,77.219374
20380,28.632993,77.218264
124145,28.632996,77.219478
124375,28.632996,77.219478
42938,28.633001,77.219400
55543,28.633021,77.219911
55898,28.633021,77.219911
21831,28.633090,77.217882
21832,28.633090,77.217882
20930,28.633123,77.219725
20929,28.633181,77.219573
27862,28.633207,77.205377
49208,28.633209,77.217949
12663,28.633285,77.217941
12665,28.633285,77.217941
12668,28.633285,77.217941
12669,28.633285,77.217941
12692,28.633285,77.217941
136998,28.633352,77.218622
40832,28.633567,77.207767
20904,28.633680,77.218673
48458,28.633698,77.205601
124262,28.633698,77.205601
15806,28.633771,77.218791
15807,28.633771,77.218791
15809,28.633771,77.218791
15877,28.633771,77.218791
15944,28.633771,77.218791
15950,28.633771,77.218791
15958,28.633771,77.218791
16100,28.633771,77.218791
16474,28.633771,77.218791
16476,28.633771,77.218791
16535,28.633771,77.218791
16638,28.633771,77.218791
16642,28.633771,77.218791
16682,28.633771,77.218791
16707,28.633771,77.218791
16712,28.633771,77.218791
16713,28.633771,77.218791
16715,28.633771,77.218791
16717,28.633771,77.218791
16723,28.633771,77.218791
20479,28.633787,77.217397
20903,28.633823,77.218985
30543,28.633839,77.219228
27864,28.633868,77.205313
124649,28.633868,77.205313
16725,28.634007,77.200475
128331,28.634071,77.219016
46105,28.634170,77.219200
17631,28.634173,77.200480
37368,28.634208,77.212568
30580,28.634258,77.219206
37068,28.634258,77.219206
124538,28.634304,77.219163
54030,28.634375,77.219267
20363,28.634652,77.205068
54294,28.634702,77.217753
32781,28.635002,77.202251
13542,28.635046,77.204587
13735,28.635046,77.204587
29703,28.635599,77.206017
32784,28.635742,77.203555
125060,28.636118,77.210508
125315,28.636118,77.210508
32902,28.636505,77.203351
32777,28.637104,77.208905
127605,28.637271,77.211354
124760,28.638534,77.207967
25659,28.639140,77.208935
33296,28.639187,77.208642
33650,28.639187,77.208642
21735,28.639225,77.208442
50688,28.639248,77.211055
17639,28.639268,77.208450
17651,28.639268,77.208450
17652,28.639268,77.208450
17656,28.639268,77.208450
17658,28.639268,77.208450
17665,28.639268,77.208450
17684,28.639268,77.208450
17697,28.639268,77.208450
17713,28.639268,77.208450
17732,28.639268,77.208450
17747,28.639268,77.208450
17758,28.639268,77.208450
17766,28.639268,77.208450
17767,28.639268,77.208450
17785,28.639268,77.208450
17793,28.639268,77.208450
17799,28.639268,77.208450
17801,28.639268,77.208450
17817,28.639268,77.208450
17823,28.639268,77.208450
17838,28.639268,77.208450
17839,28.639268,77.208450
17844,28.639268,77.208450
17845,28.639268,77.208450
17848,28.639268,77.208450
17859,28.639268,77.208450
17867,28.639268,77.208450
17868,28.639268,77.208450
17876,28.639268,77.208450
17889,28.639268,77.208450
17897,28.639268,77.208450
17903,28.639268,77.208450
17905,28.639268,77.208450
17906,28.639268,77.208450
17914,28.639268,77.208450
22101,28.639268,77.208450
16775,28.639285,77.218959
15134,28.622242,77.239438
16672,28.622242,77.239438
124676,28.622384,77.239545
14295,28.623539,77.238001
25698,28.625052,77.234044
20895,28.625321,77.234305
25420,28.625445,77.233733
27222,28.625445,77.233733
30862,28.625445,77.233733
35889,28.625445,77.233733
40674,28.625445,77.233733
41576,28.625445,77.233733
62539,28.625510,77.234229
111835,28.625510,77.234229
111838,28.625510,77.234229
113274,28.625510,77.234229
125188,28.625705,77.233745
13084,28.625721,77.234224
13267,28.625721,77.234224
53890,28.625820,77.234296
26916,28.625899,77.234296
47670,28.625971,77.233602
39098,28.626048,77.225033
34802,28.626130,77.232014
41983,28.626130,77.232014
32260,28.626294,77.236451
43356,28.626469,77.231714
51757,28.626832,77.220846
14951,28.626852,77.232085
14952,28.626852,77.232085
46124,28.626879,77.220833
20798,28.628372,77.228812
25305,28.628632,77.226989
33284,28.628632,77.226989
55993,28.628656,77.233281
13088,28.628698,77.226885
14566,28.628698,77.226885
21830,28.628811,77.233230
55222,28.629274,77.226218
125997,28.629402,77.231924
45248,28.629699,77.225248
28297,28.629966,77.220353
42972,28.630209,77.220199
53451,28.630232,77.220459
17246,28.630416,77.225738
33289,28.630617,77.230468
33903,28.630682,77.223260
54331,28.631054,77.220715
43678,28.631320,77.227551
34614,28.631403,77.227417
45877,28.631403,77.227417
24972,28.631571,77.220091
24976,28.631571,77.220091
25321,28.631571,77.220091
25657,28.631571,77.220091
25667,28.631571,77.220091
26442,28.631571,77.220091
27866,28.631571,77.220091
29746,28.631571,77.220091
34735,28.631571,77.220091
34878,28.631571,77.220091
34881,28.631571,77.220091
38889,28.631571,77.220091
39766,28.631571,77.220091
43220,28.631571,77.220091
49416,28.631571,77.220091
17592,28.631578,77.220105
17632,28.631578,77.220105
21331,28.631624,77.221736
21332,28.631624,77.221736
35949,28.631927,77.222056
53064,28.632177,77.220074
15896,28.632244,77.220724
15935,28.632244,77.220724
15942,28.632244,77.220724
15956,28.632244,77.220724
15960,28.632244,77.220724
26377,28.632426,77.222281
30405,28.632584,77.222979
33028,28.632584,77.222979
40071,28.632584,77.222979
40887,28.632584,77.222979
40970,28.632584,77.222979
62534,28.632899,77.232792
26129,28.633129,77.222734
16618,28.633506,77.220837
21739,28.633728,77.220754
21187,28.633749,77.220980
30496,28.634081,77.221345
34985,28.634115,77.221198
51828,28.634149,77.223386
16647,28.634209,77.220217
12050,28.634374,77.227582
12051,28.634374,77.227582
12052,28.634374,77.227582
12055,28.634374,77.227582
12056,28.634374,77.227582
12075,28.634374,77.227582
12114,28.634374,77.227582
12125,28.634374,77.227582
13393,28.634374,77.227582
13406,28.634374,77.227582
13407,28.634374,77.227582
36741,28.634533,77.220358
20849,28.634652,77.238026
15139,28.634764,77.226315
43279,28.635270,77.220637
11859,28.635308,77.224960
11954,28.635308,77.224960
11989,28.635308,77.224960
12084,28.635308,77.224960
12089,28.635308,77.224960
12096,28.635308,77.224960
12104,28.635308,77.224960
12195,28.635308,77.224960
12196,28.635308,77.224960
12212,28.635308,77.224960
12213,28.635308,77.224960
12214,28.635308,77.224960
12215,28.635308,77.224960
12217,28.635308,77.224960
12218,28.635308,77.224960
12221,28.635308,77.224960
12235,28.635308,77.224960
12236,28.635308,77.224960
12252,28.635308,77.224960
12253,28.635308,77.224960
12255,28.635308,77.224960
12259,28.635308,77.224960
12261,28.635308,77.224960
12263,28.635308,77.224960
12273,28.635308,77.224960
12274,28.635308,77.224960
12275,28.635308,77.224960
12277,28.635308,77.224960
12278,28.635308,77.224960
12280,28.635308,77.224960
12295,28.635308,77.224960
12301,28.635308,77.224960
12308,28.635308,77.224960
12309,28.635308,77.224960
12313,28.635308,77.224960
12314,28.635308,77.224960
12323,28.635308,77.224960
12328,28.635308,77.224960
12338,28.635308,77.224960
12339,28.635308,77.224960
12351,28.635308,77.224960
12354,28.635308,77.224960
12382,28.635308,77.224960
12396,28.635308,77.224960
12398,28.635308,77.224960
12418,28.635308,77.224960
12420,28.635308,77.224960
12423,28.635308,77.224960
12428,28.635308,77.224960
12430,28.635308,77.224960
12432,28.635308,77.224960
12433,28.635308,77.224960
12434,28.635308,77.224960
12435,28.635308,77.224960
12437,28.635308,77.224960
12438,28.635308,77.224960
12441,28.635308,77.224960
12442,28.635308,77.224960
12443,28.635308,77.224960
12449,28.635308,77.224960
12451,28.635308,77.224960
12476,28.635308,77.224960
12479,28.635308,77.224960
12480,28.635308,77.224960
12481,28.635308,77.224960
12484,28.635308,77.224960
12486,28.635308,77.224960
12543,28.635308,77.224960
12559,28.635308,77.224960
12566,28.635308,77.224960
12582,28.635308,77.224960
12598,28.635308,77.224960
12616,28.635308,77.224960
12621,28.635308,77.224960
12626,28.635308,77.224960
12628,28.635308,77.224960
12643,28.635308,77.224960
12644,28.635308,77.224960
12651,28.635308,77.224960
12686,28.635308,77.224960
12708,28.635308,77.224960
12734,28.635308,77.224960
12746,28.635308,77.224960
12753,28.635308,77.224960
12758,28.635308,77.224960
12761,28.635308,77.224960
12763,28.635308,77.224960
12767,28.635308,77.224960
12771,28.635308,77.224960
12773,28.635308,77.224960
12779,28.635308,77.224960
12787,28.635308,77.224960
12788,28.635308,77.224960
12789,28.635308,77.224960
12791,28.635308,77.224960
12793,28.635308,77.224960
12797,28.635308,77.224960
12844,28.635308,77.224960
12846,28.635308,77.224960
12847,28.635308,77.224960
12877,28.635308,77.224960
12878,28.635308,77.224960
12893,28.635308,77.224960
12894,28.635308,77.224960
12898,28.635308,77.224960
12899,28.635308,77.224960
12902,28.635308,77.224960
12915,28.635308,77.224960
12943,28.635308,77.224960
12944,28.635308,77.224960
12946,28.635308,77.224960
12947,28.635308,77.224960
12953,28.635308,77.224960
12959,28.635308,77.224960
12962,28.635308,77.224960
12965,28.635308,77.224960
13029,28.635308,77.224960
13091,28.635308,77.224960
13092,28.635308,77.224960
13097,28.635308,77.224960
13100,28.635308,77.224960
13102,28.635308,77.224960
13104,28.635308,77.224960
13114,28.635308,77.224960
13116,28.635308,77.224960
13120,28.635308,77.224960
13123,28.635308,77.224960
13125,28.635308,77.224960
13130,28.635308,77.224960
13133,28.635308,77.224960
13142,28.635308,77.224960
13149,28.635308,77.224960
13158,28.635308,77.224960
13160,28.635308,77.224960
13169,28.635308,77.224960
13172,28.635308,77.224960
13183,28.635308,77.224960
13184,28.635308,77.224960
13216,28.635308,77.224960
13274,28.635308,77.224960
13275,28.635308,77.224960
13309,28.635308,77.224960
13310,28.635308,77.224960
13312,28.635308,77.224960
13327,28.635308,77.224960
13329,28.635308,77.224960
13330,28.635308,77.224960
13331,28.635308,77.224960
13445,28.635308,77.224960
13459,28.635308,77.224960
13463,28.635308,77.224960
13466,28.635308,77.224960
13470,28.635308,77.224960
13527,28.635308,77.224960
13557,28.635308,77.224960
13586,28.635308,77.224960
13606,28.635308,77.224960
13623,28.635308,77.224960
13624,28.635308,77.224960
13631,28.635308,77.224960
13663,28.635308,77.224960
13680,28.635308,77.224960
13684,28.635308,77.224960
13685,28.635308,77.224960
13738,28.635308,77.224960
13754,28.635308,77.224960
13756,28.635308,77.224960
13758,28.635308,77.224960
13760,28.635308,77.224960
13822,28.635308,77.224960
13832,28.635308,77.224960
13833,28.635308,77.224960
13846,28.635308,77.224960
13847,28.635308,77.224960
13858,28.635308,77.224960
13871,28.635308,77.224960
13896,28.635308,77.224960
13900,28.635308,77.224960
13924,28.635308,77.224960
13931,28.635308,77.224960
13937,28.635308,77.224960
13969,28.635308,77.224960
13970,28.635308,77.224960
13971,28.635308,77.224960
13977,28.635308,77.224960
13979,28.635308,77.224960
13980,28.635308,77.224960
13982,28.635308,77.224960
13984,28.635308,77.224960
13985,28.635308,77.224960
13986,28.635308,77.224960
13987,28.635308,77.224960
13996,28.635308,77.224960
14029,28.635308,77.224960
14031,28.635308,77.224960
14032,28.635308,77.224960
14034,28.635308,77.224960
14045,28.635308,77.224960
14047,28.635308,77.224960
14145,28.635308,77.224960
14160,28.635308,77.224960
14184,28.635308,77.224960
14188,28.635308,77.224960
14189,28.635308,77.224960
14190,28.635308,77.224960
14303,28.635308,77.224960
14340,28.635308,77.224960
14341,28.635308,77.224960
14342,28.635308,77.224960
14346,28.635308,77.224960
14348,28.635308,77.224960
14356,28.635308,77.224960
14357,28.635308,77.224960
14358,28.635308,77.224960
14359,28.635308,77.224960
14360,28.635308,77.224960
14361,28.635308,77.224960
14362,28.635308,77.224960
14365,28.635308,77.224960
14366,28.635308,77.224960
14368,28.635308,77.224960
14369,28.635308,77.224960
14371,28.635308,77.224960
14372,28.635308,77.224960
14373,28.635308,77.224960
14388,28.635308,77.224960
14391,28.635308,77.224960
14392,28.635308,77.224960
14393,28.635308,77.224960
14395,28.635308,77.224960
14397,28.635308,77.224960
14398,28.635308,77.224960
14400,28.635308,77.224960
14402,28.635308,77.224960
14406,28.635308,77.224960
14409,28.635308,77.224960
14413,28.635308,77.224960
14415,28.635308,77.224960
14447,28.635308,77.224960
14452,28.635308,77.224960
14453,28.635308,77.224960
14454,28.635308,77.224960
14455,28.635308,77.224960
14462,28.635308,77.224960
14463,28.635308,77.224960
14464,28.635308,77.224960
14469,28.635308,77.224960
14471,28.635308,77.224960
14473,28.635308,77.224960
14474,28.635308,77.224960
14475,28.635308,77.224960
14478,28.635308,77.224960
14480,28.635308,77.224960
14482,28.635308,77.224960
14483,28.635308,77.224960
14493,28.635308,77.224960
14496,28.635308,77.224960
14501,28.635308,77.224960
14507,28.635308,77.224960
14508,28.635308,77.224960
14510,28.635308,77.224960
14513,28.635308,77.224960
14521,28.635308,77.224960
14525,28.635308,77.224960
14529,28.635308,77.224960
14530,28.635308,77.224960
14532,28.635308,77.224960
14534,28.635308,77.224960
14538,28.635308,77.224960
14539,28.635308,77.224960
14540,28.635308,77.224960
14541,28.635308,77.224960
14543,28.635308,77.224960
14544,28.635308,77.224960
14571,28.635308,77.224960
14581,28.635308,77.224960
14587,28.635308,77.224960
14589,28.635308,77.224960
14591,28.635308,77.224960
14596,28.635308,77.224960
14601,28.635308,77.224960
14602,28.635308,77.224960
14605,28.635308,77.224960
14619,28.635308,77.224960
14627,28.635308,77.224960
14631,28.635308,77.224960
14633,28.635308,77.224960
14638,28.635308,77.224960
14642,28.635308,77.224960
14643,28.635308,77.224960
14648,28.635308,77.224960
14649,28.635308,77.224960
14652,28.635308,77.224960
14654,28.635308,77.224960
14670,28.635308,77.224960
14671,28.635308,77.224960
14675,28.635308,77.224960
14680,28.635308,77.224960
14683,28.635308,77.224960
14961,28.635308,77.224960
14966,28.635308,77.224960
14972,28.635308,77.224960
15130,28.635308,77.224960
15132,28.635308,77.224960
15133,28.635308,77.224960
15140,28.635308,77.224960
15144,28.635308,77.224960
15149,28.635308,77.224960
15151,28.635308,77.224960
15313,28.635308,77.224960
15315,28.635308,77.224960
15316,28.635308,77.224960
15317,28.635308,77.224960
15322,28.635308,77.224960
15323,28.635308,77.224960
15325,28.635308,77.224960
15326,28.635308,77.224960
15330,28.635308,77.224960
15340,28.635308,77.224960
15352,28.635308,77.224960
15407,28.635308,77.224960
15469,28.635308,77.224960
15565,28.635308,77.224960
15567,28.635308,77.224960
15569,28.635308,77.224960
15572,28.635308,77.224960
15624,28.635308,77.224960
15625,28.635308,77.224960
15642,28.635308,77.224960
15649,28.635308,77.224960
15654,28.635308,77.224960
15674,28.635308,77.224960
15678,28.635308,77.224960
37032,28.636911,77.224343
13765,28.637839,77.230097
122616,28.637857,77.238109
122823,28.637857,77.238109
122970,28.637857,77.238109
122822,28.638875,77.238221
122949,28.638875,77.238221
13462,28.639087,77.224426
26016,28.639315,77.229600
22062,28.639541,77.230457
40732,28.639950,77.229480
27757,28.620487,77.249992
12119,28.620512,77.249927
20484,28.620528,77.249878
55468,28.623092,77.242934
135740,28.623175,77.242929
136573,28.623175,77.242929
55567,28.623178,77.243006
23994,28.623294,77.242730
11947,28.623421,77.242501
38317,28.626063,77.240015
14712,28.627805,77.241894
125202,28.627937,77.254667
41515,28.628989,77.241094
14703,28.629013,77.244122
37918,28.629371,77.241320
12320,28.630829,77.250573
14179,28.630829,77.250573
37202,28.631143,77.249453
48899,28.631235,77.252052
34431,28.634576,77.246693
30921,28.634963,77.242693
14558,28.636718,77.250154
15481,28.637377,77.240918
37405,28.637923,77.243174
122569,28.638263,77.240006
122971,28.638263,77.240006
16635,28.623247,77.267904
16636,28.623247,77.267904
33829,28.623277,77.267911
12381,28.623308,77.267921
12394,28.623308,77.267921
12464,28.623308,77.267921
13548,28.623308,77.267921
13555,28.623308,77.267921
52463,28.623330,77.267920
49458,28.623433,77.268124
55913,28.623435,77.268761
53200,28.623597,77.263221
45773,28.626271,77.278323
45775,28.626271,77.278323
21761,28.627561,77.278408
21849,28.627561,77.278408
21850,28.627561,77.278408
27542,28.627561,77.278408
34928,28.627561,77.278408
40355,28.627561,77.278408
41507,28.627561,77.278408
55286,28.627561,77.278408
124528,28.627561,77.278408
124568,28.627561,77.278408
124830,28.627561,77.278408
125138,28.627561,77.278408
128299,28.627561,77.278408
128301,28.627561,77.278408
128319,28.627561,77.278408
130340,28.627561,77.278408
133532,28.627561,77.278408
133536,28.627561,77.278408
136985,28.627561,77.278408
140134,28.627561,77.278408
143749,28.627561,77.278408
124851,28.627949,77.278621
45774,28.627969,77.278669
12241,28.628924,77.277196
21067,28.630370,77.277403
21066,28.630373,77.277527
55766,28.630504,77.277420
124474,28.630615,77.277602
27720,28.630665,77.277417
27859,28.630665,77.277417
29842,28.630665,77.277417
32322,28.630665,77.277417
37175,28.630665,77.277417
38416,28.630665,77.277417
48612,28.630665,77.277417
49747,28.630665,77.277417
55225,28.630665,77.277417
55635,28.630665,77.277417
38155,28.630991,77.278361
13835,28.631374,77.278932
13945,28.631984,77.276579
14095,28.631984,77.276579
125150,28.634137,77.277440
49785,28.636698,77.274852
15645,28.636736,77.274807
17634,28.636736,77.274807
24790,28.637175,77.275618
25595,28.637175,77.275618
25809,28.637175,77.275618
26459,28.637175,77.275618
27079,28.637175,77.275618
29635,28.637175,77.275618
31157,28.637175,77.275618
35802,28.637175,77.275618
35839,28.637175,77.275618
38070,28.637175,77.275618
44159,28.637175,77.275618
44160,28.637175,77.275618
45227,28.637175,77.275618
47053,28.637175,77.275618
47124,28.637175,77.275618
47137,28.637175,77.275618
51010,28.637175,77.275618
51018,28.637175,77.275618
51021,28.637175,77.275618
51022,28.637175,77.275618
51126,28.637175,77.275618
51127,28.637175,77.275618
51943,28.637175,77.275618
52499,28.637175,77.275618
53584,28.637175,77.275618
54341,28.637175,77.275618
54626,28.637175,77.275618
55256,28.637175,77.275618
12921,28.637180,77.272123
12922,28.637180,77.272123
12695,28.637401,77.278228
12184,28.637725,77.277869
12939,28.637725,77.277869
13140,28.637725,77.277869
13496,28.637725,77.277869
20979,28.638845,77.275258
38367,28.638983,77.277421
46770,28.622123,77.287206
15478,28.623237,77.288442
42434,28.624646,77.298696
123333,28.624646,77.298696
30242,28.624971,77.298337
30243,28.624971,77.298337
16709,28.624981,77.291419
55318,28.626963,77.295298
52489,28.627133,77.295052
26597,28.627956,77.295627
52651,28.627956,77.295627
13729,28.628098,77.282179
41991,28.629757,77.295728
55387,28.630099,77.285321
38403,28.632729,77.293741
28346,28.634561,77.290739
23650,28.635027,77.287206
24997,28.635027,77.287206
25375,28.635027,77.287206
25740,28.635027,77.287206
44004,28.635027,77.287206
44162,28.635027,77.287206
47182,28.635027,77.287206
43170,28.635378,77.292348
45291,28.636399,77.292472
24794,28.636420,77.292754
26205,28.636420,77.292754
26882,28.636420,77.292754
27071,28.636420,77.292754
30605,28.636420,77.292754
36446,28.636420,77.292754
38474,28.636420,77.292754
46938,28.636420,77.292754
46962,28.636420,77.292754
46990,28.636420,77.292754
47201,28.636420,77.292754
55347,28.636420,77.292754
55983,28.636420,77.292754
12181,28.636634,77.286834
12305,28.636634,77.286834
12575,28.636634,77.286834
13095,28.636634,77.286834
15793,28.636704,77.286937
16686,28.636704,77.286937
16728,28.636704,77.286937
54191,28.636753,77.287504
34704,28.636931,77.285952
38966,28.637003,77.286757
33767,28.637297,77.291865
38056,28.637297,77.291865
38468,28.637297,77.291865
48592,28.637353,77.286850
26343,28.637355,77.281670
130354,28.637355,77.281670
12679,28.637368,77.286507
36452,28.637429,77.286737
48892,28.637429,77.286737
55227,28.637429,77.286737
38087,28.637429,77.286744
139619,28.637614,77.286567
124223,28.637732,77.290625
136963,28.637764,77.286582
12148,28.637791,77.293669
27129,28.638211,77.298212
32145,28.638217,77.285898
29294,28.638449,77.296417
29322,28.638449,77.296417
29325,28.638449,77.296417
54308,28.638728,77.281981
45820,28.638854,77.281220
26242,28.639288,77.285776
45863,28.639902,77.282765
52197,28.620083,77.314206
52322,28.620083,77.314206
52381,28.620083,77.314206
52397,28.620083,77.314206
52511,28.620125,77.304949
50204,28.620542,77.315930
50855,28.620542,77.315930
51377,28.620542,77.315930
51628,28.620542,77.315930
51873,28.620542,77.315930
51935,28.620542,77.315930
52204,28.620542,77.315930
52205,28.620542,77.315930
52269,28.620542,77.315930
52290,28.620542,77.315930
52342,28.620542,77.315930
52357,28.620542,77.315930
52368,28.620542,77.315930
52371,28.620542,77.315930
52402,28.620542,77.315930
52319,28.620553,77.313648
51956,28.620725,77.316499
52200,28.620725,77.316499
52361,28.620725,77.316499
51881,28.621376,77.318972
52199,28.621376,77.318972
52210,28.621376,77.318972
50251,28.621448,77.314135
51887,28.621808,77.312045
51030,28.621904,77.316151
51172,28.621904,77.316151
51945,28.621904,77.316151
51950,28.621904,77.316151
52148,28.621904,77.316151
52375,28.621904,77.316151
52376,28.621904,77.316151
52414,28.621904,77.316151
52438,28.621904,77.316151
52446,28.621904,77.316151
52447,28.621904,77.316151
52465,28.621904,77.316151
51169,28.621922,77.316702
51239,28.621922,77.316702
51622,28.621922,77.316702
52287,28.621922,77.316702
52333,28.621922,77.316702
52373,28.621922,77.316702
52377,28.621922,77.316702
52380,28.621922,77.316702
52386,28.621922,77.316702
52387,28.621922,77.316702
52399,28.621922,77.316702
52085,28.622258,77.316019
52360,28.622258,77.316019
51079,28.622830,77.315760
51629,28.623001,77.313747
51936,28.623001,77.313747
52048,28.623001,77.313747
52149,28.623001,77.313747
52195,28.623001,77.313747
52413,28.623261,77.316085
50683,28.624081,77.309136
55288,28.624877,77.304372
52267,28.625120,77.316852
52257,28.625302,77.315423
52294,28.625302,77.315423
39542,28.629523,77.312340
39717,28.629523,77.312340
52508,28.629523,77.312340
42026,28.630149,77.305698
38744,28.634731,77.304571
40308,28.634731,77.304571
52507,28.634731,77.304571
61848,28.634731,77.304571
26050,28.635874,77.308111
28348,28.635874,77.308111
27355,28.636110,77.301038
38650,28.636689,77.304485
33294,28.636764,77.302733
25433,28.626192,77.321772
44561,28.626192,77.321772
124484,28.626192,77.321772
124543,28.626192,77.321772
15804,28.628659,77.320784
40145,28.636719,77.328002
14187,28.624067,77.345305
124366,28.625821,77.340561
50666,28.629355,77.344787
23649,28.638058,77.345723
23664,28.638103,77.346437
26043,28.638103,77.346437
24547,28.639089,77.340688
34901,28.639134,77.353814
37034,28.621445,77.363001
23663,28.625846,77.379054
48186,28.627730,77.374970
25272,28.627818,77.367064
25276,28.627941,77.374930
25277,28.627981,77.364857
25278,28.627981,77.364857
26060,28.627981,77.364857
27888,28.627981,77.364857
30734,28.627981,77.364857
30735,28.627981,77.364857
30736,28.627981,77.364857
30810,28.627981,77.364857
30848,28.627981,77.364857
31128,28.627981,77.364857
31154,28.627981,77.364857
38937,28.627981,77.364857
41602,28.627981,77.364857
46426,28.627981,77.364857
52500,28.627981,77.364857
53897,28.627981,77.364857
54884,28.627981,77.364857
54935,28.627981,77.364857
54938,28.627981,77.364857
55141,28.627981,77.364857
55724,28.627981,77.364857
52070,28.629729,77.372056
13903,28.632205,77.367170
127510,28.634018,77.370353
39248,28.634038,77.370343
32148,28.634594,77.369898
54340,28.636093,77.369007
35695,28.636788,77.374073
21170,28.636996,77.374515
13902,28.637798,77.366197
30926,28.638579,77.368825
30953,28.639395,77.369238
32126,28.639788,77.368848
29247,28.620968,77.381170
30849,28.620968,77.381170
30854,28.620968,77.381170
27974,28.621469,77.394165
46693,28.621469,77.394165
45308,28.624939,77.382417
57592,28.633863,77.390712
122674,28.635996,77.394237
27565,28.639291,77.381608
15928,28.652588,76.950454
23592,28.643335,77.015925
23587,28.644283,77.016552
23591,28.648895,77.016451
23588,28.657622,77.007506
124546,28.649973,77.049138
20463,28.640673,77.073611
20494,28.642576,77.077944
20777,28.644740,77.070961
33665,28.645358,77.076681
32140,28.645930,77.073368
124304,28.649971,77.062489
14579,28.655570,77.065343
124598,28.657639,77.065013
111214,28.659597,77.072276
28860,28.644393,77.089183
23892,28.646633,77.086549
24903,28.647213,77.092420
23895,28.648082,77.088077
35641,28.651024,77.098235
125144,28.651794,77.089697
28854,28.651834,77.080909
41728,28.651834,77.080909
34328,28.651935,77.094072
31195,28.653055,77.087556
50879,28.653980,77.095704
13439,28.656365,77.098174
13604,28.656365,77.098174
25430,28.658038,77.090891
12542,28.640393,77.104954
14405,28.640393,77.104954
15411,28.640393,77.104954
27228,28.640408,77.104953
33251,28.640408,77.104953
33773,28.640408,77.104953
16542,28.640446,77.104918
16697,28.640446,77.104918
124856,28.640720,77.105263
62548,28.640847,77.106683
62531,28.641676,77.112390
111585,28.641736,77.106656
21361,28.641906,77.111988
52969,28.642202,77.106466
32617,28.642372,77.106379
38149,28.642372,77.106379
48901,28.642372,77.106379
49164,28.642372,77.106379
55332,28.642372,77.106379
13456,28.642888,77.110603
25325,28.643653,77.112353
38649,28.643754,77.112881
12359,28.643792,77.112836
14191,28.643792,77.112836
14516,28.643792,77.112836
15568,28.643792,77.112836
15931,28.643895,77.112830
21780,28.643895,77.112830
15871,28.645843,77.116430
15884,28.646817,77.119932
16666,28.646817,77.119932
16720,28.646817,77.119932
16726,28.646817,77.119932
35217,28.647363,77.113589
123954,28.647536,77.103210
32834,28.648293,77.103333
32848,28.648293,77.103333
37345,28.648876,77.109683
50446,28.648876,77.109683
124013,28.648876,77.109683
15891,28.651340,77.119632
20475,28.653935,77.117177
143750,28.654660,77.116998
12554,28.655614,77.103389
36823,28.657027,77.111493
12194,28.657474,77.109683
34494,28.659701,77.118270
12170,28.641385,77.121190
12191,28.641385,77.121190
12324,28.641385,77.121190
12495,28.641385,77.121190
12541,28.641385,77.121190
12563,28.641385,77.121190
12565,28.641385,77.121190
12599,28.641385,77.121190
15499,28.641529,77.120914
15813,28.641529,77.120915
15999,28.641529,77.120915
12408,28.641662,77.124067
13177,28.641662,77.124067
13522,28.641662,77.124067
24410,28.641700,77.122453
25126,28.641700,77.122453
26625,28.641700,77.122453
27292,28.641700,77.122453
28185,28.641700,77.122453
29784,28.641700,77.122453
32198,28.641700,77.122453
32392,28.641700,77.122453
34697,28.641700,77.122453
36293,28.641700,77.122453
37346,28.641700,77.122453
38652,28.641700,77.122453
40163,28.641700,77.122453
41049,28.641700,77.122453
41063,28.641700,77.122453
41642,28.641700,77.122453
42992,28.641700,77.122453
47737,28.641700,77.122453
49274,28.641700,77.122453
49313,28.641700,77.122453
50880,28.641700,77.122453
50882,28.641700,77.122453
50905,28.641700,77.122453
55365,28.641700,77.122453
123864,28.641700,77.122453
124831,28.641700,77.122453
125174,28.641700,77.122453
125178,28.641700,77.122453
125306,28.641700,77.122453
125347,28.641700,77.122453
141293,28.641700,77.122453
141294,28.641700,77.122453
141296,28.641700,77.122453
16680,28.641976,77.122907
31891,28.642878,77.133074
32112,28.642953,77.133776
32115,28.642953,77.133776
127614,28.645125,77.137731
25986,28.645678,77.120011
62527,28.645688,77.120021
125008,28.647236,77.129701
35472,28.648826,77.125254
55352,28.648950,77.122528
136962,28.648998,77.122729
51836,28.649019,77.122705
24041,28.649065,77.122470
25665,28.649065,77.122470
26164,28.649065,77.122470
26165,28.649065,77.122470
32209,28.649065,77.122470
27732,28.649891,77.134869
26533,28.650671,77.124307
55722,28.650671,77.124307
124537,28.650671,77.124307
124925,28.650671,77.124307
131779,28.650671,77.124307
136997,28.650671,77.124307
15980,28.650854,77.120731
53733,28.651090,77.132697
55584,28.651090,77.132697
31994,28.652155,77.125146
32780,28.652155,77.125146
39784,28.652155,77.125146
12287,28.652247,77.130092
14316,28.652680,77.124843
12667,28.652745,77.131636
13501,28.652745,77.131636
13714,28.652745,77.131636
14615,28.652745,77.131636
12152,28.653219,77.123168
12227,28.653219,77.123168
21264,28.653298,77.132402
14239,28.653403,77.126944
123876,28.654701,77.125895
124755,28.654701,77.125895
26305,28.654847,77.126004
41393,28.654973,77.132105
55624,28.655386,77.120929
28858,28.655482,77.121458
53250,28.656640,77.123348
41726,28.658160,77.127320
47693,28.658160,77.127320
15868,28.642382,77.140443
123997,28.644643,77.141886
128338,28.644643,77.141886
130383,28.644643,77.141886
137008,28.644643,77.141886
140625,28.644643,77.141886
21165,28.647020,77.145414
51281,28.647043,77.141597
25926,28.647249,77.144921
25915,28.649378,77.143700
29783,28.649378,77.143700
32441,28.649378,77.143700
36787,28.649378,77.143700
41727,28.649378,77.143700
47125,28.649378,77.143700
55336,28.649378,77.143700
55929,28.649378,77.143700
25156,28.651027,77.156220
52569,28.651027,77.156220
55295,28.651027,77.156220
14070,28.651094,77.158926
124876,28.651129,77.151752
37186,28.651435,77.158950
40628,28.651435,77.158950
124280,28.651522,77.158166
32435,28.651594,77.158190
12175,28.651596,77.158244
15792,28.651596,77.158244
16727,28.651596,77.158244
123986,28.652375,77.158084
14073,28.652376,77.153549
14213,28.652376,77.153549
13208,28.653766,77.145640
13799,28.653766,77.145640
27861,28.655676,77.150814
28161,28.655676,77.150814
28748,28.655676,77.150814
28761,28.655676,77.150814
21725,28.655781,77.150752
40281,28.655920,77.148685
14208,28.657025,77.146000
37670,28.657037,77.146742
13082,28.657839,77.142476
14084,28.657839,77.142476
124493,28.658235,77.143267
124793,28.658235,77.143267
128337,28.658235,77.143267
124211,28.658944,77.143658
130338,28.659748,77.144579
21266,28.642290,77.177400
15882,28.642456,77.178082
45724,28.642480,77.177183
12843,28.642504,77.178151
13131,28.642504,77.178151
13670,28.642504,77.178151
13944,28.642504,77.178151
14115,28.642504,77.178151
14193,28.642504,77.178151
14500,28.642504,77.178151
54696,28.642504,77.178371
29125,28.642781,77.176947
25900,28.643253,77.177993
27979,28.643253,77.177993
29644,28.643253,77.177993
37556,28.643253,77.177993
55522,28.643253,77.177993
124673,28.643253,77.177993
23279,28.643303,77.179705
13816,28.644981,77.169288
21765,28.645178,77.169096
14063,28.646355,77.172961
14494,28.646355,77.172961
14497,28.646355,77.172961
14499,28.646355,77.172961
30860,28.646815,77.172120
42171,28.646815,77.172120
32319,28.647776,77.164824
41308,28.648136,77.163874
31238,28.648462,77.177958
12164,28.649379,77.178352
14094,28.649379,77.178352
14204,28.649379,77.178352
14207,28.649379,77.178352
14209,28.649379,77.178352
14220,28.649379,77.178352
14502,28.649379,77.178352
14542,28.649379,77.178352
12455,28.650241,77.168647
12478,28.650241,77.168647
12562,28.650241,77.168647
12567,28.650241,77.168647
12929,28.650241,77.168647
13012,28.650241,77.168647
13052,28.650241,77.168647
13416,28.650241,77.168647
13861,28.650241,77.168647
14066,28.650241,77.168647
14215,28.650241,77.168647
41836,28.650371,77.179479
12884,28.650467,77.160329
12885,28.650467,77.160329
14194,28.650467,77.160329
36753,28.651827,77.164467
124927,28.651827,77.164467
62522,28.651843,77.164480
41362,28.652259,77.163219
41398,28.652259,77.163219
46533,28.653123,77.164623
38920,28.654058,77.175149
15626,28.654435,77.168880
53912,28.654722,77.167989
62485,28.654881,77.162892
24704,28.655418,77.164620
31907,28.655418,77.164620
35823,28.655418,77.164620
38440,28.655418,77.164620
41561,28.655418,77.164620
42770,28.655418,77.164620
54965,28.655418,77.164620
55300,28.655418,77.164620
55376,28.655418,77.164620
56011,28.655418,77.164620
23421,28.640345,77.184552
23422,28.640345,77.184552
15887,28.640427,77.185899
20471,28.640427,77.185899
33645,28.640427,77.185900
33646,28.640427,77.185900
33653,28.640427,77.185900
33731,28.640427,77.185900
35824,28.640427,77.185900
36705,28.640427,77.185900
37558,28.640427,77.185900
37725,28.640427,77.185900
37727,28.640427,77.185900
123992,28.640427,77.185900
24435,28.642526,77.186138
24438,28.642637,77.186347
24432,28.643010,77.182415
43445,28.643285,77.186965
25954,28.643697,77.197102
26528,28.643944,77.188637
42892,28.643944,77.188637
123877,28.643959,77.188490
123985,28.643959,77.188490
124068,28.643959,77.188490
124071,28.643959,77.188490
124292,28.643959,77.188490
124368,28.643959,77.188490
124548,28.643959,77.188490
124720,28.643959,77.188490
125181,28.643959,77.188490
125245,28.643959,77.188490
125249,28.643959,77.188490
125559,28.643959,77.188490
125569,28.643959,77.188490
127607,28.643959,77.188490
16718,28.643991,77.188505
12156,28.643996,77.188555
54988,28.644241,77.195967
25456,28.644259,77.188987
30576,28.644259,77.188987
33911,28.644259,77.188987
40121,28.644259,77.188987
41807,28.644259,77.188987
42842,28.644259,77.188987
55765,28.644324,77.199837
30512,28.644357,77.199825
25723,28.644447,77.188595
27518,28.644447,77.188595
28513,28.644447,77.188595
30246,28.644447,77.188595
34120,28.644447,77.188595
35028,28.644447,77.188595
15948,28.645454,77.183715
50920,28.646011,77.189130
34729,28.646416,77.195766
54181,28.646845,77.189812
62552,28.646845,77.189812
62557,28.646845,77.189812
124364,28.646987,77.180385
28361,28.647209,77.192101
30238,28.647921,77.185818
124689,28.648364,77.195465
13073,28.649302,77.188775
30460,28.649671,77.193905
27613,28.650473,77.188815
37033,28.651089,77.191529
31177,28.651381,77.182813
124078,28.651477,77.191974
124083,28.651477,77.191974
124293,28.651477,77.191974
124472,28.651477,77.191974
128341,28.651477,77.191974
21054,28.651906,77.199486
39531,28.651953,77.188678
26024,28.652364,77.192930
12094,28.652444,77.191650
12141,28.652444,77.191650
12174,28.652444,77.191650
12283,28.652444,77.191650
12326,28.652444,77.191650
12489,28.652444,77.191650
12572,28.652444,77.191650
12765,28.652444,77.191650
12842,28.652444,77.191650
13129,28.652444,77.191650
13174,28.652444,77.191650
13205,28.652444,77.191650
13446,28.652444,77.191650
13469,28.652444,77.191650
13540,28.652444,77.191650
13666,28.652444,77.191650
13748,28.652444,77.191650
14089,28.652444,77.191650
14211,28.652444,77.191650
14214,28.652444,77.191650
14512,28.652444,77.191650
14590,28.652444,77.191650
14681,28.652444,77.191650
26636,28.652579,77.193138
20656,28.652781,77.192144
22087,28.652781,77.192144
45300,28.652801,77.192139
55264,28.652830,77.192114
55263,28.652842,77.192101
15472,28.653002,77.192363
15509,28.653002,77.192363
15811,28.653002,77.192363
16704,28.653002,77.192363
17473,28.653292,77.194512
15406,28.653443,77.196605
16692,28.653443,77.196605
16644,28.653604,77.189721
12674,28.653666,77.191309
12709,28.653666,77.191309
13370,28.653666,77.191309
32789,28.653866,77.190711
130373,28.653999,77.182208
14531,28.654788,77.188987
24745,28.655046,77.188820
26714,28.655046,77.188820
27178,28.655046,77.188820
29472,28.655046,77.188820
30257,28.655046,77.188820
32132,28.655046,77.188820
32538,28.655046,77.188820
33527,28.655046,77.188820
33845,28.655046,77.188820
34557,28.655046,77.188820
35825,28.655046,77.188820
36302,28.655046,77.188820
36527,28.655046,77.188820
36766,28.655046,77.188820
36795,28.655046,77.188820
36798,28.655046,77.188820
36923,28.655046,77.188820
37154,28.655046,77.188820
37328,28.655046,77.188820
38459,28.655046,77.188820
38469,28.655046,77.188820
39556,28.655046,77.188820
39569,28.655046,77.188820
39693,28.655046,77.188820
39713,28.655046,77.188820
40750,28.655046,77.188820
40833,28.655046,77.188820
40979,28.655046,77.188820
41399,28.655046,77.188820
41722,28.655046,77.188820
41729,28.655046,77.188820
42993,28.655046,77.188820
44563,28.655046,77.188820
45018,28.655046,77.188820
46830,28.655046,77.188820
47123,28.655046,77.188820
47146,28.655046,77.188820
48509,28.655046,77.188820
49288,28.655046,77.188820
49419,28.655046,77.188820
51558,28.655046,77.188820
51700,28.655046,77.188820
53196,28.655046,77.188820
55585,28.655046,77.188820
123955,28.655046,77.188820
123993,28.655046,77.188820
123994,28.655046,77.188820
124506,28.655046,77.188820
124577,28.655046,77.188820
124625,28.655046,77.188820
124758,28.655046,77.188820
124817,28.655046,77.188820
125086,28.655046,77.188820
125149,28.655046,77.188820
125164,28.655046,77.188820
125304,28.655046,77.188820
51216,28.655182,77.188599
53450,28.655309,77.188563
45617,28.655516,77.184860
46712,28.655915,77.189661
30955,28.656350,77.185168
38238,28.657096,77.190359
37381,28.657138,77.192195
15492,28.657721,77.183879
32501,28.659414,77.192790
55375,28.640428,77.208834
16757,28.641384,77.218483
17963,28.641598,77.215959
12713,28.641604,77.213211
123946,28.642001,77.218364
124051,28.642001,77.218364
124322,28.642001,77.218364
124328,28.642001,77.218364
124392,28.642001,77.218364
132132,28.642077,77.204107
45348,28.642123,77.218686
12361,28.642361,77.217111
12409,28.642361,77.217111
12579,28.642361,77.217111
12586,28.642361,77.217111
12611,28.642361,77.217111
12612,28.642361,77.217111
12620,28.642361,77.217111
13080,28.642361,77.217111
14083,28.642361,77.217111
14338,28.642361,77.217111
14379,28.642361,77.217111
14385,28.642361,77.217111
14403,28.642361,77.217111
14644,28.642361,77.217111
13344,28.642526,77.215366
13413,28.642526,77.215366
124124,28.642603,77.219217
124955,28.642603,77.219217
125000,28.642603,77.219217
17640,28.642664,77.216804
17645,28.642664,77.216804
17673,28.642664,77.216804
17710,28.642664,77.216804
17711,28.642664,77.216804
17712,28.642664,77.216804
17722,28.642664,77.216804
17733,28.642664,77.216804
17740,28.642664,77.216804
17743,28.642664,77.216804
17746,28.642664,77.216804
17750,28.642664,77.216804
17754,28.642664,77.216804
17763,28.642664,77.216804
17764,28.642664,77.216804
17778,28.642664,77.216804
17782,28.642664,77.216804
17788,28.642664,77.216804
17791,28.642664,77.216804
17795,28.642664,77.216804
17803,28.642664,77.216804
17804,28.642664,77.216804
17813,28.642664,77.216804
17819,28.642664,77.216804
17834,28.642664,77.216804
17835,28.642664,77.216804
17837,28.642664,77.216804
17851,28.642664,77.216804
17855,28.642664,77.216804
17864,28.642664,77.216804
17865,28.642664,77.216804
17881,28.642664,77.216804
17886,28.642664,77.216804
17892,28.642664,77.216804
17895,28.642664,77.216804
17899,28.642664,77.216804
17909,28.642664,77.216804
17910,28.642664,77.216804
17920,28.642664,77.216804
53949,28.642857,77.219030
124596,28.642860,77.218780
124822,28.642860,77.218780
25600,28.642892,77.219089
26416,28.642892,77.219089
27585,28.642892,77.219089
39837,28.642892,77.219089
41054,28.642892,77.219089
46928,28.642892,77.219089
47855,28.642892,77.219089
49177,28.642892,77.219089
49505,28.642892,77.219089
50454,28.642892,77.219089
52662,28.642892,77.219089
54297,28.642892,77.219089
61846,28.642892,77.219089
123953,28.642892,77.219089
136564,28.642892,77.219089
47679,28.643229,77.219118
47912,28.643229,77.219118
111192,28.643494,77.217072
17769,28.643548,77.211055
17772,28.643548,77.211055
17775,28.643548,77.211055
17810,28.643548,77.211055
17816,28.643548,77.211055
17820,28.643548,77.211055
17870,28.643548,77.211055
17873,28.643548,77.211055
17878,28.643548,77.211055
17907,28.643548,77.211055
17917,28.643548,77.211055
49176,28.643703,77.219209
124640,28.644203,77.219818
13020,28.644371,77.219678
13117,28.644371,77.219678
13213,28.644371,77.219678
13315,28.644371,77.219678
13790,28.644371,77.219678
13897,28.644371,77.219678
14052,28.644371,77.219678
14109,28.644371,77.219678
14416,28.644371,77.219678
14545,28.644371,77.219678
14678,28.644371,77.219678
17690,28.644925,77.213457
17693,28.644925,77.213457
17706,28.644925,77.213457
17728,28.644925,77.213457
17753,28.644925,77.213457
17756,28.644925,77.213457
17773,28.644925,77.213457
17779,28.644925,77.213457
17815,28.644925,77.213457
17825,28.644925,77.213457
17829,28.644925,77.213457
17830,28.644925,77.213457
17841,28.644925,77.213457
17847,28.644925,77.213457
17854,28.644925,77.213457
17857,28.644925,77.213457
17874,28.644925,77.213457
17882,28.644925,77.213457
17885,28.644925,77.213457
132111,28.645360,77.202673
17761,28.645393,77.215366
17768,28.645393,77.215366
17862,28.645393,77.215366
17869,28.645393,77.215366
25445,28.645605,77.212778
26648,28.645605,77.212778
26939,28.645605,77.212778
27327,28.645605,77.212778
30593,28.645605,77.212778
30629,28.645605,77.212778
31384,28.645605,77.212778
124964,28.645605,77.212778
42893,28.645951,77.208103
42951,28.645951,77.208103
124487,28.646192,77.214066
12963,28.646239,77.201712
15880,28.646476,77.209318
15881,28.646476,77.209318
28300,28.646850,77.206900
42954,28.646850,77.206900
124650,28.647009,77.208227
39048,28.647084,77.213531
48524,28.647250,77.210479
20536,28.647283,77.202837
55335,28.647283,77.202837
55989,28.647283,77.202837
55995,28.647283,77.202837
124151,28.647283,77.202837
130337,28.647295,77.210007
47734,28.647559,77.213329
17637,28.647848,77.211055
17638,28.647848,77.211055
17641,28.647848,77.211055
17642,28.647848,77.211055
17643,28.647848,77.211055
17644,28.647848,77.211055
17646,28.647848,77.211055
17647,28.647848,77.211055
17648,28.647848,77.211055
17649,28.647848,77.211055
17650,28.647848,77.211055
17653,28.647848,77.211055
17654,28.647848,77.211055
17655,28.647848,77.211055
17657,28.647848,77.211055
17659,28.647848,77.211055
17660,28.647848,77.211055
17661,28.647848,77.211055
17662,28.647848,77.211055
17663,28.647848,77.211055
17664,28.647848,77.211055
17666,28.647848,77.211055
17667,28.647848,77.211055
17668,28.647848,77.211055
17669,28.647848,77.211055
17670,28.647848,77.211055
17671,28.647848,77.211055
17672,28.647848,77.211055
17674,28.647848,77.211055
17675,28.647848,77.211055
17676,28.647848,77.211055
17677,28.647848,77.211055
17678,28.647848,77.211055
17679,28.647848,77.211055
17680,28.647848,77.211055
17681,28.647848,77.211055
17682,28.647848,77.211055
17683,28.647848,77.211055
17685,28.647848,77.211055
17686,28.647848,77.211055
17687,28.647848,77.211055
17688,28.647848,77.211055
17689,28.647848,77.211055
17691,28.647848,77.211055
17692,28.647848,77.211055
17694,28.647848,77.211055
17695,28.647848,77.211055
17696,28.647848,77.211055
17698,28.647848,77.211055
17699,28.647848,77.211055
17700,28.647848,77.211055
17701,28.647848,77.211055
17702,28.647848,77.211055
17703,28.647848,77.211055
17704,28.647848,77.211055
17705,28.647848,77.211055
17707,28.647848,77.211055
17708,28.647848,77.211055
17709,28.647848,77.211055
17714,28.647848,77.211055
17715,28.647848,77.211055
17716,28.647848,77.211055
17717,28.647848,77.211055
17718,28.647848,77.211055
17719,28.647848,77.211055
17720,28.647848,77.211055
17721,28.647848,77.211055
17723,28.647848,77.211055
17724,28.647848,77.211055
17725,28.647848,77.211055
17726,28.647848,77.211055
17727,28.647848,77.211055
17729,28.647848,77.211055
17730,28.647848,77.211055
17731,28.647848,77.211055
17734,28.647848,77.211055
17735,28.647848,77.211055
17736,28.647848,77.211055
17737,28.647848,77.211055
17738,28.647848,77.211055
17739,28.647848,77.211055
17741,28.647848,77.211055
17742,28.647848,77.211055
17744,28.647848,77.211055
17745,28.647848,77.211055
17748,28.647848,77.211055
17749,28.647848,77.211055
17751,28.647848,77.211055
17752,28.647848,77.211055
17755,28.647848,77.211055
17757,28.647848,77.211055
17759,28.647848,77.211055
17760,28.647848,77.211055
17762,28.647848,77.211055
17765,28.647848,77.211055
17770,28.647848,77.211055
17771,28.647848,77.211055
17774,28.647848,77.211055
17776,28.647848,77.211055
17777,28.647848,77.211055
17780,28.647848,77.211055
17781,28.647848,77.211055
17783,28.647848,77.211055
17784,28.647848,77.211055
17786,28.647848,77.211055
17787,28.647848,77.211055
17789,28.647848,77.211055
17790,28.647848,77.211055
17792,28.647848,77.211055
17794,28.647848,77.211055
17796,28.647848,77.211055
17797,28.647848,77.211055
17798,28.647848,77.211055
17800,28.647848,77.211055
17802,28.647848,77.211055
17805,28.647848,77.211055
17806,28.647848,77.211055
17807,28.647848,77.211055
17808,28.647848,77.211055
17809,28.647848,77.211055
17811,28.647848,77.211055
17812,28.647848,77.211055
17814,28.647848,77.211055
17818,28.647848,77.211055
17821,28.647848,77.211055
17822,28.647848,77.211055
17824,28.647848,77.211055
17826,28.647848,77.211055
17827,28.647848,77.211055
17828,28.647848,77.211055
17831,28.647848,77.211055
17832,28.647848,77.211055
17833,28.647848,77.211055
17836,28.647848,77.211055
17840,28.647848,77.211055
17842,28.647848,77.211055
17843,28.647848,77.211055
17846,28.647848,77.211055
17849,28.647848,77.211055
17850,28.647848,77.211055
17852,28.647848,77.211055
17853,28.647848,77.211055
17856,28.647848,77.211055
17858,28.647848,77.211055
17860,28.647848,77.211055
17861,28.647848,77.211055
17863,28.647848,77.211055
17866,28.647848,77.211055
17871,28.647848,77.211055
17872,28.647848,77.211055
17875,28.647848,77.211055
17877,28.647848,77.211055
17879,28.647848,77.211055
17880,28.647848,77.211055
17883,28.647848,77.211055
17884,28.647848,77.211055
17887,28.647848,77.211055
17888,28.647848,77.211055
17890,28.647848,77.211055
17891,28.647848,77.211055
17893,28.647848,77.211055
17894,28.647848,77.211055
17896,28.647848,77.211055
17898,28.647848,77.211055
17900,28.647848,77.211055
17901,28.647848,77.211055
17902,28.647848,77.211055
17904,28.647848,77.211055
17908,28.647848,77.211055
17911,28.647848,77.211055
17912,28.647848,77.211055
17913,28.647848,77.211055
17915,28.647848,77.211055
17916,28.647848,77.211055
17918,28.647848,77.211055
17919,28.647848,77.211055
17921,28.647848,77.211055
26766,28.648028,77.212964
17636,28.648037,77.212987
21102,28.648037,77.212987
52512,28.648037,77.212987
124373,28.648160,77.203944
13270,28.648396,77.200565
17471,28.649655,77.207461
21357,28.649655,77.207461
50574,28.653013,77.201353
17457,28.653935,77.205068
14583,28.654092,77.208899
30827,28.655122,77.203588
31234,28.655339,77.210695
31235,28.655388,77.207461
30954,28.655509,77.209831
30574,28.656494,77.204806
42918,28.656494,77.204806
42979,28.656494,77.204806
43331,28.656924,77.219271
17472,28.656955,77.212203
42901,28.657037,77.203586
39155,28.657095,77.212441
42872,28.657163,77.218899
30959,28.657206,77.203755
31387,28.657206,77.203755
46144,28.657279,77.213158
27858,28.658128,77.217000
47839,28.658454,77.212943
28743,28.658511,77.212731
28834,28.658511,77.212731
30861,28.658511,77.212731
33142,28.658511,77.212731
35211,28.658511,77.212731
36462,28.658511,77.212731
37331,28.658511,77.212731
38512,28.658511,77.212731
40557,28.658511,77.212731
43515,28.658511,77.212731
43769,28.658511,77.212731
46309,28.658511,77.212731
53459,28.658511,77.212731
123284,28.658511,77.212731
123956,28.658511,77.212731
124073,28.658511,77.212731
124827,28.658511,77.212731
123987,28.658937,77.214407
124053,28.658937,77.214407
124080,28.658937,77.214407
55537,28.659029,77.219319
58348,28.659029,77.219319
58349,28.659029,77.219319
30577,28.659178,77.209617
31237,28.659178,77.209617
42888,28.659178,77.209617
37971,28.659578,77.209091
62535,28.659806,77.204946
12888,28.659826,77.208899
31810,28.640059,77.223145
39545,28.640059,77.223145
39783,28.640059,77.223145
48690,28.640059,77.223145
54124,28.640059,77.223145
12622,28.641163,77.230026
12623,28.641163,77.230026
20412,28.641549,77.220812
21231,28.641549,77.220812
21343,28.641549,77.220812
21836,28.641549,77.220812
123998,28.641774,77.222289
124418,28.641774,77.222289
29803,28.641856,77.221874
11844,28.641970,77.220600
11851,28.641970,77.220600
12237,28.641970,77.220600
12260,28.641970,77.220600
12356,28.641970,77.220600
12444,28.641970,77.220600
12518,28.641970,77.220600
12537,28.641970,77.220600
13072,28.641970,77.220600
14081,28.641970,77.220600
24502,28.642073,77.221627
25058,28.642076,77.229520
28511,28.642140,77.230097
28515,28.642140,77.230097
14567,28.642367,77.238771
16102,28.642719,77.228660
12770,28.643068,77.222283
13694,28.643068,77.222283
13705,28.643068,77.222283
13725,28.643068,77.222283
13740,28.643068,77.222283
13755,28.643068,77.222283
15467,28.643068,77.222283
15673,28.643068,77.222283
47692,28.643486,77.225427
41800,28.643714,77.223007
12866,28.644581,77.223599
12869,28.644581,77.223599
30859,28.644688,77.229476
37241,28.646312,77.229489
15802,28.646683,77.230175
37668,28.647582,77.228411
13383,28.648198,77.229738
22137,28.648201,77.226954
54726,28.648201,77.226954
11910,28.648702,77.233151
52513,28.648800,77.226300
21261,28.648860,77.226460
12908,28.649309,77.226365
13037,28.649309,77.226365
13166,28.649309,77.226365
124084,28.649496,77.233764
123203,28.649781,77.228672
41630,28.649924,77.235305
16645,28.650049,77.231481
14203,28.650170,77.229394
20795,28.650178,77.229700
21523,28.650307,77.229363
30170,28.650477,77.230122
45186,28.650486,77.230174
24523,28.650533,77.230337
24675,28.650533,77.230337
26555,28.650533,77.230337
26638,28.650533,77.230337
28397,28.650533,77.230337
28518,28.650533,77.230337
29190,28.650533,77.230337
29311,28.650533,77.230337
29588,28.650533,77.230337
30623,28.650533,77.230337
31693,28.650533,77.230337
34940,28.650533,77.230337
35685,28.650533,77.230337
36525,28.650533,77.230337
36756,28.650533,77.230337
38046,28.650533,77.230337
38472,28.650533,77.230337
38777,28.650533,77.230337
39461,28.650533,77.230337
40155,28.650533,77.230337
40475,28.650533,77.230337
42133,28.650533,77.230337
42307,28.650533,77.230337
42983,28.650533,77.230337
43141,28.650533,77.230337
45032,28.650533,77.230337
47349,28.650533,77.230337
47741,28.650533,77.230337
48507,28.650533,77.230337
53229,28.650533,77.230337
53899,28.650533,77.230337
54748,28.650533,77.230337
54814,28.650533,77.230337
55800,28.650533,77.230337
55960,28.650533,77.230337
123372,28.650533,77.230337
124965,28.650533,77.230337
125567,28.650533,77.230337
128318,28.650533,77.230337
12209,28.650554,77.231893
12399,28.650554,77.231893
12445,28.650554,77.231893
12568,28.650554,77.231893
12602,28.650554,77.231893
12769,28.650554,77.231893
12862,28.650554,77.231893
12906,28.650554,77.231893
12950,28.650554,77.231893
13165,28.650554,77.231893
13284,28.650554,77.231893
13436,28.650554,77.231893
13633,28.650554,77.231893
13652,28.650554,77.231893
13659,28.650554,77.231893
13665,28.650554,77.231893
13699,28.650554,77.231893
13868,28.650554,77.231893
13960,28.650554,77.231893
14023,28.650554,77.231893
14035,28.650554,77.231893
14071,28.650554,77.231893
14337,28.650554,77.231893
14387,28.650554,77.231893
14390,28.650554,77.231893
14396,28.650554,77.231893
14443,28.650554,77.231893
14456,28.650554,77.231893
14646,28.650554,77.231893
14653,28.650554,77.231893
12270,28.650555,77.233439
12282,28.650555,77.233439
15643,28.650594,77.230328
15946,28.650594,77.230328
16769,28.650594,77.230328
17585,28.650594,77.230328
17626,28.650594,77.230328
26149,28.650594,77.230328
45664,28.650594,77.230328
46923,28.650594,77.230328
55410,28.650594,77.230328
53143,28.650597,77.230298
13320,28.650679,77.220553
28756,28.650679,77.233442
36736,28.650679,77.233442
37403,28.650679,77.233442
38933,28.650679,77.233442
40156,28.650679,77.233442
42005,28.650679,77.233442
48445,28.650679,77.233442
49567,28.650679,77.233442
54818,28.650679,77.233442
124170,28.650679,77.233442
140159,28.650679,77.233442
21315,28.650732,77.234526
13547,28.650922,77.237291
13570,28.650922,77.237291
53062,28.650971,77.230333
54863,28.650985,77.230031
124845,28.651046,77.220299
124847,28.651046,77.220299
54676,28.651106,77.230096
44381,28.651162,77.233374
15560,28.651162,77.234129
15955,28.651162,77.234129
54116,28.651241,77.237858
125351,28.651244,77.237753
29301,28.651613,77.235486
40678,28.653522,77.228396
13497,28.653694,77.234767
14135,28.653694,77.234767
14223,28.653694,77.234767
14263,28.653694,77.234767
14330,28.653694,77.234767
26692,28.654340,77.229970
54792,28.654472,77.224960
21754,28.654562,77.230896
48568,28.655266,77.221660
15494,28.655976,77.232605
15507,28.655976,77.232605
45197,28.656125,77.233553
28371,28.656267,77.229903
25054,28.656281,77.232107
55501,28.656281,77.232107
53970,28.656325,77.230358
130405,28.656368,77.221475
130406,28.656368,77.221475
25082,28.656430,77.225586
14292,28.656442,77.229218
14293,28.656442,77.229218
37262,28.656499,77.228442
41980,28.656966,77.223914
36281,28.657287,77.236743
42465,28.657287,77.236743
37374,28.657381,77.230186
45301,28.657381,77.230186
45726,28.657381,77.230186
49689,28.657381,77.230186
52462,28.657381,77.230186
52490,28.657414,77.230023
13146,28.657847,77.230144
22072,28.657847,77.230144
33167,28.658097,77.230398
24969,28.658308,77.220365
124556,28.658506,77.237526
131906,28.658687,77.230287
36567,28.658722,77.230188
36118,28.658733,77.230149
26881,28.658827,77.230357
38236,28.640183,77.240990
38503,28.640621,77.249500
122783,28.640621,77.249500
26790,28.641190,77.240583
35974,28.641190,77.240583
52176,28.641190,77.240583
124194,28.641190,77.240583
37411,28.643073,77.241773
52022,28.643960,77.240324
36717,28.644300,77.244241
36732,28.644300,77.244241
37418,28.644300,77.244241
45570,28.644312,77.240470
35397,28.644321,77.240166
37414,28.644321,77.240166
12555,28.644345,77.241952
13778,28.644345,77.241952
11907,28.644618,77.244826
16525,28.644847,77.240377
31190,28.644847,77.240377
41967,28.644847,77.240377
41970,28.644847,77.240377
122781,28.644847,77.240377
25574,28.648958,77.254833
25579,28.648958,77.254833
46194,28.650322,77.242089
45662,28.653720,77.242219
21796,28.653935,77.249013
52053,28.654564,77.242967
52458,28.654564,77.242967
12670,28.655813,77.241952
13696,28.655813,77.241952
31847,28.655813,77.241952
33709,28.655813,77.241952
42540,28.655813,77.241952
124799,28.655813,77.241952
17613,28.656159,77.241020
22079,28.656159,77.241020
24710,28.656159,77.241020
35357,28.656159,77.241020
40188,28.656159,77.241020
42978,28.656159,77.241020
52054,28.656159,77.241020
52063,28.656159,77.241020
53483,28.656159,77.241020
62561,28.656159,77.241020
62562,28.656159,77.241020
14608,28.656529,77.241124
14009,28.648649,77.272123
14533,28.648649,77.272123
53067,28.651500,77.277181
36791,28.653018,77.279030
45021,28.653018,77.279030
52271,28.653909,77.271210
124147,28.656564,77.270924
14085,28.658001,77.264940
15801,28.658715,77.279895
41674,28.658886,77.272389
46195,28.659755,77.279027
124284,28.659934,77.267155
37401,28.640114,77.287924
21172,28.641325,77.296247
15796,28.641627,77.295375
15800,28.641627,77.295375
16731,28.641627,77.295375
16735,28.641627,77.295375
22144,28.641646,77.295307
29283,28.641864,77.295631
40505,28.641864,77.295631
27167,28.641874,77.295319
12137,28.642501,77.297978
12607,28.642501,77.297978
13098,28.642501,77.297978
15489,28.643618,77.298241
115574,28.645079,77.293832
115576,28.645079,77.293832
55715,28.645396,77.292816
12960,28.645745,77.294388
45844,28.646770,77.285021
45845,28.648036,77.291052
39458,28.648476,77.292951
54172,28.648476,77.292951
14967,28.649849,77.283484
16719,28.649849,77.283484
29786,28.650982,77.286333
36817,28.650982,77.286333
37448,28.650982,77.286333
123408,28.650982,77.286333
123409,28.650982,77.286333
124861,28.650982,77.286333
40226,28.651314,77.286824
34801,28.653015,77.294801
32769,28.653534,77.281425
53291,28.653698,77.295487
55634,28.654047,77.296476
45297,28.654922,77.281881
131780,28.657494,77.280707
37510,28.657979,77.290169
15812,28.659729,77.282751
12262,28.659751,77.282553
12417,28.659751,77.282553
12497,28.659751,77.282553
12958,28.659751,77.282553
13164,28.659751,77.282553
13231,28.659751,77.282553
29320,28.640622,77.301078
21184,28.641386,77.316904
40586,28.641986,77.317973
23662,28.642414,77.318744
25002,28.642414,77.318744
29214,28.642414,77.318744
43794,28.642414,77.318744
43899,28.642414,77.318744
28830,28.642473,77.318871
49539,28.644513,77.317128
124055,28.645427,77.316733
28238,28.645767,77.314785
28242,28.645767,77.314785
28444,28.645767,77.314785
28737,28.645767,77.314785
28814,28.645767,77.314785
32242,28.645767,77.314785
33826,28.645767,77.314785
35214,28.645767,77.314785
35738,28.645767,77.314785
45311,28.645767,77.314785
47709,28.645767,77.314785
26859,28.646513,77.313826
13872,28.646951,77.316031
15125,28.646951,77.316031
16512,28.646989,77.316019
16711,28.646989,77.316019
47707,28.647543,77.316199
13053,28.648300,77.313776
13728,28.648300,77.313776
13965,28.648300,77.313776
125561,28.648318,77.315583
126345,28.648318,77.315583
128317,28.648318,77.315583
62348,28.648480,77.305586
30891,28.648641,77.315172
32984,28.648641,77.315172
40741,28.648641,77.315172
47081,28.648641,77.315172
51086,28.648641,77.315172
53201,28.649153,77.304746
45268,28.649183,77.315119
45274,28.649211,77.314413
15805,28.650218,77.302706
28481,28.650218,77.302706
30613,28.650218,77.302706
32894,28.650218,77.302706
34800,28.650218,77.302706
39448,28.650218,77.302706
39628,28.650218,77.302706
40726,28.650218,77.302706
41568,28.650218,77.302706
42718,28.650218,77.302706
45842,28.650218,77.302706
47203,28.650218,77.302706
51321,28.650218,77.302706
57846,28.650218,77.302706
122703,28.650218,77.302706
122715,28.650218,77.302706
13608,28.650218,77.315138
14520,28.651920,77.306595
14574,28.651920,77.306595
13785,28.652946,77.302287
15795,28.652946,77.302287
16730,28.652946,77.302287
24768,28.652946,77.302287
30622,28.652946,77.302287
37906,28.652946,77.302287
47054,28.652946,77.302287
47082,28.652946,77.302287
139631,28.652946,77.302287
124706,28.653048,77.308243
125163,28.653048,77.308243
125345,28.653048,77.308243
12187,28.653197,77.313290
12696,28.653522,77.315930
26204,28.657436,77.302453
42124,28.657436,77.302453
55617,28.657436,77.302453
124539,28.657436,77.302453
124597,28.657436,77.302453
41421,28.657959,77.317366
38067,28.658864,77.300554
53177,28.658874,77.302536
36214,28.659610,77.306416
28139,28.641458,77.337253
52461,28.642826,77.335136
20847,28.643317,77.338189
13147,28.643380,77.322391
21135,28.643832,77.339208
37649,28.644795,77.335537
38053,28.644795,77.335537
15929,28.644897,77.335583
27451,28.645055,77.335954
54036,28.645145,77.320267
34225,28.646453,77.320006
21132,28.646503,77.320008
27664,28.646564,77.320058
26367,28.648947,77.338947
21213,28.649646,77.339518
28351,28.649878,77.339740
33292,28.649878,77.339740
36777,28.649878,77.339740
36788,28.649878,77.339740
38020,28.649878,77.339740
21167,28.649947,77.339711
13576,28.649972,77.339737
15582,28.649972,77.339737
34179,28.650274,77.339146
36603,28.650274,77.339146
36605,28.650274,77.339146
37148,28.650274,77.339146
39197,28.650274,77.339146
41855,28.650274,77.339146
41861,28.650274,77.339146
55575,28.650274,77.339146
53037,28.652649,77.332903
34795,28.658997,77.323883
42049,28.640940,77.342128
29193,28.641085,77.353645
29944,28.642442,77.350389
24665,28.642934,77.340190
33355,28.642934,77.340190
35438,28.642934,77.340190
38055,28.642934,77.340190
44849,28.642934,77.340190
45723,28.642934,77.340190
48215,28.642934,77.340190
49478,28.642934,77.340190
51481,28.642934,77.340190
55360,28.642934,77.340190
55978,28.642934,77.340190
53063,28.642980,77.340233
36604,28.643056,77.341111
20830,28.647389,77.344086
36602,28.650030,77.355641
27328,28.650279,77.357757
28437,28.650279,77.357757
26384,28.651509,77.358141
28492,28.651709,77.353619
21032,28.653605,77.355368
37150,28.653777,77.348953
38052,28.653777,77.348953
28498,28.654334,77.356403
44412,28.641180,77.367106
12239,28.641485,77.371386
12549,28.641485,77.371386
13928,28.641485,77.371386
15895,28.641485,77.371386
21322,28.641485,77.371386
20945,28.642709,77.369562
20944,28.643406,77.367158
32997,28.643547,77.363562
34900,28.643547,77.363562
26857,28.643875,77.368326
21189,28.643971,77.369133
21191,28.644649,77.378853
30521,28.644879,77.376226
23677,28.646018,77.369517
23679,28.646018,77.369517
24620,28.646018,77.369517
31042,28.646018,77.369517
39251,28.646018,77.369517
40669,28.646018,77.369517
41975,28.646018,77.369517
43793,28.646018,77.369517
48548,28.646018,77.369517
48636,28.646018,77.369517
51137,28.646018,77.369517
51138,28.646018,77.369517
54339,28.646018,77.369517
26856,28.646106,77.375167
43930,28.647711,77.375984
29945,28.647881,77.376411
41977,28.652650,77.361594
28495,28.653529,77.360325
20927,28.657768,77.364786
36653,28.659163,77.360437
54192,28.653780,77.386990
129167,28.676188,76.919036
125663,28.667035,76.920371
130561,28.671771,76.939077
125628,28.674585,76.933517
125894,28.675464,76.925671
126226,28.675464,76.925671
126229,28.675464,76.925671
126236,28.675464,76.925671
126237,28.675464,76.925671
126240,28.675464,76.925671
126241,28.675464,76.925671
126277,28.675464,76.925671
126278,28.675464,76.925671
126279,28.675464,76.925671
126280,28.675464,76.925671
126281,28.675464,76.925671
126283,28.675464,76.925671
126284,28.675464,76.925671
126285,28.675464,76.925671
126288,28.675464,76.925671
127519,28.675464,76.925671
127527,28.675464,76.925671
127535,28.675464,76.925671
127538,28.675464,76.925671
127541,28.675464,76.925671
127545,28.675464,76.925671
127549,28.675464,76.925671
127556,28.675464,76.925671
127563,28.675464,76.925671
127567,28.675464,76.925671
127568,28.675464,76.925671
127570,28.675464,76.925671
127572,28.675464,76.925671
127574,28.675464,76.925671
127583,28.675464,76.925671
128351,28.675464,76.925671
128361,28.675464,76.925671
128369,28.675464,76.925671
128372,28.675464,76.925671
128375,28.675464,76.925671
128381,28.675464,76.925671
128385,28.675464,76.925671
128394,28.675464,76.925671
128401,28.675464,76.925671
128407,28.675464,76.925671
128408,28.675464,76.925671
128410,28.675464,76.925671
128413,28.675464,76.925671
128414,28.675464,76.925671
128416,28.675464,76.925671
128418,28.675464,76.925671
128419,28.675464,76.925671
128432,28.675464,76.925671
128438,28.675464,76.925671
128447,28.675464,76.925671
128451,28.675464,76.925671
129617,28.676037,76.928652
129625,28.676037,76.928652
129176,28.676746,76.928981
133093,28.676852,76.932147
133095,28.676852,76.932147
125590,28.677118,76.928295
125592,28.677118,76.928295
125613,28.677118,76.928295
125887,28.677118,76.928295
126130,28.677118,76.928295
129162,28.677118,76.928295
129182,28.677118,76.928295
129635,28.677118,76.928295
125593,28.677425,76.928113
129550,28.677425,76.928113
129630,28.677425,76.928113
129637,28.677425,76.928113
129702,28.677987,76.939592
129739,28.677987,76.939592
130466,28.677987,76.939592
128483,28.678244,76.939820
128528,28.678244,76.939820
128529,28.678244,76.939820
128616,28.678244,76.939820
128617,28.678244,76.939820
129581,28.678244,76.939820
130513,28.678244,76.939820
130560,28.678244,76.939820
130571,28.678244,76.939820
130588,28.678244,76.939820
130610,28.678244,76.939820
130616,28.678244,76.939820
131167,28.678244,76.939820
133098,28.678244,76.939820
133102,28.678244,76.939820
145711,28.678244,76.939820
146316,28.678244,76.939820
147798,28.678244,76.939820
147968,28.679549,76.921463
57911,28.670458,76.960090
57923,28.674110,76.962537
57919,28.674620,76.968410
58009,28.676708,76.964167
57929,28.678139,76.968330
57917,28.678365,76.967429
57915,28.678704,76.964811
23571,28.673136,76.998405
34567,28.673136,76.998405
23589,28.666501,77.016372
37140,28.679528,77.011825
57907,28.679528,77.011825
123914,28.679528,77.011825
124561,28.679528,77.011825
14195,28.672609,77.029100
54730,28.672609,77.029100
23579,28.676172,77.025222
124481,28.679176,77.037736
12360,28.679440,77.028350
15346,28.679440,77.028350
23576,28.667417,77.054978
127955,28.667417,77.054978
124057,28.662462,77.072276
124067,28.662462,77.072276
124072,28.662462,77.072276
124213,28.662462,77.072276
124369,28.662462,77.072276
124600,28.662462,77.072276
41495,28.666343,77.067959
124314,28.667036,77.077038
29654,28.671329,77.077408
26034,28.675286,77.061789
29969,28.676042,77.067329
25078,28.676511,77.069398
124044,28.676910,77.078564
136569,28.677503,77.063912
111299,28.677688,77.063872
124536,28.678451,77.067240
135706,28.678701,77.065037
137022,28.678701,77.065037
111211,28.678922,77.069253
29851,28.679145,77.066325
29978,28.679145,77.066325
23555,28.679680,77.065911
23593,28.679680,77.065911
17534,28.663000,77.086485
12722,28.664939,77.094218
122332,28.665376,77.080190
14201,28.665433,77.094314
46945,28.665561,77.088519
12439,28.665978,77.093858
13107,28.665978,77.093858
13224,28.665978,77.093858
13534,28.665978,77.093858
13734,28.665978,77.093858
14125,28.665978,77.093858
14185,28.665978,77.093858
14363,28.665978,77.093858
14572,28.665978,77.093858
16641,28.667623,77.097307
24673,28.669126,77.092866
25640,28.669126,77.092866
26612,28.669126,77.092866
33137,28.669126,77.092866
34262,28.669126,77.092866
39517,28.669126,77.092866
41494,28.669126,77.092866
41496,28.669126,77.092866
49312,28.669126,77.092866
55412,28.669126,77.092866
124297,28.669126,77.092866
32843,28.671446,77.098066
29197,28.674113,77.092779
124040,28.674975,77.094018
124386,28.674975,77.094482
124473,28.674975,77.094482
111210,28.676516,77.091700
111444,28.676516,77.091700
123950,28.676516,77.091700
123964,28.676516,77.091700
124042,28.676516,77.091700
124082,28.676516,77.091700
124294,28.676516,77.091700
137000,28.676516,77.091700
137025,28.676516,77.091700
123202,28.677884,77.094427
124585,28.678192,77.094483
16746,28.678433,77.085585
54703,28.678970,77.092951
124210,28.678970,77.092951
62559,28.679092,77.096102
130316,28.679396,77.094693
134027,28.679396,77.094693
124756,28.679518,77.094359
123940,28.679543,77.094621
124094,28.679543,77.094621
125335,28.679543,77.094621
130371,28.679543,77.094621
136979,28.679543,77.094621
111453,28.679653,77.092777
21845,28.679654,77.091566
12157,28.679676,77.092712
12759,28.679676,77.092712
23572,28.679883,77.093229
12714,28.679890,77.092096
39494,28.663913,77.103589
13101,28.664154,77.106289
23975,28.667012,77.117386
124061,28.667118,77.100696
21348,28.667624,77.101154
37995,28.668106,77.102159
15136,28.668667,77.101940
15312,28.668667,77.101940
15666,28.668667,77.101940
16519,28.668667,77.101940
16674,28.668667,77.101940
46310,28.668797,77.119393
15886,28.671448,77.100065
35278,28.671915,77.119544
43755,28.672633,77.118314
47634,28.672633,77.118314
124251,28.672633,77.118314
33768,28.673050,77.100332
12384,28.674806,77.106941
125062,28.676077,77.100153
123957,28.676156,77.119881
12848,28.676303,77.119704
13128,28.676303,77.119704
125538,28.676340,77.119740
48400,28.676678,77.114902
124380,28.677079,77.111187
25922,28.677331,77.112318
32746,28.677331,77.112318
24252,28.677373,77.104407
123963,28.661975,77.124156
124092,28.661975,77.124156
124141,28.661975,77.124156
124290,28.661975,77.124156
125068,28.661975,77.124156
125169,28.661975,77.124156
15357,28.663815,77.123111
15621,28.663815,77.123111
46114,28.664576,77.129772
124924,28.665513,77.131798
12103,28.666152,77.134127
37581,28.666155,77.126158
41115,28.666365,77.126322
37582,28.666380,77.124351
37805,28.666380,77.124351
38024,28.666380,77.124351
28507,28.666429,77.122858
41061,28.666495,77.125527
45309,28.666495,77.125527
38463,28.666518,77.124905
38465,28.666518,77.124905
125543,28.667427,77.135882
37580,28.669133,77.134982
12171,28.669304,77.128382
12775,28.669304,77.128382
13236,28.669304,77.128382
13324,28.669304,77.128382
13437,28.669304,77.128382
13451,28.669304,77.128382
13498,28.669304,77.128382
13688,28.669304,77.128382
13716,28.669304,77.128382
14177,28.669304,77.128382
43180,28.669724,77.131673
25680,28.670693,77.128477
26414,28.670693,77.128477
26828,28.670693,77.128477
26954,28.670693,77.128477
31960,28.670693,77.128477
32678,28.670693,77.128477
32681,28.670693,77.128477
36620,28.670693,77.128477
40877,28.670693,77.128477
41900,28.670693,77.128477
42732,28.670693,77.128477
42733,28.670693,77.128477
42853,28.670693,77.128477
43523,28.670693,77.128477
43746,28.670693,77.128477
49477,28.670693,77.128477
49506,28.670693,77.128477
49612,28.670693,77.128477
53172,28.670693,77.128477
53370,28.670693,77.128477
55359,28.670693,77.128477
55396,28.670693,77.128477
15981,28.671107,77.139250
28552,28.671394,77.127092
23696,28.671591,77.138431
26949,28.672125,77.120471
37024,28.672125,77.120471
43840,28.672125,77.120471
35951,28.672290,77.134166
35276,28.672840,77.130021
55623,28.672859,77.127542
140155,28.672920,77.123791
14616,28.673751,77.127338
35274,28.674677,77.131452
20789,28.675521,77.124012
20492,28.679504,77.128163
34297,28.679852,77.136500
41116,28.660305,77.142441
34596,28.660321,77.159331
37783,28.660541,77.145269
25999,28.662012,77.141481
24605,28.662345,77.141081
28548,28.662345,77.141081
30368,28.662345,77.141081
34335,28.662345,77.141081
39714,28.662345,77.141081
40881,28.662345,77.141081
40938,28.662345,77.141081
47740,28.662345,77.141081
39933,28.662363,77.151213
130357,28.663047,77.154360
141264,28.663047,77.154360
14495,28.663164,77.141371
16466,28.664819,77.148225
25429,28.665521,77.152957
26961,28.665521,77.152957
40391,28.665521,77.152957
42854,28.665521,77.152957
124809,28.665521,77.152957
125389,28.665521,77.152957
24050,28.665920,77.142852
41058,28.667630,77.155706
39938,28.669668,77.147078
40395,28.669668,77.147078
111587,28.671441,77.155776
14957,28.671530,77.155272
38991,28.672013,77.151147
31887,28.672297,77.150494
136931,28.672715,77.156425
26958,28.672906,77.145876
42956,28.672906,77.145876
138345,28.672906,77.145876
14528,28.673248,77.152651
130336,28.673786,77.140267
13433,28.675117,77.140798
15874,28.677966,77.158093
36703,28.663171,77.177001
20477,28.664140,77.168835
28777,28.664238,77.167030
39474,28.664941,77.174777
27957,28.667466,77.171588
29129,28.667466,77.171588
23559,28.671320,77.166485
139617,28.671320,77.166485
24389,28.671723,77.166825
41085,28.671910,77.167854
26797,28.672204,77.165214
36255,28.672204,77.165214
41704,28.672204,77.165214
55994,28.672204,77.165214
12243,28.673312,77.170044
12895,28.673312,77.170044
15491,28.673312,77.170044
21258,28.673373,77.169674
21259,28.673373,77.169674
16683,28.673512,77.170212
130375,28.673522,77.175052
124268,28.673562,77.169273
131654,28.673562,77.169273
24538,28.673586,77.170175
42198,28.673586,77.170175
54545,28.673586,77.170175
54883,28.673586,77.170175
39378,28.673600,77.168956
21355,28.679100,77.161681
139630,28.679688,77.169366
27573,28.660297,77.198837
40157,28.660297,77.198837
40162,28.660297,77.198837
41051,28.660297,77.198837
50460,28.660297,77.198837
55562,28.661633,77.189499
125198,28.662198,77.186466
123959,28.662250,77.185649
124060,28.662250,77.185649
124203,28.662250,77.185649
48263,28.662751,77.185247
51581,28.662751,77.185247
27356,28.662783,77.192627
124052,28.662798,77.198102
123984,28.663498,77.180497
12292,28.663858,77.197883
36754,28.665243,77.199995
41835,28.665836,77.186852
46839,28.665836,77.186852
24250,28.666379,77.199788
28473,28.666379,77.199788
30702,28.666379,77.199788
31017,28.666379,77.199788
42312,28.666615,77.198883
43622,28.666615,77.198883
14618,28.667281,77.195064
42692,28.667416,77.198495
27365,28.668120,77.186978
29799,28.668395,77.189853
35215,28.668791,77.181404
45307,28.669980,77.181875
12874,28.669992,77.181686
13718,28.669992,77.181686
14155,28.669992,77.181686
28516,28.670214,77.181807
28028,28.670350,77.180533
136961,28.670350,77.180533
14152,28.671212,77.193087
14157,28.671212,77.193087
35333,28.672018,77.191427
45954,28.673479,77.197538
22076,28.674620,77.180176
27360,28.674620,77.180176
29035,28.674620,77.180176
30353,28.674620,77.180176
36447,28.674620,77.180176
45616,28.674620,77.180176
45705,28.674620,77.180176
50447,28.674620,77.180176
50461,28.674620,77.180176
122885,28.674620,77.180176
124452,28.674620,77.180176
127954,28.674620,77.180176
13119,28.677220,77.195962
13234,28.677220,77.195962
31390,28.661160,77.211732
14546,28.661357,77.202431
42887,28.661357,77.202431
42920,28.661357,77.202431
28155,28.661416,77.214289
28156,28.661416,77.214289
42841,28.661896,77.209089
38092,28.662074,77.204343
20796,28.663078,77.211550
17610,28.663079,77.211550
16541,28.663154,77.207077
53855,28.663236,77.219771
124571,28.663619,77.209750
23536,28.664343,77.216684
23537,28.664343,77.216684
27571,28.664457,77.200999
17986,28.664560,77.214933
28095,28.664560,77.214933
40600,28.664560,77.214933
124242,28.664560,77.214933
124741,28.664560,77.214933
125316,28.664560,77.214933
125531,28.664560,77.214933
27599,28.665532,77.208711
12233,28.666364,77.207273
12389,28.666364,77.207273
12397,28.666364,77.207273
21265,28.666398,77.207372
20491,28.666537,77.212637
20652,28.667094,77.216534
39306,28.667190,77.216660
125329,28.667737,77.209322
135692,28.668477,77.200380
55503,28.668515,77.200414
47910,28.668896,77.200353
26776,28.669012,77.205001
14547,28.669085,77.204828
35003,28.669446,77.204587
55556,28.669446,77.204587
49725,28.670575,77.216236
45888,28.671303,77.212052
45730,28.672067,77.210911
53956,28.674736,77.209789
36658,28.674781,77.209797
36727,28.674820,77.204630
44901,28.675917,77.208904
12948,28.676376,77.209617
13207,28.676376,77.209617
13994,28.676376,77.209617
14019,28.676376,77.209617
14028,28.676376,77.209617
14275,28.676376,77.209617
14290,28.676376,77.209617
111956,28.676395,77.202428
138777,28.676395,77.202428
124743,28.676515,77.216263
21270,28.676739,77.208653
22112,28.676739,77.208653
22143,28.676739,77.208653
41665,28.676739,77.208653
124622,28.676739,77.208653
125258,28.677452,77.204614
62520,28.677488,77.204507
111959,28.677488,77.204507
13997,28.677798,77.201512
22070,28.678079,77.207987
27014,28.678084,77.212492
33853,28.678115,77.206276
34925,28.678115,77.206276
36211,28.678115,77.206276
47016,28.678115,77.206276
55089,28.678115,77.206276
49393,28.678121,77.206300
21344,28.678280,77.207952
17605,28.678565,77.203765
21345,28.678817,77.209902
61812,28.679122,77.209745
21320,28.679212,77.209666
14975,28.679262,77.203784
12471,28.660203,77.226013
14660,28.660203,77.226013
14711,28.660330,77.226859
25578,28.660499,77.224015
52966,28.660531,77.223599
57139,28.660590,77.224290
51096,28.660772,77.224042
37012,28.660962,77.227679
21321,28.660968,77.227670
21323,28.660968,77.227670
24859,28.660968,77.227670
25094,28.660968,77.227670
26338,28.660968,77.227670
26673,28.660968,77.227670
30712,28.660968,77.227670
30876,28.660968,77.227670
32427,28.660968,77.227670
35478,28.660968,77.227670
35568,28.660968,77.227670
36236,28.660968,77.227670
36493,28.660968,77.227670
38677,28.660968,77.227670
39158,28.660968,77.227670
40363,28.660968,77.227670
41340,28.660968,77.227670
41551,28.660968,77.227670
43617,28.660968,77.227670
47348,28.660968,77.227670
49221,28.660968,77.227670
49632,28.660968,77.227670
51490,28.660968,77.227670
54760,28.660968,77.227670
54774,28.660968,77.227670
62587,28.661040,77.223218
25649,28.661078,77.234588
32963,28.661078,77.234588
32975,28.661078,77.234588
55510,28.661242,77.227304
55536,28.661242,77.227304
14259,28.661279,77.227856
43412,28.661303,77.227968
26807,28.661409,77.227376
50872,28.661442,77.227872
62585,28.661813,77.235536
140152,28.661853,77.229658
30502,28.662691,77.230129
124709,28.662946,77.221227
62592,28.663043,77.227582
124056,28.663043,77.227582
124158,28.663043,77.227582
124191,28.663043,77.227582
124507,28.663043,77.227582
124609,28.663043,77.227582
125038,28.663043,77.227582
125194,28.663043,77.227582
128328,28.663043,77.227582
130298,28.663043,77.227582
37271,28.663278,77.224553
21190,28.664044,77.231787
20486,28.664269,77.226079
12077,28.664402,77.234939
124470,28.664487,77.238883
124661,28.664656,77.227910
125364,28.664656,77.227910
127597,28.664656,77.227910
127953,28.664656,77.227910
130343,28.664656,77.227910
130347,28.664656,77.227910
131907,28.664656,77.227910
25793,28.665259,77.232393
124865,28.665536,77.232008
124131,28.665916,77.224276
49786,28.666238,77.229284
124708,28.666293,77.221953
127511,28.666293,77.221953
13963,28.666458,77.233330
29781,28.666472,77.233289
35965,28.666472,77.233289
38088,28.666472,77.233289
40283,28.666472,77.233289
41641,28.666472,77.233289
45975,28.666472,77.233289
48823,28.666472,77.233289
51626,28.666472,77.233289
55144,28.666472,77.233289
55998,28.666472,77.233289
111559,28.666472,77.233289
122495,28.666472,77.233289
124050,28.666472,77.233289
124202,28.666472,77.233289
124329,28.666472,77.233289
124463,28.666472,77.233289
124562,28.666472,77.233289
124633,28.666472,77.233289
124642,28.666472,77.233289
124675,28.666472,77.233289
124714,28.666472,77.233289
124715,28.666472,77.233289
124745,28.666472,77.233289
124748,28.666472,77.233289
124749,28.666472,77.233289
125119,28.666472,77.233289
125265,28.666472,77.233289
125525,28.666472,77.233289
125564,28.666472,77.233289
127603,28.666472,77.233289
55719,28.666553,77.229013
55932,28.666553,77.229013
55951,28.666553,77.229013
133513,28.666557,77.229036
134034,28.666557,77.229036
140944,28.666557,77.229036
49090,28.666558,77.226864
123969,28.666558,77.226864
125343,28.666558,77.226864
127509,28.666558,77.226864
22134,28.666571,77.229068
33838,28.666571,77.229068
49246,28.666571,77.229068
53582,28.666571,77.229068
13568,28.666772,77.233220
13692,28.666772,77.233220
124260,28.666935,77.229143
42364,28.667430,77.228374
42292,28.667465,77.228176
40589,28.667470,77.228240
40777,28.667470,77.228240
52504,28.667470,77.228240
53017,28.667470,77.228240
54864,28.667470,77.228240
12145,28.667502,77.228175
12163,28.667502,77.228175
12224,28.667502,77.228175
12256,28.667502,77.228175
12453,28.667502,77.228175
12454,28.667502,77.228175
12482,28.667502,77.228175
12682,28.667502,77.228175
12717,28.667502,77.228175
12724,28.667502,77.228175
12766,28.667502,77.228175
13124,28.667502,77.228175
13797,28.667502,77.228175
14350,28.667502,77.228175
15564,28.667502,77.228175
15664,28.667502,77.228175
15883,28.667596,77.228275
15867,28.667671,77.228211
15959,28.667671,77.228211
15993,28.667671,77.228211
15997,28.667671,77.228211
16527,28.667671,77.228211
16612,28.667671,77.228211
16615,28.667671,77.228211
16762,28.667671,77.228211
22078,28.667742,77.228201
21112,28.667790,77.228161
26654,28.667804,77.228660
44570,28.667804,77.228660
47553,28.667804,77.228660
111582,28.667804,77.228660
124555,28.667804,77.228660
125577,28.667804,77.228660
130350,28.667804,77.228660
130384,28.667804,77.228660
26761,28.667816,77.229127
25628,28.667916,77.230821
45298,28.668078,77.233404
39549,28.668372,77.226582
40731,28.668372,77.226582
124824,28.668377,77.224983
111560,28.668416,77.226136
125200,28.668416,77.226136
125330,28.668416,77.226136
127501,28.668416,77.226136
62537,28.668442,77.228048
41137,28.668707,77.230378
122705,28.668766,77.230868
124821,28.668766,77.230868
125155,28.668766,77.230868
133534,28.668766,77.230868
127503,28.668776,77.233460
36044,28.668904,77.226503
12331,28.669105,77.228921
13159,28.669105,77.228921
26206,28.669298,77.234187
26207,28.669298,77.234187
124660,28.669793,77.235502
128290,28.671153,77.224135
39104,28.674781,77.229892
125120,28.674831,77.223040
12276,28.675531,77.223271
14270,28.675531,77.223271
15894,28.676973,77.224975
49609,28.676978,77.224988
41834,28.679992,77.223710
25804,28.662606,77.258213
52073,28.665270,77.258476
29292,28.668301,77.250265
20442,28.668425,77.250401
13530,28.668951,77.250924
15129,28.669314,77.259553
47026,28.669894,77.255466
124063,28.669894,77.255466
124166,28.669894,77.255466
124630,28.669894,77.255466
124669,28.669894,77.255466
124796,28.669894,77.255466
125374,28.669894,77.255466
125524,28.669894,77.255466
125791,28.669894,77.255466
128302,28.669894,77.255466
128323,28.669894,77.255466
130348,28.669894,77.255466
130361,28.669894,77.255466
134481,28.669894,77.255466
124305,28.669895,77.255447
127493,28.671598,77.245904
143763,28.672520,77.250386
124634,28.672663,77.246200
46138,28.673989,77.243775
124491,28.660610,77.264067
35161,28.660833,77.267974
16736,28.660940,77.279253
46848,28.661618,77.274587
49784,28.662170,77.278356
53481,28.662516,77.264095
124594,28.663567,77.261363
52514,28.663674,77.265262
122990,28.663817,77.264023
22081,28.664018,77.271167
24672,28.664018,77.271167
34585,28.664018,77.271167
39618,28.664018,77.271167
39620,28.664018,77.271167
42123,28.664018,77.271167
42700,28.664018,77.271167
42822,28.664018,77.271167
49726,28.664018,77.271167
49728,28.664018,77.271167
53194,28.664018,77.271167
55504,28.664018,77.271167
55621,28.664018,77.271167
122497,28.664018,77.271167
122570,28.664018,77.271167
122609,28.664018,77.271167
122718,28.664018,77.271167
122719,28.664018,77.271167
122919,28.664018,77.271167
122996,28.664018,77.271167
122997,28.664018,77.271167
123373,28.664018,77.271167
123606,28.664018,77.271167
123607,28.664018,77.271167
124005,28.664018,77.271167
124156,28.664018,77.271167
124566,28.664018,77.271167
124613,28.664018,77.271167
124705,28.664018,77.271167
124810,28.664018,77.271167
125582,28.664018,77.271167
132826,28.664018,77.271167
131778,28.664171,77.275176
49729,28.664179,77.277151
53195,28.664669,77.261696
49019,28.664785,77.274099
124788,28.665282,77.266378
124619,28.666123,77.274011
49767,28.667046,77.277151
124595,28.667669,77.275990
124552,28.667797,77.269969
124789,28.667797,77.269969
124872,28.667910,77.273530
124658,28.667956,77.278769
124873,28.667956,77.278769
122999,28.669218,77.274533
38586,28.669515,77.266832
41793,28.669767,77.266745
62352,28.669800,77.266810
62360,28.669800,77.266810
12296,28.669890,77.266779
12501,28.669890,77.266779
12917,28.669890,77.266779
13612,28.669890,77.266779
14102,28.669890,77.266779
14149,28.669890,77.266779
14153,28.669890,77.266779
14476,28.669890,77.266779
17586,28.669900,77.266646
21753,28.669900,77.266646
124171,28.670050,77.278588
48801,28.670355,77.278531
34944,28.670584,77.265772
34948,28.670584,77.265772
40700,28.670584,77.265772
122617,28.670612,77.266747
124998,28.670612,77.266747
46238,28.670703,77.271034
48800,28.670727,77.278463
41647,28.671051,77.266215
122685,28.671188,77.263157
47202,28.671375,77.269226
50185,28.671375,77.269226
52296,28.671375,77.269226
52341,28.671375,77.269226
53197,28.671375,77.269226
53205,28.671375,77.269226
53577,28.671375,77.269226
55502,28.671375,77.269226
62366,28.671375,77.269226
111227,28.671375,77.269226
115579,28.671375,77.269226
124672,28.671375,77.269226
130345,28.671375,77.269226
132827,28.671375,77.269226
137011,28.671375,77.269226
122920,28.671403,77.269007
122998,28.671403,77.269007
62345,28.671716,77.263711
62363,28.671716,77.263711
62364,28.671716,77.263711
62584,28.671716,77.263711
122810,28.671716,77.263711
122986,28.671716,77.263711
124637,28.671716,77.263711
124823,28.671716,77.263711
127596,28.671716,77.263711
140157,28.671762,77.277659
12410,28.671799,77.277562
15556,28.671799,77.277562
46728,28.671869,77.266121
15951,28.671871,77.277959
122753,28.672260,77.265824
45302,28.672298,77.275093
42055,28.672449,77.276887
44959,28.672449,77.276887
47603,28.672449,77.276887
34196,28.672613,77.276889
55622,28.672629,77.275557
34593,28.672755,77.278485
123008,28.673099,77.269547
122923,28.673446,77.270034
122921,28.673702,77.269108
122922,28.674417,77.267575
122988,28.674438,77.266059
52226,28.675476,77.267814
52275,28.675476,77.267814
122686,28.675476,77.267814
122924,28.675476,77.267814
122987,28.675476,77.267814
124792,28.675476,77.267814
122993,28.675765,77.266444
28274,28.675766,77.274637
46836,28.675766,77.274637
122601,28.675766,77.274637
124620,28.675766,77.274637
135704,28.676418,77.262977
53066,28.677939,77.261098
123488,28.677943,77.261107
122995,28.678322,77.267226
55884,28.678551,77.271609
122496,28.678717,77.264222
122498,28.678717,77.264222
122811,28.678717,77.264222
123375,28.678717,77.264222
123406,28.678717,77.264222
123407,28.678717,77.264222
123772,28.678717,77.264222
41794,28.678848,77.266502
53706,28.660866,77.297718
22275,28.660986,77.292592
55127,28.661325,77.296127
15900,28.662323,77.295827
49216,28.662331,77.280141
122333,28.663047,77.291481
122334,28.663047,77.291481
45294,28.663208,77.283983
124550,28.663616,77.282538
48833,28.664648,77.282525
36454,28.664652,77.284962
38964,28.664790,77.284800
62347,28.665254,77.284652
124712,28.665308,77.282549
52488,28.666486,77.280637
36217,28.667037,77.290258
14332,28.669280,77.296901
32147,28.669435,77.287206
48920,28.670459,77.282897
49395,28.670459,77.282897
28452,28.671465,77.289720
28519,28.671465,77.289720
28531,28.671465,77.289720
28537,28.671465,77.289720
28546,28.671465,77.289720
36209,28.671465,77.289720
36213,28.671997,77.291135
34509,28.673430,77.292199
55287,28.673430,77.292199
55544,28.673443,77.290053
15475,28.673446,77.289622
53193,28.673450,77.289880
62359,28.673450,77.289880
123735,28.673450,77.289880
130351,28.673450,77.289880
16706,28.673466,77.289091
53039,28.673468,77.291911
28396,28.673475,77.290076
50402,28.673789,77.282140
50889,28.673789,77.282140
51317,28.673789,77.282140
51937,28.673789,77.282140
62355,28.673789,77.282140
136568,28.673789,77.282140
124567,28.674103,77.280824
127606,28.674103,77.280824
132006,28.674103,77.280824
133528,28.674103,77.280824
55616,28.674119,77.287074
24891,28.675003,77.288597
36215,28.675503,77.291611
45303,28.675526,77.291604
27276,28.675581,77.291773
38502,28.676193,77.282897
123313,28.676810,77.290116
44955,28.677173,77.282184
33226,28.677516,77.288381
33236,28.677516,77.288381
53140,28.678024,77.289778
26203,28.661777,77.302994
53018,28.662123,77.319914
49166,28.664700,77.301544
49167,28.664700,77.301544
55633,28.665764,77.314466
45091,28.669263,77.318654
62334,28.670652,77.314992
62356,28.670652,77.314992
12034,28.670700,77.310772
28142,28.671246,77.317654
45092,28.671246,77.317654
115582,28.671246,77.317654
62335,28.672130,77.315259
62350,28.672265,77.316165
62357,28.672265,77.316165
14978,28.673406,77.318207
54540,28.675739,77.312209
12636,28.675791,77.312390
14268,28.675791,77.312390
27583,28.676216,77.318107
47863,28.676216,77.318107
122706,28.678458,77.310545
25356,28.662008,77.336682
53247,28.662008,77.336682
44281,28.662121,77.337025
15148,28.666864,77.328135
16480,28.666864,77.328135
38066,28.669460,77.331725
37377,28.671950,77.328853
21122,28.675774,77.322369
15927,28.675863,77.321449
41423,28.675898,77.321517
14620,28.675930,77.321427
47763,28.676513,77.321980
30742,28.676593,77.352044
40914,28.677030,77.346580
29226,28.660176,77.368645
20942,28.661380,77.378516
36594,28.661380,77.378516
21182,28.661979,77.372425
37376,28.662376,77.373440
40351,28.662376,77.373440
41928,28.662376,77.373440
42527,28.662376,77.373440
43807,28.662376,77.373440
43830,28.662376,77.373440
43831,28.662376,77.373440
43833,28.662376,77.373440
43834,28.662376,77.373440
43900,28.662376,77.373440
43979,28.662376,77.373440
43987,28.662376,77.373440
44005,28.662376,77.373440
44007,28.662376,77.373440
44010,28.662376,77.373440
45184,28.662376,77.373440
48191,28.662376,77.373440
48357,28.662376,77.373440
48389,28.662376,77.373440
48391,28.662376,77.373440
48635,28.662376,77.373440
20950,28.663628,77.369767
20846,28.664860,77.371387
20937,28.665643,77.375346
54319,28.668255,77.376974
25968,28.668349,77.379190
48995,28.668410,77.375303
25800,28.669473,77.377108
38942,28.676668,77.371203
47856,28.679685,77.372395
123000,28.679685,77.372395
25178,28.664041,77.384523
43809,28.664271,77.386093
43913,28.664271,77.386093
43914,28.664271,77.386093
32799,28.672818,77.386284
36423,28.672818,77.386284
39311,28.672818,77.386284
49174,28.672818,77.386284
49779,28.672818,77.386284
47862,28.673848,77.390571
55957,28.673848,77.390571
122615,28.673848,77.390571
40584,28.675769,77.386686
39283,28.676889,77.390983
40980,28.678547,77.383949
25191,28.678928,77.381257
41258,28.679439,77.381937
41261,28.679439,77.381937
133016,28.685318,76.908657
125605,28.689463,76.908124
126195,28.689463,76.908124
128058,28.694314,76.914488
130848,28.694314,76.914488
125617,28.695755,76.913887
125621,28.695755,76.913887
126127,28.695755,76.913887
127979,28.695755,76.913887
128273,28.695755,76.913887
128791,28.695755,76.913887
129311,28.695755,76.913887
129322,28.695755,76.913887
129826,28.695755,76.913887
130565,28.695755,76.913887
131019,28.695755,76.913887
131883,28.695755,76.913887
131884,28.695755,76.913887
131886,28.695755,76.913887
131892,28.695755,76.913887
131894,28.695755,76.913887
131896,28.695755,76.913887
131910,28.695755,76.913887
132078,28.695755,76.913887
132524,28.695755,76.913887
133427,28.695755,76.913887
133431,28.695755,76.913887
133479,28.695755,76.913887
133483,28.695755,76.913887
133605,28.695755,76.913887
133726,28.695755,76.913887
133734,28.695755,76.913887
133742,28.695755,76.913887
133749,28.695755,76.913887
133899,28.695755,76.913887
133901,28.695755,76.913887
133904,28.695755,76.913887
133910,28.695755,76.913887
133976,28.695755,76.913887
133979,28.695755,76.913887
133981,28.695755,76.913887
134108,28.695755,76.913887
134110,28.695755,76.913887
134112,28.695755,76.913887
134116,28.695755,76.913887
134121,28.695755,76.913887
134123,28.695755,76.913887
134129,28.695755,76.913887
134667,28.695755,76.913887
134812,28.695755,76.913887
134834,28.695755,76.913887
135074,28.695755,76.913887
135081,28.695755,76.913887
135083,28.695755,76.913887
135087,28.695755,76.913887
135293,28.695755,76.913887
135464,28.695755,76.913887
135774,28.695755,76.913887
135776,28.695755,76.913887
135907,28.695755,76.913887
135934,28.695755,76.913887
136163,28.695755,76.913887
136170,28.695755,76.913887
136213,28.695755,76.913887
136214,28.695755,76.913887
136215,28.695755,76.913887
136216,28.695755,76.913887
136217,28.695755,76.913887
136218,28.695755,76.913887
136316,28.695755,76.913887
136323,28.695755,76.913887
136325,28.695755,76.913887
136656,28.695755,76.913887
136658,28.695755,76.913887
136781,28.695755,76.913887
137401,28.695755,76.913887
137403,28.695755,76.913887
137833,28.695755,76.913887
137984,28.695755,76.913887
138098,28.695755,76.913887
138102,28.695755,76.913887
139642,28.695755,76.913887
140363,28.695755,76.913887
140797,28.695755,76.913887
140999,28.695755,76.913887
141575,28.695755,76.913887
143124,28.695755,76.913887
143306,28.695755,76.913887
145043,28.695755,76.913887
133985,28.696896,76.905110
133403,28.697448,76.904923
130295,28.698158,76.916804
130439,28.698158,76.916804
139306,28.698158,76.916804
139466,28.698158,76.916804
139562,28.698158,76.916804
140794,28.698158,76.916804
148770,28.698158,76.916804
128442,28.698276,76.903081
128443,28.698276,76.903081
128453,28.698276,76.903081
128454,28.698276,76.903081
128470,28.698276,76.903081
128471,28.698276,76.903081
128481,28.698276,76.903081
128517,28.698276,76.903081
129209,28.698276,76.903081
129213,28.698276,76.903081
129214,28.698276,76.903081
129219,28.698276,76.903081
129224,28.698276,76.903081
129231,28.698276,76.903081
129232,28.698276,76.903081
129233,28.698276,76.903081
129234,28.698276,76.903081
129235,28.698276,76.903081
129236,28.698276,76.903081
130564,28.698276,76.903081
130771,28.698276,76.903081
130772,28.698276,76.903081
131058,28.698276,76.903081
131492,28.698276,76.903081
131540,28.698276,76.903081
131541,28.698276,76.903081
131542,28.698276,76.903081
131543,28.698276,76.903081
131544,28.698276,76.903081
131545,28.698276,76.903081
131547,28.698276,76.903081
131548,28.698276,76.903081
131549,28.698276,76.903081
132341,28.698276,76.903081
132344,28.698276,76.903081
132346,28.698276,76.903081
132347,28.698276,76.903081
132981,28.698276,76.903081
132983,28.698276,76.903081
132984,28.698276,76.903081
132986,28.698276,76.903081
133023,28.698276,76.903081
133038,28.698276,76.903081
133044,28.698276,76.903081
133414,28.698276,76.903081
133486,28.698276,76.903081
133487,28.698276,76.903081
133488,28.698276,76.903081
133489,28.698276,76.903081
133490,28.698276,76.903081
133491,28.698276,76.903081
133589,28.698276,76.903081
133617,28.698276,76.903081
133621,28.698276,76.903081
133667,28.698276,76.903081
133676,28.698276,76.903081
133677,28.698276,76.903081
133684,28.698276,76.903081
133711,28.698276,76.903081
133719,28.698276,76.903081
133913,28.698276,76.903081
133923,28.698276,76.903081
133960,28.698276,76.903081
133986,28.698276,76.903081
134073,28.698276,76.903081
134077,28.698276,76.903081
134082,28.698276,76.903081
134083,28.698276,76.903081
134109,28.698276,76.903081
134120,28.698276,76.903081
134167,28.698276,76.903081
134331,28.698276,76.903081
134340,28.698276,76.903081
135469,28.698276,76.903081
135500,28.698276,76.903081
135505,28.698276,76.903081
135508,28.698276,76.903081
135509,28.698276,76.903081
135522,28.698276,76.903081
135525,28.698276,76.903081
135915,28.698276,76.903081
136667,28.698276,76.903081
137175,28.698276,76.903081
138395,28.698276,76.903081
138586,28.698276,76.903081
138785,28.698276,76.903081
139463,28.698276,76.903081
139467,28.698276,76.903081
140052,28.698276,76.903081
140997,28.698276,76.903081
142410,28.698276,76.903081
143518,28.698276,76.903081
143866,28.698276,76.903081
143885,28.698276,76.903081
144327,28.698276,76.903081
146434,28.698276,76.903081
146895,28.698276,76.903081
148119,28.698276,76.903081
148429,28.698276,76.903081
149055,28.698276,76.903081
149157,28.698276,76.903081
149188,28.698276,76.903081
149222,28.698276,76.903081
132766,28.680478,76.932322
125591,28.680860,76.932031
129179,28.681235,76.922507
129349,28.681235,76.922507
129559,28.683019,76.936016
129561,28.683019,76.936016
129698,28.683019,76.936016
130899,28.683019,76.936016
132240,28.683019,76.936016
133092,28.683019,76.936016
133415,28.683019,76.936016
125598,28.683402,76.931697
125627,28.684009,76.927885
127528,28.684426,76.928216
128362,28.684426,76.928216
129338,28.685007,76.928114
129342,28.685007,76.928114
133187,28.686094,76.935568
129160,28.686558,76.925817
125629,28.687025,76.931634
125630,28.687025,76.931634
129697,28.687025,76.931634
132242,28.687473,76.934564
129636,28.687630,76.933866
125667,28.688209,76.939485
125672,28.688209,76.939485
125890,28.688209,76.939485
125897,28.688209,76.939485
125899,28.688209,76.939485
125902,28.688209,76.939485
125913,28.688209,76.939485
125923,28.688209,76.939485
125924,28.688209,76.939485
125926,28.688209,76.939485
125927,28.688209,76.939485
125928,28.688209,76.939485
126036,28.688209,76.939485
126038,28.688209,76.939485
126077,28.688209,76.939485
126081,28.688209,76.939485
126184,28.688209,76.939485
126186,28.688209,76.939485
126189,28.688209,76.939485
126192,28.688209,76.939485
126193,28.688209,76.939485
126194,28.688209,76.939485
126196,28.688209,76.939485
132781,28.688209,76.939485
133354,28.688302,76.923821
133417,28.688302,76.923821
142571,28.688302,76.923821
142575,28.688302,76.923821
144502,28.688302,76.923821
144886,28.688302,76.923821
145129,28.688302,76.923821
146461,28.688302,76.923821
148875,28.688302,76.923821
125604,28.688477,76.938447
125603,28.689316,76.938496
133715,28.689316,76.938496
125832,28.689658,76.938255
125688,28.689782,76.933337
32719,28.690324,76.934995
32727,28.690324,76.934995
35412,28.690324,76.934995
35420,28.690324,76.934995
147967,28.690740,76.935380
41484,28.691376,76.931406
125609,28.691376,76.931406
125610,28.691376,76.931406
125625,28.691376,76.931406
125662,28.691376,76.931406
125675,28.691376,76.931406
125682,28.691376,76.931406
125684,28.691376,76.931406
125691,28.691376,76.931406
125695,28.691376,76.931406
125714,28.691376,76.931406
125715,28.691376,76.931406
125716,28.691376,76.931406
125741,28.691376,76.931406
125742,28.691376,76.931406
125746,28.691376,76.931406
125752,28.691376,76.931406
125786,28.691376,76.931406
125788,28.691376,76.931406
125794,28.691376,76.931406
125856,28.691376,76.931406
125866,28.691376,76.931406
125875,28.691376,76.931406
125882,28.691376,76.931406
125884,28.691376,76.931406
125893,28.691376,76.931406
125895,28.691376,76.931406
125906,28.691376,76.931406
125919,28.691376,76.931406
125920,28.691376,76.931406
126106,28.691376,76.931406
126133,28.691376,76.931406
126135,28.691376,76.931406
126136,28.691376,76.931406
126137,28.691376,76.931406
126222,28.691376,76.931406
126223,28.691376,76.931406
126225,28.691376,76.931406
126232,28.691376,76.931406
126235,28.691376,76.931406
126239,28.691376,76.931406
126282,28.691376,76.931406
126286,28.691376,76.931406
126287,28.691376,76.931406
126295,28.691376,76.931406
127513,28.691376,76.931406
127514,28.691376,76.931406
127515,28.691376,76.931406
127516,28.691376,76.931406
127517,28.691376,76.931406
127518,28.691376,76.931406
127520,28.691376,76.931406
127521,28.691376,76.931406
127522,28.691376,76.931406
127523,28.691376,76.931406
127524,28.691376,76.931406
127525,28.691376,76.931406
127526,28.691376,76.931406
127529,28.691376,76.931406
127530,28.691376,76.931406
127531,28.691376,76.931406
127532,28.691376,76.931406
127533,28.691376,76.931406
127534,28.691376,76.931406
127536,28.691376,76.931406
127537,28.691376,76.931406
127539,28.691376,76.931406
127540,28.691376,76.931406
127542,28.691376,76.931406
127543,28.691376,76.931406
127544,28.691376,76.931406
127546,28.691376,76.931406
127547,28.691376,76.931406
127548,28.691376,76.931406
127550,28.691376,76.931406
127551,28.691376,76.931406
127552,28.691376,76.931406
127553,28.691376,76.931406
127554,28.691376,76.931406
127555,28.691376,76.931406
127557,28.691376,76.931406
127558,28.691376,76.931406
127559,28.691376,76.931406
127560,28.691376,76.931406
127561,28.691376,76.931406
127562,28.691376,76.931406
127564,28.691376,76.931406
127565,28.691376,76.931406
127566,28.691376,76.931406
127569,28.691376,76.931406
127571,28.691376,76.931406
127573,28.691376,76.931406
127575,28.691376,76.931406
127576,28.691376,76.931406
127577,28.691376,76.931406
127578,28.691376,76.931406
127579,28.691376,76.931406
127580,28.691376,76.931406
127581,28.691376,76.931406
127582,28.691376,76.931406
127584,28.691376,76.931406
127585,28.691376,76.931406
127586,28.691376,76.931406
128345,28.691376,76.931406
128346,28.691376,76.931406
128347,28.691376,76.931406
128348,28.691376,76.931406
128349,28.691376,76.931406
128350,28.691376,76.931406
128352,28.691376,76.931406
128353,28.691376,76.931406
128354,28.691376,76.931406
128355,28.691376,76.931406
128356,28.691376,76.931406
128357,28.691376,76.931406
128358,28.691376,76.931406
128359,28.691376,76.931406
128360,28.691376,76.931406
128363,28.691376,76.931406
128364,28.691376,76.931406
128365,28.691376,76.931406
128366,28.691376,76.931406
128367,28.691376,76.931406
128368,28.691376,76.931406
128370,28.691376,76.931406
128371,28.691376,76.931406
128373,28.691376,76.931406
128374,28.691376,76.931406
128376,28.691376,76.931406
128377,28.691376,76.931406
128378,28.691376,76.931406
128379,28.691376,76.931406
128380,28.691376,76.931406
128382,28.691376,76.931406
128383,28.691376,76.931406
128384,28.691376,76.931406
128386,28.691376,76.931406
128387,28.691376,76.931406
128388,28.691376,76.931406
128389,28.691376,76.931406
128390,28.691376,76.931406
128391,28.691376,76.931406
128392,28.691376,76.931406
128393,28.691376,76.931406
128395,28.691376,76.931406
128396,28.691376,76.931406
128397,28.691376,76.931406
128398,28.691376,76.931406
128399,28.691376,76.931406
128400,28.691376,76.931406
128402,28.691376,76.931406
128403,28.691376,76.931406
128404,28.691376,76.931406
128405,28.691376,76.931406
128406,28.691376,76.931406
128409,28.691376,76.931406
128411,28.691376,76.931406
128412,28.691376,76.931406
128415,28.691376,76.931406
128417,28.691376,76.931406
128420,28.691376,76.931406
128421,28.691376,76.931406
128422,28.691376,76.931406
128423,28.691376,76.931406
128424,28.691376,76.931406
128425,28.691376,76.931406
128426,28.691376,76.931406
128428,28.691376,76.931406
128429,28.691376,76.931406
128430,28.691376,76.931406
128431,28.691376,76.931406
128433,28.691376,76.931406
128434,28.691376,76.931406
128435,28.691376,76.931406
128436,28.691376,76.931406
128437,28.691376,76.931406
128439,28.691376,76.931406
128445,28.691376,76.931406
128446,28.691376,76.931406
128448,28.691376,76.931406
128449,28.691376,76.931406
128450,28.691376,76.931406
128565,28.691376,76.931406
128588,28.691376,76.931406
128779,28.691376,76.931406
128806,28.691376,76.931406
129164,28.691376,76.931406
129166,28.691376,76.931406
129333,28.691376,76.931406
129749,28.691376,76.931406
129835,28.691376,76.931406
129838,28.691376,76.931406
130901,28.691376,76.931406
131159,28.691376,76.931406
132819,28.691376,76.931406
132992,28.691376,76.931406
133011,28.691376,76.931406
133121,28.691376,76.931406
134259,28.691376,76.931406
134359,28.691376,76.931406
134362,28.691376,76.931406
134369,28.691376,76.931406
134371,28.691376,76.931406
134376,28.691376,76.931406
134380,28.691376,76.931406
134384,28.691376,76.931406
134614,28.691376,76.931406
134620,28.691376,76.931406
134624,28.691376,76.931406
134625,28.691376,76.931406
134771,28.691376,76.931406
134779,28.691376,76.931406
134786,28.691376,76.931406
134789,28.691376,76.931406
134792,28.691376,76.931406
135036,28.691376,76.931406
135039,28.691376,76.931406
135050,28.691376,76.931406
135062,28.691376,76.931406
135111,28.691376,76.931406
135112,28.691376,76.931406
135232,28.691376,76.931406
135235,28.691376,76.931406
135246,28.691376,76.931406
135257,28.691376,76.931406
135316,28.691376,76.931406
135482,28.691376,76.931406
135523,28.691376,76.931406
135531,28.691376,76.931406
135533,28.691376,76.931406
135539,28.691376,76.931406
135542,28.691376,76.931406
135650,28.691376,76.931406
135755,28.691376,76.931406
135760,28.691376,76.931406
135833,28.691376,76.931406
135837,28.691376,76.931406
135942,28.691376,76.931406
135947,28.691376,76.931406
135956,28.691376,76.931406
135963,28.691376,76.931406
135968,28.691376,76.931406
135971,28.691376,76.931406
135978,28.691376,76.931406
136025,28.691376,76.931406
136032,28.691376,76.931406
136181,28.691376,76.931406
136185,28.691376,76.931406
136193,28.691376,76.931406
136198,28.691376,76.931406
136210,28.691376,76.931406
136290,28.691376,76.931406
136293,28.691376,76.931406
136302,28.691376,76.931406
136303,28.691376,76.931406
136305,28.691376,76.931406
136307,28.691376,76.931406
136309,28.691376,76.931406
136362,28.691376,76.931406
136433,28.691376,76.931406
136443,28.691376,76.931406
136447,28.691376,76.931406
136450,28.691376,76.931406
136482,28.691376,76.931406
136483,28.691376,76.931406
136484,28.691376,76.931406
136590,28.691376,76.931406
136594,28.691376,76.931406
136600,28.691376,76.931406
136604,28.691376,76.931406
136751,28.691376,76.931406
136780,28.691376,76.931406
137490,28.691376,76.931406
138587,28.691376,76.931406
141595,28.691376,76.931406
143288,28.691376,76.931406
143289,28.691376,76.931406
143290,28.691376,76.931406
143519,28.691376,76.931406
143524,28.691376,76.931406
143526,28.691376,76.931406
143934,28.691376,76.931406
144216,28.691376,76.931406
145344,28.691376,76.931406
145346,28.691376,76.931406
145396,28.691376,76.931406
145555,28.691376,76.931406
145557,28.691376,76.931406
145559,28.691376,76.931406
147974,28.691376,76.931406
125670,28.692442,76.930646
125760,28.692442,76.930646
125883,28.692442,76.930646
126037,28.692442,76.930646
126082,28.692442,76.930646
126183,28.692442,76.930646
125486,28.692792,76.934177
137943,28.692955,76.927878
38775,28.693164,76.924142
141592,28.693281,76.928915
26835,28.693758,76.926803
143287,28.693886,76.931034
125600,28.694078,76.933337
125622,28.694078,76.933337
125623,28.694078,76.933337
125671,28.694078,76.933337
125685,28.694078,76.933337
125693,28.694078,76.933337
125739,28.694078,76.933337
125745,28.694078,76.933337
125749,28.694078,76.933337
125751,28.694078,76.933337
125753,28.694078,76.933337
125754,28.694078,76.933337
125755,28.694078,76.933337
125758,28.694078,76.933337
125759,28.694078,76.933337
125830,28.694078,76.933337
125831,28.694078,76.933337
125833,28.694078,76.933337
125900,28.694078,76.933337
125912,28.694078,76.933337
125914,28.694078,76.933337
126034,28.694078,76.933337
126078,28.694078,76.933337
126079,28.694078,76.933337
126129,28.694078,76.933337
126131,28.694078,76.933337
126132,28.694078,76.933337
144616,28.694469,76.929230
125865,28.695825,76.929032
133987,28.696681,76.928835
125612,28.697385,76.930476
125626,28.697385,76.930476
125664,28.697385,76.930476
125694,28.697385,76.930476
125743,28.697385,76.930476
125744,28.697385,76.930476
125787,28.697385,76.930476
125859,28.697385,76.930476
125863,28.697385,76.930476
125876,28.697385,76.930476
125922,28.697385,76.930476
126134,28.697385,76.930476
128456,28.697385,76.930476
125599,28.684253,76.942701
125601,28.684253,76.942701
125607,28.684253,76.942701
126128,28.684253,76.942701
126187,28.684253,76.942701
127587,28.684253,76.942701
128230,28.684253,76.942701
128231,28.684253,76.942701
128440,28.684253,76.942701
128441,28.684253,76.942701
128452,28.684253,76.942701
128457,28.684253,76.942701
128458,28.684253,76.942701
128459,28.684253,76.942701
128461,28.684253,76.942701
128462,28.684253,76.942701
128463,28.684253,76.942701
128465,28.684253,76.942701
128467,28.684253,76.942701
128468,28.684253,76.942701
128469,28.684253,76.942701
128472,28.684253,76.942701
128473,28.684253,76.942701
128474,28.684253,76.942701
128479,28.684253,76.942701
128480,28.684253,76.942701
128482,28.684253,76.942701
128486,28.684253,76.942701
128489,28.684253,76.942701
128490,28.684253,76.942701
128492,28.684253,76.942701
128494,28.684253,76.942701
128495,28.684253,76.942701
128498,28.684253,76.942701
128499,28.684253,76.942701
128501,28.684253,76.942701
128502,28.684253,76.942701
128509,28.684253,76.942701
128510,28.684253,76.942701
128511,28.684253,76.942701
128512,28.684253,76.942701
128513,28.684253,76.942701
128520,28.684253,76.942701
128522,28.684253,76.942701
128523,28.684253,76.942701
128524,28.684253,76.942701
128525,28.684253,76.942701
128526,28.684253,76.942701
128527,28.684253,76.942701
128530,28.684253,76.942701
128531,28.684253,76.942701
128532,28.684253,76.942701
128533,28.684253,76.942701
128610,28.684253,76.942701
128611,28.684253,76.942701
128612,28.684253,76.942701
128613,28.684253,76.942701
128614,28.684253,76.942701
128615,28.684253,76.942701
128618,28.684253,76.942701
128619,28.684253,76.942701
128620,28.684253,76.942701
128621,28.684253,76.942701
129017,28.684253,76.942701
129019,28.684253,76.942701
129638,28.684253,76.942701
129639,28.684253,76.942701
129640,28.684253,76.942701
129805,28.684253,76.942701
129806,28.684253,76.942701
129808,28.684253,76.942701
129810,28.684253,76.942701
129814,28.684253,76.942701
129825,28.684253,76.942701
129827,28.684253,76.942701
129829,28.684253,76.942701
129831,28.684253,76.942701
129837,28.684253,76.942701
129839,28.684253,76.942701
129840,28.684253,76.942701
129841,28.684253,76.942701
129842,28.684253,76.942701
129843,28.684253,76.942701
130442,28.684253,76.942701
130486,28.684253,76.942701
130487,28.684253,76.942701
130489,28.684253,76.942701
130493,28.684253,76.942701
130496,28.684253,76.942701
130499,28.684253,76.942701
130502,28.684253,76.942701
130504,28.684253,76.942701
130563,28.684253,76.942701
130608,28.684253,76.942701
130701,28.684253,76.942701
130705,28.684253,76.942701
130709,28.684253,76.942701
130722,28.684253,76.942701
130726,28.684253,76.942701
130727,28.684253,76.942701
130770,28.684253,76.942701
130894,28.684253,76.942701
130895,28.684253,76.942701
130970,28.684253,76.942701
130972,28.684253,76.942701
131143,28.684253,76.942701
131170,28.684253,76.942701
131181,28.684253,76.942701
131325,28.684253,76.942701
131327,28.684253,76.942701
131337,28.684253,76.942701
131339,28.684253,76.942701
131363,28.684253,76.942701
131364,28.684253,76.942701
131365,28.684253,76.942701
131366,28.684253,76.942701
131519,28.684253,76.942701
131524,28.684253,76.942701
131533,28.684253,76.942701
131534,28.684253,76.942701
131536,28.684253,76.942701
131539,28.684253,76.942701
131552,28.684253,76.942701
131565,28.684253,76.942701
131566,28.684253,76.942701
131567,28.684253,76.942701
131568,28.684253,76.942701
131569,28.684253,76.942701
131570,28.684253,76.942701
131573,28.684253,76.942701
131574,28.684253,76.942701
131665,28.684253,76.942701
131667,28.684253,76.942701
131715,28.684253,76.942701
131737,28.684253,76.942701
131739,28.684253,76.942701
131758,28.684253,76.942701
131809,28.684253,76.942701
131813,28.684253,76.942701
131817,28.684253,76.942701
131826,28.684253,76.942701
131831,28.684253,76.942701
131833,28.684253,76.942701
131856,28.684253,76.942701
131859,28.684253,76.942701
131998,28.684253,76.942701
132001,28.684253,76.942701
132003,28.684253,76.942701
132017,28.684253,76.942701
132020,28.684253,76.942701
132091,28.684253,76.942701
132092,28.684253,76.942701
132093,28.684253,76.942701
132094,28.684253,76.942701
132237,28.684253,76.942701
132252,28.684253,76.942701
132253,28.684253,76.942701
132334,28.684253,76.942701
132531,28.684253,76.942701
132548,28.684253,76.942701
132549,28.684253,76.942701
132550,28.684253,76.942701
132553,28.684253,76.942701
132554,28.684253,76.942701
132571,28.684253,76.942701
132573,28.684253,76.942701
132708,28.684253,76.942701
132790,28.684253,76.942701
132793,28.684253,76.942701
132808,28.684253,76.942701
132813,28.684253,76.942701
132816,28.684253,76.942701
132822,28.684253,76.942701
132823,28.684253,76.942701
132824,28.684253,76.942701
132942,28.684253,76.942701
132943,28.684253,76.942701
132944,28.684253,76.942701
132945,28.684253,76.942701
132949,28.684253,76.942701
132950,28.684253,76.942701
133106,28.684253,76.942701
133130,28.684253,76.942701
133137,28.684253,76.942701
133141,28.684253,76.942701
133163,28.684253,76.942701
133167,28.684253,76.942701
133175,28.684253,76.942701
133182,28.684253,76.942701
133204,28.684253,76.942701
133211,28.684253,76.942701
133258,28.684253,76.942701
133262,28.684253,76.942701
133334,28.684253,76.942701
133335,28.684253,76.942701
133423,28.684253,76.942701
133604,28.684253,76.942701
133951,28.684253,76.942701
133975,28.684253,76.942701
133977,28.684253,76.942701
133978,28.684253,76.942701
133980,28.684253,76.942701
133982,28.684253,76.942701
134111,28.684253,76.942701
134176,28.684253,76.942701
134185,28.684253,76.942701
134193,28.684253,76.942701
134195,28.684253,76.942701
134197,28.684253,76.942701
134202,28.684253,76.942701
134210,28.684253,76.942701
134213,28.684253,76.942701
134226,28.684253,76.942701
134308,28.684253,76.942701
134499,28.684253,76.942701
134501,28.684253,76.942701
134505,28.684253,76.942701
134510,28.684253,76.942701
135031,28.684253,76.942701
135185,28.684253,76.942701
135187,28.684253,76.942701
135329,28.684253,76.942701
135331,28.684253,76.942701
135332,28.684253,76.942701
135334,28.684253,76.942701
135335,28.684253,76.942701
135337,28.684253,76.942701
135338,28.684253,76.942701
137774,28.684253,76.942701
137777,28.684253,76.942701
137806,28.684253,76.942701
137947,28.684253,76.942701
137950,28.684253,76.942701
137954,28.684253,76.942701
137959,28.684253,76.942701
138099,28.684253,76.942701
138104,28.684253,76.942701
138200,28.684253,76.942701
138209,28.684253,76.942701
138210,28.684253,76.942701
138364,28.684253,76.942701
138367,28.684253,76.942701
138369,28.684253,76.942701
138818,28.684253,76.942701
138820,28.684253,76.942701
139298,28.684253,76.942701
139302,28.684253,76.942701
139438,28.684253,76.942701
139443,28.684253,76.942701
139449,28.684253,76.942701
139452,28.684253,76.942701
139573,28.684253,76.942701
139576,28.684253,76.942701
140067,28.684253,76.942701
140273,28.684253,76.942701
140760,28.684253,76.942701
140781,28.684253,76.942701
140908,28.684253,76.942701
140989,28.684253,76.942701
141242,28.684253,76.942701
141250,28.684253,76.942701
141564,28.684253,76.942701
142258,28.684253,76.942701
142409,28.684253,76.942701
142411,28.684253,76.942701
142754,28.684253,76.942701
142878,28.684253,76.942701
142879,28.684253,76.942701
143020,28.684253,76.942701
143021,28.684253,76.942701
143023,28.684253,76.942701
143291,28.684253,76.942701
143292,28.684253,76.942701
143293,28.684253,76.942701
143508,28.684253,76.942701
143511,28.684253,76.942701
143515,28.684253,76.942701
144617,28.684253,76.942701
144861,28.684253,76.942701
144863,28.684253,76.942701
144867,28.684253,76.942701
144868,28.684253,76.942701
144872,28.684253,76.942701
144873,28.684253,76.942701
145014,28.684253,76.942701
145242,28.684253,76.942701
145244,28.684253,76.942701
145717,28.684253,76.942701
146351,28.684253,76.942701
146394,28.684253,76.942701
146396,28.684253,76.942701
146635,28.684253,76.942701
146637,28.684253,76.942701
146639,28.684253,76.942701
146805,28.684253,76.942701
146808,28.684253,76.942701
146812,28.684253,76.942701
146966,28.684253,76.942701
147195,28.684253,76.942701
147214,28.684253,76.942701
147215,28.684253,76.942701
147217,28.684253,76.942701
147560,28.684253,76.942701
147579,28.684253,76.942701
147580,28.684253,76.942701
147582,28.684253,76.942701
147803,28.684253,76.942701
148823,28.684253,76.942701
148826,28.684253,76.942701
148830,28.684253,76.942701
148833,28.684253,76.942701
149003,28.684253,76.942701
149005,28.684253,76.942701
128793,28.684258,76.942604
129159,28.690399,76.940936
125911,28.693954,76.943061
126039,28.693954,76.943061
125602,28.695709,76.942701
125665,28.695709,76.942701
125686,28.695709,76.942701
125690,28.695709,76.942701
125692,28.695709,76.942701
125740,28.695709,76.942701
125747,28.695709,76.942701
125748,28.695709,76.942701
125756,28.695709,76.942701
125757,28.695709,76.942701
125761,28.695709,76.942701
125762,28.695709,76.942701
125826,28.695709,76.942701
125827,28.695709,76.942701
125828,28.695709,76.942701
125834,28.695709,76.942701
125889,28.695709,76.942701
125891,28.695709,76.942701
125896,28.695709,76.942701
125898,28.695709,76.942701
125907,28.695709,76.942701
125916,28.695709,76.942701
126035,28.695709,76.942701
126080,28.695709,76.942701
126182,28.695709,76.942701
57921,28.681001,76.973823
57933,28.682243,76.972150
35307,28.682582,76.964983
48687,28.682582,76.964983
26701,28.682982,76.974392
123913,28.688020,76.964099
123922,28.688020,76.964099
124887,28.688377,76.961877
124888,28.688377,76.961877
57936,28.699555,76.979114
57946,28.699668,76.972076
58006,28.699668,76.977880
123919,28.685237,76.996104
123915,28.685302,76.995757
123917,28.685302,76.995757
57980,28.685345,76.996867
23603,28.685467,76.994848
23557,28.689961,76.998987
23602,28.689961,76.998987
57977,28.690503,76.994250
23570,28.694809,76.999587
23574,28.694809,76.999587
57961,28.698614,76.982032
57998,28.699593,76.980756
23590,28.684635,77.000943
23565,28.682314,77.034937
23575,28.682314,77.034937
23581,28.682314,77.034937
23604,28.682314,77.034937
124632,28.682314,77.034937
140619,28.682314,77.034937
23615,28.682425,77.030576
23582,28.682648,77.036624
23558,28.683261,77.029999
23562,28.686546,77.026214
23580,28.691732,77.024105
12202,28.693221,77.034857
14196,28.680595,77.048117
46846,28.681172,77.054647
124178,28.681656,77.055795
125185,28.681826,77.056776
123968,28.682144,77.056356
124173,28.682144,77.056356
124586,28.682144,77.056356
23569,28.682279,77.044007
124221,28.682279,77.044007
36704,28.682291,77.045153
14043,28.682379,77.058810
124534,28.683072,77.041672
143762,28.684382,77.056606
123905,28.685037,77.056963
123906,28.685037,77.056963
124584,28.685037,77.056963
124786,28.685037,77.056963
124863,28.685037,77.056963
45487,28.690249,77.055068
124036,28.690678,77.055894
12197,28.690737,77.053568
12352,28.690737,77.053568
124204,28.690915,77.050405
125996,28.690915,77.050405
38476,28.691949,77.052865
46321,28.691949,77.052865
137021,28.691949,77.052865
124518,28.692119,77.057578
124312,28.692442,77.053230
124308,28.693219,77.051735
30287,28.696357,77.059981
15639,28.697202,77.046372
124265,28.697202,77.046372
57665,28.699342,77.042882
124163,28.681466,77.079767
124215,28.681466,77.079767
124307,28.681466,77.079767
124503,28.681466,77.079767
124533,28.681466,77.079767
124623,28.681466,77.079767
124726,28.681466,77.079767
23561,28.681475,77.063618
124179,28.681530,77.078790
124272,28.681530,77.078790
124273,28.681530,77.078790
124993,28.681530,77.078790
29843,28.681678,77.062653
16467,28.681862,77.064732
23560,28.682044,77.067561
25702,28.682044,77.067561
26380,28.682044,77.067561
26405,28.682044,77.067561
27841,28.682044,77.067561
27967,28.682044,77.067561
28434,28.682044,77.067561
29040,28.682044,77.067561
29041,28.682044,77.067561
33015,28.682044,77.067561
34692,28.682044,77.067561
34996,28.682044,77.067561
48079,28.682044,77.067561
50433,28.682044,77.067561
50443,28.682044,77.067561
55702,28.682044,77.067561
55992,28.682044,77.067561
111200,28.682044,77.067561
123928,28.682044,77.067561
124065,28.682044,77.067561
124216,28.682044,77.067561
124217,28.682044,77.067561
124296,28.682044,77.067561
124754,28.682044,77.067561
124857,28.682044,77.067561
124886,28.682044,77.067561
124999,28.682044,77.067561
125153,28.682044,77.067561
127591,28.682044,77.067561
127613,28.682044,77.067561
137023,28.682044,77.067561
139618,28.682044,77.067561
40933,28.682072,77.061325
15342,28.682276,77.063702
57149,28.682322,77.064808
111198,28.682322,77.064808
111304,28.682322,77.064808
15348,28.682502,77.063123
111202,28.682702,77.064901
26012,28.683142,77.067599
123912,28.683142,77.067599
123923,28.683142,77.067599
12783,28.683300,77.066700
13596,28.683300,77.066700
14112,28.683300,77.066700
29661,28.683491,77.062376
123831,28.684029,77.068891
123929,28.684029,77.068891
125001,28.684032,77.064924
125058,28.684032,77.064924
128264,28.684032,77.064924
138520,28.684032,77.064924
15589,28.684121,77.063294
15597,28.684121,77.063294
15650,28.684121,77.063294
15321,28.684252,77.061336
123927,28.687317,77.070399
124574,28.689632,77.078618
123863,28.690292,77.068425
123960,28.690292,77.068425
138346,28.691265,77.069468
123843,28.692809,77.072558
124475,28.692809,77.072558
124501,28.692809,77.072558
125387,28.692809,77.072558
128263,28.692809,77.072558
123926,28.694227,77.073447
111282,28.694500,77.074884
123966,28.694630,77.075983
124127,28.694630,77.075983
125385,28.694647,77.067946
123832,28.695605,77.068416
13587,28.695635,77.073797
123921,28.695864,77.075413
123875,28.696312,77.070477
123930,28.696388,77.061297
24282,28.696795,77.064361
111292,28.696795,77.064361
123910,28.696795,77.064361
123916,28.696795,77.064361
123925,28.696795,77.064361
124165,28.696795,77.064361
137026,28.696795,77.064361
123909,28.697377,77.076672
12532,28.698137,77.070837
12933,28.698137,77.070837
125310,28.698404,77.078509
123920,28.699205,77.070258
123924,28.699205,77.070258
124041,28.699205,77.070258
124267,28.699205,77.070258
41556,28.699232,77.070315
111440,28.699232,77.070315
123630,28.699232,77.070315
123640,28.699232,77.070315
123942,28.699232,77.070315
124069,28.699232,77.070315
124090,28.699232,77.070315
124390,28.699232,77.070315
124517,28.699232,77.070315
124540,28.699232,77.070315
124783,28.699232,77.070315
124849,28.699232,77.070315
124880,28.699232,77.070315
124961,28.699232,77.070315
139622,28.699232,77.070315
124486,28.699266,77.075061
123892,28.680649,77.081241
124164,28.680649,77.081241
123996,28.680823,77.094397
23578,28.681061,77.080984
20902,28.681089,77.080640
137005,28.683698,77.090927
124782,28.683956,77.096035
125143,28.683956,77.096035
125371,28.683956,77.096035
62507,28.685020,77.098174
111283,28.685020,77.098174
111446,28.685020,77.098174
111454,28.685020,77.098174
123636,28.685020,77.098174
124059,28.685020,77.098174
124074,28.685020,77.098174
124076,28.685020,77.098174
124077,28.685020,77.098174
124234,28.685020,77.098174
124240,28.685020,77.098174
124361,28.685020,77.098174
124372,28.685020,77.098174
124391,28.685020,77.098174
124435,28.685020,77.098174
124740,28.685020,77.098174
127506,28.685020,77.098174
130300,28.685020,77.098174
130367,28.685020,77.098174
136565,28.685020,77.098174
137002,28.685020,77.098174
140128,28.685020,77.098174
111203,28.685391,77.082878
111209,28.685391,77.082878
111291,28.685391,77.082878
111298,28.685391,77.082878
123601,28.685391,77.082878
123625,28.685391,77.082878
123821,28.685391,77.082878
123878,28.685391,77.082878
123931,28.685391,77.082878
124002,28.685391,77.082878
124062,28.685391,77.082878
124277,28.685391,77.082878
124467,28.685391,77.082878
124468,28.685391,77.082878
124482,28.685391,77.082878
124502,28.685391,77.082878
124505,28.685391,77.082878
124519,28.685391,77.082878
124768,28.685391,77.082878
124884,28.685391,77.082878
124926,28.685391,77.082878
124934,28.685391,77.082878
124981,28.685391,77.082878
125032,28.685391,77.082878
125132,28.685391,77.082878
125206,28.685391,77.082878
125313,28.685391,77.082878
125993,28.685391,77.082878
130305,28.685391,77.082878
138344,28.685391,77.082878
140624,28.685391,77.082878
140628,28.685391,77.082878
125002,28.687581,77.090846
26803,28.688326,77.091283
13015,28.688346,77.088103
13430,28.688346,77.088103
13750,28.688346,77.088103
13814,28.688346,77.088103
13818,28.688346,77.088103
14217,28.688346,77.088103
14271,28.688346,77.088103
14595,28.688346,77.088103
123633,28.688725,77.089186
123634,28.688725,77.089186
111208,28.689030,77.091564
111300,28.689131,77.088823
124889,28.689131,77.088823
130369,28.689131,77.088823
124183,28.689373,77.091528
111437,28.689407,77.080550
123602,28.689407,77.080550
123727,28.689407,77.080550
124324,28.689407,77.080550
124511,28.689407,77.080550
124580,28.689407,77.080550
124608,28.689407,77.080550
124724,28.689407,77.080550
124733,28.689407,77.080550
124734,28.689407,77.080550
125312,28.689407,77.080550
130326,28.689407,77.080550
130327,28.689407,77.080550
123871,28.689893,77.085586
124270,28.690074,77.083215
125383,28.690074,77.083215
125535,28.690218,77.095219
111442,28.690240,77.094976
123626,28.690240,77.094976
123830,28.690240,77.094976
124190,28.690240,77.094976
124382,28.690252,77.094975
124757,28.690252,77.094975
124763,28.690252,77.094975
125308,28.690252,77.094975
136575,28.690252,77.094975
137014,28.690252,77.094975
138515,28.690845,77.080161
124097,28.691163,77.080190
124541,28.691509,77.093173
134030,28.691509,77.093173
125553,28.691604,77.088463
140141,28.691628,77.095435
125545,28.691861,77.090876
124477,28.692232,77.083448
124578,28.692232,77.083448
27072,28.692295,77.091639
36141,28.692295,77.091639
41197,28.692295,77.091639
41553,28.692295,77.091639
49735,28.692295,77.091639
53587,28.692295,77.091639
55393,28.692295,77.091639
111197,28.692295,77.091639
111212,28.692295,77.091639
111215,28.692295,77.091639
111284,28.692295,77.091639
111287,28.692295,77.091639
111288,28.692295,77.091639
111293,28.692295,77.091639
111295,28.692295,77.091639
111338,28.692295,77.091639
33223,28.692352,77.090416
124064,28.692381,77.091690
124089,28.692381,77.091690
124091,28.692381,77.091690
124093,28.692381,77.091690
124185,28.692381,77.091690
124253,28.692381,77.091690
124299,28.692381,77.091690
124325,28.692381,77.091690
124362,28.692381,77.091690
124436,28.692381,77.091690
124523,28.692381,77.091690
124723,28.692381,77.091690
124739,28.692381,77.091690
125584,28.692381,77.091690
127508,28.692381,77.091690
130325,28.692381,77.091690
130328,28.692381,77.091690
130331,28.692381,77.091690
130333,28.692381,77.091690
135713,28.692381,77.091690
137004,28.692381,77.091690
137027,28.692381,77.091690
138510,28.692381,77.091690
138511,28.692381,77.091690
138512,28.692381,77.091690
138513,28.692381,77.091690
140623,28.692381,77.091690
140627,28.692381,77.091690
140629,28.692381,77.091690
140638,28.692381,77.091690
140632,28.692451,77.089565
37998,28.692537,77.088424
124736,28.692886,77.082607
48528,28.692960,77.089564
123902,28.693960,77.080663
124879,28.693960,77.080663
124095,28.694422,77.081804
137019,28.694422,77.081804
123866,28.694747,77.091341
124512,28.694747,77.091341
124302,28.694819,77.084650
124157,28.694939,77.093381
111445,28.695853,77.080550
124058,28.695853,77.080550
124081,28.695853,77.080550
124982,28.695853,77.080550
128262,28.695853,77.080550
124560,28.696341,77.085557
111213,28.696449,77.091491
111290,28.696449,77.091491
111301,28.696449,77.091491
124471,28.696449,77.091491
138508,28.696449,77.091491
22120,28.696606,77.091976
124862,28.696739,77.083980
124096,28.697473,77.089902
123989,28.697733,77.097690
125384,28.697813,77.096856
123893,28.697830,77.095833
54856,28.698102,77.095552
124488,28.698211,77.089349
14120,28.698258,77.090621
125546,28.698258,77.090621
123899,28.698512,77.089542
124490,28.698512,77.089542
124727,28.698512,77.089542
124866,28.698512,77.089542
125544,28.698512,77.089542
111449,28.698598,77.096489
62566,28.685223,77.100031
13655,28.688790,77.105736
13657,28.688790,77.105736
14563,28.688790,77.105736
14640,28.688790,77.105736
39206,28.689994,77.100843
38147,28.690444,77.115465
55357,28.690891,77.106995
15998,28.691028,77.101052
43810,28.691028,77.101052
12315,28.691620,77.105709
111302,28.693339,77.106446
54708,28.693615,77.114720
12153,28.694078,77.110402
36468,28.694143,77.110209
37994,28.694143,77.110209
39116,28.694494,77.114718
111448,28.694679,77.101771
111450,28.695056,77.111899
124729,28.695056,77.111899
124852,28.696818,77.118766
124860,28.696818,77.118766
38415,28.697137,77.116279
50914,28.697213,77.101279
48410,28.697296,77.116074
26795,28.697506,77.108498
54845,28.697544,77.101771
54918,28.697544,77.101771
54955,28.697544,77.101771
54986,28.697544,77.101771
35989,28.697547,77.105966
111443,28.697592,77.117731
35990,28.698187,77.102791
15344,28.698277,77.116007
35312,28.698338,77.115122
50912,28.698755,77.101959
136576,28.699132,77.102302
16670,28.699774,77.115459
37967,28.699774,77.115459
37977,28.699774,77.115459
53458,28.699774,77.115459
54855,28.699774,77.115459
42525,28.699943,77.107751
23695,28.681380,77.135122
23825,28.681380,77.135122
49479,28.681625,77.128049
124959,28.681625,77.128049
23688,28.681634,77.135236
23746,28.682018,77.137775
33876,28.682850,77.139273
24235,28.682899,77.139103
24393,28.682899,77.139103
25441,28.682899,77.139103
25459,28.683147,77.135788
24664,28.683397,77.137197
124176,28.683598,77.132448
54500,28.684215,77.137969
54643,28.684215,77.137969
54753,28.684215,77.137969
124212,28.684684,77.132591
54353,28.685019,77.139829
54552,28.685019,77.139829
54718,28.685019,77.139829
54754,28.685019,77.139829
54759,28.685019,77.139829
48894,28.685364,77.135214
127500,28.687085,77.121638
54452,28.687267,77.129567
54453,28.687267,77.129567
54537,28.687267,77.129567
26779,28.687547,77.135716
37622,28.687908,77.134168
124043,28.687908,77.134168
124218,28.687908,77.134168
124254,28.687908,77.134168
124309,28.687908,77.134168
124323,28.687908,77.134168
124389,28.687908,77.134168
124504,28.687908,77.134168
124721,28.687908,77.134168
124875,28.687932,77.131731
37956,28.688058,77.120680
43177,28.688399,77.135793
13753,28.689131,77.133416
14565,28.689131,77.133416
54392,28.689245,77.133255
54572,28.689245,77.133255
130366,28.689245,77.133255
24047,28.689548,77.126584
36404,28.689548,77.126584
12254,28.689595,77.123348
12161,28.690563,77.133416
41360,28.691566,77.134584
54749,28.691673,77.133776
29268,28.691897,77.135289
122339,28.692716,77.131124
41099,28.693706,77.136292
54594,28.694076,77.132697
125581,28.694076,77.132697
37955,28.694724,77.130431
23969,28.694931,77.135723
53292,28.695090,77.135726
16659,28.696493,77.138601
37993,28.696493,77.138601
29692,28.696497,77.125048
29798,28.696497,77.125048
124657,28.696497,77.125048
35883,28.696630,77.126674
15668,28.697183,77.134144
25835,28.698484,77.120178
36474,28.698484,77.120178
24411,28.698970,77.138723
24539,28.698970,77.138723
24780,28.698970,77.138723
29198,28.698970,77.138723
29679,28.698970,77.138723
31857,28.698970,77.138723
33465,28.698970,77.138723
35544,28.698970,77.138723
35827,28.698970,77.138723
38434,28.698970,77.138723
41353,28.698970,77.138723
42489,28.698970,77.138723
44568,28.698970,77.138723
46323,28.698970,77.138723
48495,28.698970,77.138723
49365,28.698970,77.138723
51340,28.698970,77.138723
55558,28.698970,77.138723
55927,28.698970,77.138723
56001,28.698970,77.138723
111205,28.698970,77.138723
124167,28.698970,77.138723
124624,28.698970,77.138723
125003,28.698970,77.138723
125054,28.698970,77.138723
125386,28.698970,77.138723
125994,28.698970,77.138723
15938,28.698980,77.138482
15578,28.698998,77.138417
15975,28.698998,77.138417
16748,28.698998,77.138417
21779,28.698998,77.138417
42326,28.699999,77.135553
28386,28.680902,77.154743
36449,28.680902,77.154743
41591,28.680902,77.154743
24001,28.682711,77.157790
24353,28.682711,77.157790
26261,28.682797,77.142045
47672,28.682797,77.142045
43649,28.683209,77.146370
25848,28.685169,77.147422
32800,28.685685,77.142542
41196,28.685685,77.142542
54428,28.685685,77.142542
124331,28.685685,77.142542
124393,28.685685,77.142542
124394,28.685685,77.142542
124811,28.685685,77.142542
124850,28.685685,77.142542
124869,28.685685,77.142542
124870,28.685685,77.142542
137013,28.685685,77.142542
62524,28.685769,77.149685
34307,28.685770,77.149621
41547,28.686801,77.156932
48919,28.686957,77.140607
54581,28.686957,77.140607
54739,28.686957,77.140607
44322,28.687464,77.157839
45220,28.687464,77.157839
12412,28.687967,77.158582
14481,28.687967,77.158582
33755,28.688646,77.145542
24562,28.690342,77.157749
34648,28.690425,77.146313
24568,28.690504,77.158436
15930,28.691802,77.153335
21027,28.692222,77.150673
27367,28.692222,77.150673
35969,28.692222,77.150673
55757,28.692487,77.153214
24348,28.692818,77.158332
47601,28.693041,77.150648
12355,28.693182,77.150404
12363,28.693182,77.150404
13196,28.693182,77.150404
15648,28.693182,77.150404
35992,28.693406,77.142144
34313,28.694040,77.158646
54648,28.694724,77.154233
26427,28.694859,77.153917
26801,28.694859,77.153917
47610,28.695027,77.152208
17633,28.695364,77.153549
13200,28.695553,77.140607
12244,28.695912,77.152260
12322,28.695912,77.152260
12561,28.695912,77.152260
13453,28.695912,77.152260
14984,28.695912,77.152260
24543,28.696046,77.152630
16548,28.696092,77.152740
20497,28.696136,77.152477
36037,28.696153,77.143124
12372,28.696564,77.158582
12379,28.696564,77.158582
37586,28.697306,77.141469
21026,28.697446,77.142077
111456,28.697489,77.150516
136574,28.697489,77.150516
47611,28.697768,77.152471
47736,28.697828,77.152373
21260,28.698547,77.140220
130311,28.680957,77.167764
115581,28.681027,77.168765
125037,28.682002,77.163615
25775,28.682386,77.164741
12162,28.682542,77.164592
12760,28.682542,77.164592
12889,28.682542,77.164592
14297,28.682542,77.164592
14526,28.682542,77.164592
14527,28.682542,77.164592
14623,28.682542,77.164592
16643,28.682724,77.164603
20473,28.684814,77.177993
21253,28.685631,77.169356
24670,28.687551,77.162475
17628,28.688455,77.175750
123844,28.688715,77.161912
14621,28.688938,77.161604
21257,28.689233,77.160886
138780,28.690132,77.173679
13650,28.690494,77.176294
31191,28.690979,77.176524
31192,28.690979,77.176524
34616,28.690979,77.176524
37997,28.690979,77.176524
39995,28.690979,77.176524
41317,28.690979,77.176524
42294,28.690979,77.176524
49357,28.690979,77.176524
15558,28.691661,77.167209
15953,28.691661,77.167209
123990,28.691661,77.167209
24000,28.692126,77.168616
41430,28.692126,77.168616
21263,28.692492,77.177381
32496,28.693173,77.173770
21314,28.693283,77.171351
12165,28.694059,77.177274
12245,28.694059,77.177274
12312,28.694059,77.177274
12450,28.694059,77.177274
12762,28.694059,77.177274
12892,28.694059,77.177274
13134,28.694059,77.177274
13222,28.694059,77.177274
13230,28.694059,77.177274
40875,28.695354,77.175836
124807,28.697544,77.160440
140635,28.699982,77.164334
41616,28.680012,77.197635
42261,28.680012,77.197635
49339,28.680012,77.197635
124396,28.680046,77.183138
16557,28.680654,77.198860
16558,28.680654,77.198860
51699,28.681114,77.180508
16619,28.682345,77.199413
34617,28.682774,77.186618
21271,28.684433,77.182078
21267,28.685067,77.193851
53283,28.686205,77.198492
123936,28.686312,77.183077
28387,28.688749,77.199734
54788,28.689748,77.199934
51764,28.690752,77.197417
124168,28.695581,77.181946
33507,28.695923,77.181071
48785,28.696200,77.199898
130394,28.696200,77.199898
25912,28.697031,77.181471
32970,28.697262,77.192009
12341,28.697557,77.198837
12342,28.697557,77.198837
12346,28.697557,77.198837
12362,28.697557,77.198837
12629,28.697557,77.198837
13108,28.697557,77.198837
13111,28.697557,77.198837
13122,28.697557,77.198837
13593,28.697557,77.198837
14564,28.697557,77.198837
32506,28.698863,77.191562
32507,28.699770,77.197356
62536,28.699825,77.185893
133537,28.680452,77.215014
22737,28.680459,77.215037
45824,28.680510,77.204327
15141,28.680556,77.203611
15152,28.680556,77.203611
15672,28.680556,77.203611
16518,28.680556,77.203611
16702,28.680556,77.203611
16737,28.680556,77.203611
16745,28.680556,77.203611
16763,28.680556,77.203611
16834,28.680556,77.203611
16838,28.680556,77.203611
13968,28.680675,77.209617
14269,28.680675,77.209617
48543,28.680676,77.209617
46209,28.680832,77.203818
12231,28.680911,77.204587
12234,28.680911,77.204587
12269,28.680911,77.204587
12300,28.680911,77.204587
12345,28.680911,77.204587
12358,28.680911,77.204587
12401,28.680911,77.204587
12406,28.680911,77.204587
12596,28.680911,77.204587
12606,28.680911,77.204587
12608,28.680911,77.204587
12619,28.680911,77.204587
12624,28.680911,77.204587
12637,28.680911,77.204587
12640,28.680911,77.204587
12718,28.680911,77.204587
12721,28.680911,77.204587
12725,28.680911,77.204587
12750,28.680911,77.204587
12751,28.680911,77.204587
12755,28.680911,77.204587
12794,28.680911,77.204587
12855,28.680911,77.204587
12897,28.680911,77.204587
12952,28.680911,77.204587
12964,28.680911,77.204587
13109,28.680911,77.204587
13115,28.680911,77.204587
13135,28.680911,77.204587
13141,28.680911,77.204587
13162,28.680911,77.204587
13197,28.680911,77.204587
13215,28.680911,77.204587
13821,28.680911,77.204587
13853,28.680911,77.204587
13929,28.680911,77.204587
13958,28.680911,77.204587
13972,28.680911,77.204587
13973,28.680911,77.204587
13974,28.680911,77.204587
13981,28.680911,77.204587
13988,28.680911,77.204587
13990,28.680911,77.204587
13993,28.680911,77.204587
13998,28.680911,77.204587
13999,28.680911,77.204587
14064,28.680911,77.204587
14200,28.680911,77.204587
14277,28.680911,77.204587
14367,28.680911,77.204587
14394,28.680911,77.204587
14410,28.680911,77.204587
14635,28.680911,77.204587
21256,28.680911,77.204587
21328,28.680911,77.204587
22055,28.680911,77.204587
22063,28.680911,77.204587
22080,28.680911,77.204587
22092,28.680911,77.204587
22093,28.680911,77.204587
22109,28.680911,77.204587
22141,28.680911,77.204587
22148,28.680911,77.204587
23856,28.680911,77.204587
28638,28.680911,77.204587
30933,28.680911,77.204587
31385,28.680911,77.204587
33619,28.680911,77.204587
36887,28.680911,77.204587
39518,28.680911,77.204587
39521,28.680911,77.204587
41050,28.680911,77.204587
41162,28.680911,77.204587
41260,28.680911,77.204587
41262,28.680911,77.204587
41319,28.680911,77.204587
41431,28.680911,77.204587
42199,28.680911,77.204587
45502,28.680911,77.204587
46206,28.680911,77.204587
46395,28.680911,77.204587
49315,28.680911,77.204587
55563,28.680911,77.204587
55583,28.680911,77.204587
55586,28.680911,77.204587
55588,28.680911,77.204587
124742,28.680911,77.204587
45496,28.681020,77.207715
45498,28.681020,77.207715
14636,28.681070,77.201004
49993,28.681455,77.209466
53896,28.681793,77.207845
22110,28.681945,77.216331
22111,28.681945,77.216331
22142,28.681945,77.216331
16755,28.682023,77.206862
44961,28.682180,77.207620
22094,28.682427,77.204753
39906,28.682803,77.206219
12102,28.683012,77.207821
13138,28.683012,77.207821
13139,28.683012,77.207821
13182,28.683012,77.207821
13188,28.683012,77.207821
13191,28.683012,77.207821
13218,28.683012,77.207821
14593,28.683012,77.207821
13975,28.683013,77.207695
14284,28.683013,77.207695
14383,28.683013,77.207695
39814,28.683033,77.207719
49439,28.683033,77.207719
21349,28.683172,77.208093
44104,28.683355,77.211414
22790,28.683396,77.208465
22069,28.683447,77.207018
21317,28.684007,77.204218
40524,28.684030,77.202037
12595,28.684111,77.202501
12949,28.684111,77.202501
14408,28.684111,77.202501
22100,28.684237,77.211000
41640,28.684325,77.211023
22446,28.684843,77.216460
21341,28.684848,77.210658
41672,28.684876,77.216085
55587,28.684876,77.216085
53162,28.685031,77.213657
16104,28.685096,77.202815
22138,28.685436,77.206584
22151,28.685436,77.206584
53694,28.685521,77.204402
13966,28.685534,77.206636
12373,28.685583,77.200993
12473,28.685583,77.200993
17612,28.685583,77.200993
39715,28.685583,77.200993
17604,28.685740,77.206383
17606,28.685740,77.206383
17607,28.685740,77.206383
41474,28.685740,77.206383
47342,28.685885,77.206884
132129,28.685885,77.206884
14345,28.686284,77.205487
12193,28.686743,77.206634
12690,28.686743,77.206634
12954,28.686743,77.206634
20958,28.686846,77.207097
22107,28.687036,77.204946
39538,28.687036,77.204946
39980,28.687036,77.204946
52501,28.687081,77.209075
12047,28.687193,77.210336
12317,28.687193,77.210336
12364,28.687193,77.210336
12469,28.687193,77.210336
12470,28.687193,77.210336
12474,28.687193,77.210336
12475,28.687193,77.210336
12483,28.687193,77.210336
12487,28.687193,77.210336
12588,28.687193,77.210336
12594,28.687193,77.210336
13367,28.687193,77.210336
14364,28.687193,77.210336
14374,28.687193,77.210336
14399,28.687193,77.210336
14412,28.687193,77.210336
14414,28.687193,77.210336
14560,28.687193,77.210336
14561,28.687193,77.210336
14624,28.687193,77.210336
14625,28.687193,77.210336
14628,28.687193,77.210336
14657,28.687193,77.210336
14659,28.687193,77.210336
14661,28.687193,77.210336
14662,28.687193,77.210336
14663,28.687193,77.210336
14668,28.687193,77.210336
14673,28.687193,77.210336
14979,28.687193,77.210336
15138,28.687193,77.210336
16773,28.687193,77.210336
16835,28.687193,77.210336
21325,28.687193,77.210336
21814,28.687193,77.210336
22059,28.687193,77.210336
30620,28.687193,77.210336
37624,28.687193,77.210336
38687,28.687193,77.210336
40262,28.687193,77.210336
40882,28.687193,77.210336
47575,28.687193,77.210336
48456,28.687193,77.210336
48879,28.687193,77.210336
123508,28.687193,77.210336
13549,28.687367,77.211524
45925,28.687403,77.214187
22136,28.687651,77.210282
22140,28.687651,77.210282
53546,28.687651,77.210282
12641,28.687665,77.211428
12756,28.687665,77.211428
12757,28.687665,77.211428
12790,28.687665,77.211428
12938,28.687665,77.211428
13079,28.687665,77.211428
13090,28.687665,77.211428
13118,28.687665,77.211428
13163,28.687665,77.211428
13176,28.687665,77.211428
13181,28.687665,77.211428
13186,28.687665,77.211428
13187,28.687665,77.211428
13194,28.687701,77.211428
13199,28.687701,77.211428
13206,28.687701,77.211428
13209,28.687701,77.211428
13268,28.687701,77.211428
13440,28.687701,77.211428
21272,28.687786,77.211216
49737,28.688018,77.205462
20943,28.688031,77.210973
12590,28.688113,77.214717
14381,28.688113,77.214717
16836,28.688250,77.214753
16837,28.688250,77.214753
21339,28.688250,77.214753
51630,28.688572,77.208143
14970,28.688592,77.209945
14637,28.688617,77.209921
37621,28.688648,77.216886
17474,28.688737,77.215035
12936,28.688744,77.207821
12942,28.688744,77.207821
13824,28.688769,77.210822
13838,28.688769,77.210822
13839,28.688769,77.210822
13850,28.688769,77.210822
13854,28.688769,77.210822
13926,28.688769,77.210822
13934,28.688769,77.210822
13951,28.688769,77.210822
13952,28.688769,77.210822
14001,28.688769,77.210822
14181,28.688769,77.210822
41477,28.688944,77.214125
12951,28.689049,77.206991
25074,28.689101,77.214437
34953,28.689132,77.215216
41400,28.689142,77.215187
41723,28.689142,77.215187
42455,28.689142,77.215187
43551,28.689142,77.215187
53531,28.689142,77.215187
54318,28.689142,77.215187
20850,28.689486,77.202012
22091,28.689626,77.206385
12728,28.689711,77.212312
17609,28.689720,77.207259
49724,28.690012,77.216001
54170,28.690384,77.216002
14104,28.690400,77.200133
22065,28.690637,77.209940
14021,28.690807,77.210670
12704,28.690852,77.210691
12485,28.690891,77.214838
41676,28.690922,77.203529
41661,28.691000,77.216768
26143,28.691317,77.216159
12467,28.691453,77.202431
12488,28.691453,77.202431
12580,28.691453,77.202431
12597,28.691453,77.202431
12600,28.691453,77.202431
12601,28.691453,77.202431
12635,28.691453,77.202431
14011,28.691453,77.202431
14349,28.691453,77.202431
14353,28.691453,77.202431
14377,28.691453,77.202431
16473,28.691453,77.202431
20848,28.691453,77.202431
25030,28.691453,77.202431
41501,28.691453,77.202431
48487,28.691453,77.202431
48951,28.691453,77.202431
51812,28.691453,77.202431
49391,28.691496,77.202373
12792,28.691670,77.208266
13175,28.691670,77.208266
13227,28.691670,77.208266
13229,28.691670,77.208266
14562,28.691670,77.208266
46203,28.691691,77.219899
124278,28.691846,77.208507
13727,28.692391,77.212799
22105,28.692867,77.210201
45828,28.692867,77.210201
47014,28.692867,77.210201
41603,28.693176,77.212945
13167,28.693192,77.210026
20485,28.693897,77.208760
54577,28.694138,77.206295
41366,28.694338,77.204057
14584,28.694446,77.209503
13093,28.694593,77.205305
13228,28.694593,77.205305
14005,28.694593,77.205305
14389,28.694593,77.205305
14580,28.694593,77.205305
22106,28.694594,77.205305
22108,28.694594,77.205305
36198,28.694594,77.205305
41669,28.694594,77.205305
45078,28.694594,77.205305
45500,28.694594,77.205305
15925,28.694597,77.205103
31699,28.694702,77.214653
21729,28.694703,77.214606
23836,28.694721,77.214603
30542,28.694721,77.214603
21319,28.694747,77.214597
12210,28.694766,77.214942
12229,28.694766,77.214942
13089,28.694766,77.214942
14576,28.694766,77.214942
42476,28.694768,77.214673
52459,28.694780,77.209711
111196,28.694865,77.214754
14099,28.694944,77.208750
12603,28.695108,77.215285
12617,28.695108,77.215285
12618,28.695108,77.215285
53036,28.695128,77.214539
39983,28.695190,77.214510
48812,28.695190,77.214510
22060,28.695203,77.213938
22098,28.695203,77.213938
26397,28.695203,77.213938
55340,28.695294,77.214959
55755,28.695294,77.214959
17475,28.695306,77.214864
124363,28.695318,77.214970
45811,28.695404,77.202586
20793,28.695648,77.204962
15314,28.695771,77.206047
16684,28.695771,77.206047
39982,28.695899,77.211071
17476,28.695915,77.205933
47561,28.696310,77.209716
21334,28.696653,77.205755
21353,28.696653,77.205755
21354,28.696653,77.205755
122619,28.697182,77.209412
124569,28.697182,77.209412
36238,28.697201,77.209351
62353,28.697201,77.209351
130358,28.697336,77.208542
26347,28.697403,77.208776
31614,28.697403,77.208776
42122,28.697403,77.208776
46153,28.697403,77.208776
15876,28.697705,77.206745
12468,28.697852,77.207217
13842,28.697852,77.207217
13843,28.697852,77.207217
13953,28.697852,77.207217
14046,28.697852,77.207217
14054,28.697852,77.207217
14100,28.697852,77.207217
14294,28.697852,77.207217
14672,28.697852,77.207217
14954,28.697852,77.207217
21352,28.697914,77.206978
122947,28.698160,77.207589
13341,28.698242,77.206099
15963,28.698313,77.206742
21333,28.698443,77.207394
25643,28.698443,77.207394
30610,28.698443,77.207394
41065,28.698443,77.207394
42361,28.698443,77.207394
42470,28.698443,77.207394
48787,28.698443,77.207394
27459,28.698787,77.204721
28613,28.698787,77.204721
30432,28.698787,77.204721
38817,28.698787,77.204721
39976,28.698787,77.204721
41520,28.698787,77.204721
42282,28.698787,77.204721
55363,28.698787,77.204721
61818,28.698787,77.204721
120428,28.698787,77.204721
122618,28.698787,77.204721
124530,28.698787,77.204721
124802,28.698787,77.204721
132828,28.698787,77.204721
12374,28.699608,77.202755
26162,28.681428,77.222687
33327,28.681428,77.222687
36308,28.681428,77.222687
48641,28.681428,77.222687
48784,28.681428,77.222687
55975,28.681428,77.222687
122608,28.681428,77.222687
124735,28.681428,77.222687
124956,28.681428,77.222687
139615,28.681428,77.222687
124087,28.683678,77.222719
37035,28.683772,77.222222
49579,28.684658,77.225130
36163,28.686018,77.221545
23594,28.686263,77.222601
23597,28.686274,77.221783
23853,28.686274,77.221783
23959,28.686274,77.221783
24270,28.686274,77.221783
24280,28.686274,77.221783
24292,28.686274,77.221783
24876,28.686274,77.221783
24927,28.686274,77.221783
24930,28.686274,77.221783
25027,28.686274,77.221783
25257,28.686274,77.221783
25259,28.686274,77.221783
25308,28.686274,77.221783
25351,28.686274,77.221783
25559,28.686274,77.221783
25692,28.686274,77.221783
25695,28.686274,77.221783
25737,28.686274,77.221783
25746,28.686274,77.221783
25779,28.686274,77.221783
25860,28.686274,77.221783
25868,28.686274,77.221783
25906,28.686274,77.221783
25983,28.686274,77.221783
26867,28.686274,77.221783
26955,28.686274,77.221783
26965,28.686274,77.221783
26987,28.686274,77.221783
27158,28.686274,77.221783
27357,28.686274,77.221783
27434,28.686274,77.221783
27441,28.686274,77.221783
27472,28.686274,77.221783
27696,28.686274,77.221783
27798,28.686274,77.221783
27868,28.686274,77.221783
27889,28.686274,77.221783
28119,28.686274,77.221783
28136,28.686274,77.221783
28357,28.686274,77.221783
28416,28.686274,77.221783
28418,28.686274,77.221783
28583,28.686274,77.221783
28656,28.686274,77.221783
28713,28.686274,77.221783
28877,28.686274,77.221783
29103,28.686274,77.221783
29221,28.686274,77.221783
29233,28.686274,77.221783
29391,28.686274,77.221783
29396,28.686274,77.221783
29402,28.686274,77.221783
29403,28.686274,77.221783
29404,28.686274,77.221783
29449,28.686274,77.221783
29579,28.686274,77.221783
29584,28.686274,77.221783
29631,28.686274,77.221783
29776,28.686274,77.221783
29835,28.686274,77.221783
29840,28.686274,77.221783
29992,28.686274,77.221783
29994,28.686274,77.221783
30035,28.686274,77.221783
30037,28.686274,77.221783
30038,28.686274,77.221783
30051,28.686274,77.221783
30092,28.686274,77.221783
30093,28.686274,77.221783
30095,28.686274,77.221783
30096,28.686274,77.221783
30097,28.686274,77.221783
30198,28.686274,77.221783
30258,28.686274,77.221783
30292,28.686274,77.221783
30297,28.686274,77.221783
30313,28.686274,77.221783
30315,28.686274,77.221783
30589,28.686274,77.221783
30592,28.686274,77.221783
30678,28.686274,77.221783
30679,28.686274,77.221783
30721,28.686274,77.221783
30745,28.686274,77.221783
30756,28.686274,77.221783
30761,28.686274,77.221783
30765,28.686274,77.221783
30767,28.686274,77.221783
30769,28.686274,77.221783
30805,28.686274,77.221783
30840,28.686274,77.221783
31018,28.686274,77.221783
31020,28.686274,77.221783
31637,28.686274,77.221783
31639,28.686274,77.221783
31640,28.686274,77.221783
31643,28.686274,77.221783
31879,28.686274,77.221783
31956,28.686274,77.221783
32056,28.686274,77.221783
32084,28.686274,77.221783
32282,28.686274,77.221783
32470,28.686274,77.221783
32814,28.686274,77.221783
32912,28.686274,77.221783
33081,28.686274,77.221783
33114,28.686274,77.221783
33216,28.686274,77.221783
33381,28.686274,77.221783
33523,28.686274,77.221783
33611,28.686274,77.221783
33675,28.686274,77.221783
33739,28.686274,77.221783
33847,28.686274,77.221783
33859,28.686274,77.221783
34050,28.686274,77.221783
34105,28.686274,77.221783
34251,28.686274,77.221783
34290,28.686274,77.221783
34389,28.686274,77.221783
34390,28.686274,77.221783
34497,28.686274,77.221783
34649,28.686274,77.221783
34703,28.686274,77.221783
34723,28.686274,77.221783
34740,28.686274,77.221783
34771,28.686274,77.221783
34828,28.686274,77.221783
34829,28.686274,77.221783
34889,28.686274,77.221783
34905,28.686274,77.221783
34989,28.686274,77.221783
35301,28.686274,77.221783
35345,28.686274,77.221783
35362,28.686274,77.221783
35402,28.686274,77.221783
35448,28.686274,77.221783
35731,28.686274,77.221783
35821,28.686274,77.221783
35822,28.686274,77.221783
35964,28.686274,77.221783
35997,28.686274,77.221783
36000,28.686274,77.221783
36005,28.686274,77.221783
36007,28.686274,77.221783
36132,28.686274,77.221783
36218,28.686274,77.221783
36266,28.686274,77.221783
36300,28.686274,77.221783
36389,28.686274,77.221783
36421,28.686274,77.221783
36422,28.686274,77.221783
36480,28.686274,77.221783
36487,28.686274,77.221783
36496,28.686274,77.221783
36565,28.686274,77.221783
36566,28.686274,77.221783
36568,28.686274,77.221783
36580,28.686274,77.221783
36581,28.686274,77.221783
36631,28.686274,77.221783
36661,28.686274,77.221783
36663,28.686274,77.221783
36664,28.686274,77.221783
36683,28.686274,77.221783
36797,28.686274,77.221783
36899,28.686274,77.221783
37161,28.686274,77.221783
37223,28.686274,77.221783
37276,28.686274,77.221783
37338,28.686274,77.221783
37407,28.686274,77.221783
37409,28.686274,77.221783
37473,28.686274,77.221783
37605,28.686274,77.221783
37615,28.686274,77.221783
37617,28.686274,77.221783
37628,28.686274,77.221783
37693,28.686274,77.221783
38319,28.686274,77.221783
38326,28.686274,77.221783
38339,28.686274,77.221783
38396,28.686274,77.221783
38556,28.686274,77.221783
38881,28.686274,77.221783
38888,28.686274,77.221783
38892,28.686274,77.221783
39010,28.686274,77.221783
39077,28.686274,77.221783
39080,28.686274,77.221783
39148,28.686274,77.221783
39239,28.686274,77.221783
39481,28.686274,77.221783
39484,28.686274,77.221783
39490,28.686274,77.221783
39498,28.686274,77.221783
39502,28.686274,77.221783
39543,28.686274,77.221783
39544,28.686274,77.221783
39615,28.686274,77.221783
39707,28.686274,77.221783
39810,28.686274,77.221783
39838,28.686274,77.221783
39842,28.686274,77.221783
39844,28.686274,77.221783
39871,28.686274,77.221783
39881,28.686274,77.221783
40005,28.686274,77.221783
40045,28.686274,77.221783
40046,28.686274,77.221783
40056,28.686274,77.221783
40066,28.686274,77.221783
40070,28.686274,77.221783
40072,28.686274,77.221783
40073,28.686274,77.221783
40076,28.686274,77.221783
40098,28.686274,77.221783
40271,28.686274,77.221783
40515,28.686274,77.221783
40595,28.686274,77.221783
40799,28.686274,77.221783
41024,28.686274,77.221783
41035,28.686274,77.221783
41286,28.686274,77.221783
41402,28.686274,77.221783
41416,28.686274,77.221783
41420,28.686274,77.221783
41624,28.686274,77.221783
41944,28.686274,77.221783
42084,28.686274,77.221783
42132,28.686274,77.221783
42160,28.686274,77.221783
42323,28.686274,77.221783
42378,28.686274,77.221783
42403,28.686274,77.221783
42478,28.686274,77.221783
42480,28.686274,77.221783
42560,28.686274,77.221783
42648,28.686274,77.221783
42694,28.686274,77.221783
42768,28.686274,77.221783
42849,28.686274,77.221783
42850,28.686274,77.221783
42962,28.686274,77.221783
42964,28.686274,77.221783
42965,28.686274,77.221783
42966,28.686274,77.221783
42967,28.686274,77.221783
42968,28.686274,77.221783
42969,28.686274,77.221783
42970,28.686274,77.221783
43206,28.686274,77.221783
43208,28.686274,77.221783
43209,28.686274,77.221783
43269,28.686274,77.221783
43359,28.686274,77.221783
43464,28.686274,77.221783
43467,28.686274,77.221783
43573,28.686274,77.221783
43575,28.686274,77.221783
43785,28.686274,77.221783
43786,28.686274,77.221783
43803,28.686274,77.221783
43910,28.686274,77.221783
43995,28.686274,77.221783
44092,28.686274,77.221783
44093,28.686274,77.221783
44161,28.686274,77.221783
44163,28.686274,77.221783
44585,28.686274,77.221783
44588,28.686274,77.221783
44590,28.686274,77.221783
44770,28.686274,77.221783
44771,28.686274,77.221783
44773,28.686274,77.221783
44834,28.686274,77.221783
44841,28.686274,77.221783
44842,28.686274,77.221783
44843,28.686274,77.221783
44869,28.686274,77.221783
44973,28.686274,77.221783
45013,28.686274,77.221783
45333,28.686274,77.221783
45342,28.686274,77.221783
45455,28.686274,77.221783
45601,28.686274,77.221783
45602,28.686274,77.221783
45614,28.686274,77.221783
45804,28.686274,77.221783
45909,28.686274,77.221783
45979,28.686274,77.221783
46422,28.686274,77.221783
47135,28.686274,77.221783
47184,28.686274,77.221783
47491,28.686274,77.221783
47571,28.686274,77.221783
47612,28.686274,77.221783
47822,28.686274,77.221783
47937,28.686274,77.221783
47939,28.686274,77.221783
47969,28.686274,77.221783
48070,28.686274,77.221783
48096,28.686274,77.221783
48219,28.686274,77.221783
48353,28.686274,77.221783
48438,28.686274,77.221783
48455,28.686274,77.221783
48497,28.686274,77.221783
48674,28.686274,77.221783
48677,28.686274,77.221783
48705,28.686274,77.221783
48739,28.686274,77.221783
48848,28.686274,77.221783
48849,28.686274,77.221783
48868,28.686274,77.221783
48915,28.686274,77.221783
48961,28.686274,77.221783
48970,28.686274,77.221783
49025,28.686274,77.221783
49041,28.686274,77.221783
49063,28.686274,77.221783
49065,28.686274,77.221783
49089,28.686274,77.221783
49124,28.686274,77.221783
49129,28.686274,77.221783
49133,28.686274,77.221783
49136,28.686274,77.221783
49138,28.686274,77.221783
49218,28.686274,77.221783
49220,28.686274,77.221783
49224,28.686274,77.221783
49247,28.686274,77.221783
49249,28.686274,77.221783
49341,28.686274,77.221783
49426,28.686274,77.221783
49464,28.686274,77.221783
49499,28.686274,77.221783
49544,28.686274,77.221783
49642,28.686274,77.221783
49712,28.686274,77.221783
49789,28.686274,77.221783
49790,28.686274,77.221783
49791,28.686274,77.221783
49792,28.686274,77.221783
49793,28.686274,77.221783
49794,28.686274,77.221783
49806,28.686274,77.221783
49807,28.686274,77.221783
49809,28.686274,77.221783
49811,28.686274,77.221783
49812,28.686274,77.221783
49820,28.686274,77.221783
49821,28.686274,77.221783
49822,28.686274,77.221783
49823,28.686274,77.221783
49824,28.686274,77.221783
49825,28.686274,77.221783
49826,28.686274,77.221783
49827,28.686274,77.221783
49912,28.686274,77.221783
49939,28.686274,77.221783
50020,28.686274,77.221783
50067,28.686274,77.221783
50141,28.686274,77.221783
50451,28.686274,77.221783
50455,28.686274,77.221783
50518,28.686274,77.221783
50951,28.686274,77.221783
51016,28.686274,77.221783
51017,28.686274,77.221783
51033,28.686274,77.221783
51112,28.686274,77.221783
51136,28.686274,77.221783
51139,28.686274,77.221783
51218,28.686274,77.221783
51245,28.686274,77.221783
51305,28.686274,77.221783
51306,28.686274,77.221783
51359,28.686274,77.221783
51406,28.686274,77.221783
51448,28.686274,77.221783
51478,28.686274,77.221783
51577,28.686274,77.221783
51634,28.686274,77.221783
51641,28.686274,77.221783
51729,28.686274,77.221783
51787,28.686274,77.221783
52075,28.686274,77.221783
52638,28.686274,77.221783
52649,28.686274,77.221783
52663,28.686274,77.221783
52664,28.686274,77.221783
52665,28.686274,77.221783
52698,28.686274,77.221783
52945,28.686274,77.221783
52953,28.686274,77.221783
53121,28.686274,77.221783
53153,28.686274,77.221783
53170,28.686274,77.221783
53182,28.686274,77.221783
53183,28.686274,77.221783
53533,28.686274,77.221783
53536,28.686274,77.221783
53547,28.686274,77.221783
53603,28.686274,77.221783
53695,28.686274,77.221783
53895,28.686274,77.221783
53937,28.686274,77.221783
54012,28.686274,77.221783
54283,28.686274,77.221783
54285,28.686274,77.221783
54286,28.686274,77.221783
54309,28.686274,77.221783
54315,28.686274,77.221783
54317,28.686274,77.221783
54320,28.686274,77.221783
54568,28.686274,77.221783
54583,28.686274,77.221783
54584,28.686274,77.221783
54628,28.686274,77.221783
54630,28.686274,77.221783
54631,28.686274,77.221783
54686,28.686274,77.221783
54691,28.686274,77.221783
54712,28.686274,77.221783
54719,28.686274,77.221783
54837,28.686274,77.221783
54838,28.686274,77.221783
54892,28.686274,77.221783
54895,28.686274,77.221783
54896,28.686274,77.221783
54897,28.686274,77.221783
54899,28.686274,77.221783
54903,28.686274,77.221783
54904,28.686274,77.221783
54905,28.686274,77.221783
54998,28.686274,77.221783
55121,28.686274,77.221783
55122,28.686274,77.221783
55124,28.686274,77.221783
55970,28.686318,77.223237
40607,28.687807,77.232916
52103,28.688257,77.221769
40659,28.688533,77.221139
34214,28.690101,77.223452
48097,28.690788,77.223967
111303,28.694854,77.227655
52086,28.681838,77.257894
124214,28.681838,77.257894
49657,28.684295,77.256609
136930,28.689301,77.255584
125331,28.690679,77.257544
125790,28.690679,77.257544
126344,28.690679,77.257544
132832,28.690679,77.257544
53424,28.691392,77.255291
123608,28.691782,77.243389
49678,28.680383,77.261109
123208,28.682211,77.269158
123209,28.682211,77.269158
123367,28.682211,77.269158
123368,28.682211,77.269158
62354,28.683003,77.274858
41651,28.683014,77.268350
41792,28.683049,77.268093
41649,28.683117,77.267949
41333,28.683297,77.267896
42057,28.683353,77.261734
41650,28.683446,77.268269
53081,28.683581,77.268388
122754,28.684023,77.265508
123009,28.684023,77.265508
123369,28.684023,77.265508
123371,28.684023,77.265508
123374,28.684023,77.265508
123490,28.684023,77.265508
123751,28.684023,77.265508
123770,28.684023,77.265508
123771,28.684023,77.265508
42708,28.684130,77.272133
49800,28.684130,77.272133
53191,28.684130,77.272133
55885,28.684130,77.272133
55887,28.684130,77.272133
55888,28.684130,77.272133
55909,28.684130,77.272133
41897,28.684176,77.267370
41898,28.684530,77.268747
136929,28.684618,77.273858
41806,28.685007,77.263269
41896,28.685386,77.264849
46731,28.685555,77.268576
42056,28.685704,77.264222
12205,28.686192,77.274996
12390,28.686192,77.274996
12535,28.686192,77.274996
12768,28.686192,77.274996
12784,28.686192,77.274996
12786,28.686192,77.274996
13085,28.686192,77.274996
13096,28.686192,77.274996
13144,28.686192,77.274996
13246,28.686192,77.274996
16729,28.688839,77.267479
15794,28.688839,77.267480
16465,28.688839,77.267480
49431,28.690220,77.269917
123486,28.690320,77.265659
123487,28.690320,77.265659
123489,28.690320,77.265659
123604,28.690320,77.265659
123605,28.690320,77.265659
124718,28.690320,77.265659
35546,28.690329,77.279146
32926,28.690629,77.276433
33180,28.690629,77.276433
125589,28.690629,77.276433
126333,28.690629,77.276433
48891,28.690657,77.275464
48644,28.691554,77.273886
139621,28.692103,77.279612
124812,28.692306,77.276112
125583,28.693238,77.270979
124662,28.695520,77.260004
130349,28.695520,77.260004
123828,28.695720,77.265979
14210,28.697802,77.271314
27352,28.697901,77.268273
13086,28.698955,77.273560
13189,28.698955,77.273560
13831,28.698955,77.273560
14281,28.698955,77.273560
45732,28.680904,77.287694
32122,28.680945,77.289540
49799,28.681345,77.299414
42070,28.682321,77.286384
49780,28.682321,77.286384
34543,28.683240,77.285411
38485,28.683718,77.290438
38486,28.683718,77.290438
38487,28.683718,77.290438
34530,28.684927,77.282425
124460,28.684927,77.282425
136965,28.685786,77.281719
34561,28.687950,77.289720
62582,28.688290,77.293288
111926,28.688291,77.293310
27527,28.689296,77.292277
122684,28.689314,77.291966
124829,28.689314,77.291966
132113,28.689314,77.291966
136981,28.689314,77.291966
33476,28.689346,77.291976
123317,28.689346,77.291976
24406,28.689354,77.291935
27295,28.689354,77.291935
27302,28.689354,77.291935
29800,28.689354,77.291935
29802,28.689354,77.291935
29948,28.689354,77.291935
30350,28.689354,77.291935
36212,28.689354,77.291935
36564,28.689354,77.291935
37447,28.689354,77.291935
38069,28.689354,77.291935
42588,28.689354,77.291935
124525,28.689354,77.291935
128307,28.689354,77.291935
32661,28.689433,77.285601
32018,28.689806,77.294936
123513,28.689845,77.291803
124228,28.690415,77.294926
24765,28.691009,77.292231
34565,28.691209,77.290079
123327,28.691209,77.290079
124654,28.693051,77.294388
26462,28.693677,77.291726
123326,28.695320,77.294312
123323,28.697766,77.280248
25834,28.697979,77.292717
123314,28.698004,77.294489
123315,28.698004,77.294489
123316,28.698004,77.294489
123319,28.698004,77.294489
123324,28.698004,77.294489
123325,28.698004,77.294489
25192,28.699796,77.299369
26131,28.680407,77.316917
47714,28.680407,77.316917
20487,28.682432,77.315628
27286,28.682808,77.312135
31855,28.682808,77.312135
38865,28.682808,77.312135
39324,28.682808,77.312135
47757,28.682808,77.312135
55987,28.682808,77.312135
137034,28.682808,77.312135
12332,28.684000,77.309000
35115,28.684005,77.309414
12330,28.684276,77.315212
12496,28.684276,77.315212
12544,28.684276,77.315212
13081,28.684276,77.315212
13519,28.684276,77.315212
13607,28.684276,77.315212
13730,28.684276,77.315212
13763,28.684276,77.315212
13768,28.684276,77.315212
14218,28.684276,77.315212
14523,28.684276,77.315212
15667,28.684409,77.315220
16747,28.684409,77.315220
47864,28.686378,77.318585
47858,28.689646,77.311984
49787,28.690130,77.312699
34984,28.690578,77.300221
122325,28.691420,77.302661
26538,28.692362,77.300184
123286,28.693402,77.313727
123291,28.693711,77.303643
123297,28.693711,77.303643
122701,28.693958,77.317010
122707,28.693958,77.317010
122327,28.694170,77.313861
34536,28.694423,77.309517
35246,28.694423,77.309517
47240,28.694423,77.309517
55729,28.694423,77.309517
55930,28.694423,77.309517
55934,28.694423,77.309517
123289,28.694423,77.309517
123302,28.694423,77.309517
124279,28.694423,77.309517
124581,28.694423,77.309517
124990,28.694423,77.309517
125167,28.694423,77.309517
125579,28.694423,77.309517
49098,28.694605,77.315511
123293,28.695182,77.316410
123292,28.695423,77.312842
123298,28.695432,77.314763
123301,28.696143,77.312327
123288,28.696337,77.314949
123294,28.696337,77.314949
123299,28.696337,77.314949
123287,28.696474,77.308538
123290,28.697092,77.303413
35181,28.698461,77.305644
62349,28.698911,77.305823
122318,28.698911,77.305823
122702,28.698911,77.305823
122322,28.699228,77.307111
122323,28.699228,77.307111
122326,28.699228,77.307111
123300,28.699499,77.315798
122337,28.681091,77.328340
123355,28.681286,77.320853
47712,28.681713,77.325981
123295,28.682419,77.323299
122455,28.683165,77.326940
122324,28.683248,77.339084
122704,28.683248,77.339084
122714,28.683248,77.339084
26119,28.683766,77.325890
62336,28.684746,77.331047
62338,28.684746,77.331047
62339,28.684746,77.331047
62342,28.684746,77.331047
62358,28.684746,77.331047
62365,28.684746,77.331047
122338,28.684746,77.331047
122711,28.684746,77.331047
47860,28.685386,77.331119
62337,28.685519,77.331131
62341,28.685519,77.331131
62343,28.685519,77.331131
62344,28.685519,77.331131
122712,28.685519,77.331131
122440,28.686690,77.329541
39896,28.686965,77.336032
39900,28.686965,77.336032
58868,28.687146,77.328329
122448,28.687311,77.327985
122447,28.687341,77.328171
122442,28.687682,77.328880
122445,28.687811,77.328057
122444,28.687935,77.327848
122450,28.687935,77.327848
47640,28.688744,77.324545
122441,28.688909,77.329965
122452,28.688909,77.329965
21337,28.689047,77.335314
13223,28.690450,77.327417
13782,28.690450,77.327417
32170,28.690457,77.334671
41071,28.690457,77.334671
48508,28.690480,77.336036
122443,28.690767,77.327636
122446,28.690887,77.326996
122454,28.690887,77.326996
51009,28.690951,77.326968
51400,28.690951,77.326968
112011,28.690951,77.326968
122700,28.690951,77.326968
122985,28.690951,77.326968
125133,28.690951,77.326968
125302,28.690951,77.326968
122449,28.691690,77.325068
122451,28.691690,77.325068
122453,28.692734,77.327666
62351,28.694003,77.324015
122813,28.694857,77.339591
55718,28.694991,77.322392
55908,28.694991,77.322392
122709,28.696008,77.323858
39754,28.682219,77.347752
53038,28.683012,77.350160
41030,28.684278,77.351453
41118,28.684278,77.351453
122809,28.685027,77.353243
38584,28.686677,77.354484
122989,28.687104,77.354771
39242,28.688284,77.343542
122803,28.688895,77.358247
122812,28.689664,77.353034
41281,28.689977,77.341724
122708,28.690249,77.345672
41031,28.691069,77.341757
40596,28.691531,77.341685
41279,28.691531,77.341685
47626,28.692017,77.348675
47628,28.692345,77.348452
122804,28.693785,77.347517
42719,28.693834,77.344037
25829,28.694106,77.342038
16554,28.681320,77.369229
38847,28.682222,77.376201
122808,28.683371,77.372844
122992,28.684280,77.366677
122605,28.685025,77.375522
122567,28.685225,77.366029
122610,28.685868,77.365786
122606,28.686573,77.367587
123014,28.686573,77.367587
122991,28.686582,77.373714
38844,28.686652,77.370115
39348,28.686652,77.370115
47857,28.686652,77.370115
47641,28.686996,77.360193
12128,28.688361,77.371495
122676,28.688661,77.381976
122984,28.688661,77.381976
122679,28.689734,77.380532
133627,28.700822,76.903839
134191,28.700822,76.903839
136165,28.703528,76.910418
125606,28.704768,76.911994
131182,28.701648,76.930565
125687,28.701808,76.939772
125689,28.701808,76.939772
125750,28.701808,76.939772
125829,28.701808,76.939772
125885,28.701808,76.939772
126185,28.701808,76.939772
128444,28.701808,76.939772
128455,28.701808,76.939772
128460,28.701808,76.939772
128464,28.701808,76.939772
128466,28.701808,76.939772
128475,28.701808,76.939772
128476,28.701808,76.939772
128477,28.701808,76.939772
128478,28.701808,76.939772
128484,28.701808,76.939772
128485,28.701808,76.939772
128487,28.701808,76.939772
128488,28.701808,76.939772
128491,28.701808,76.939772
128493,28.701808,76.939772
128496,28.701808,76.939772
128497,28.701808,76.939772
128500,28.701808,76.939772
128503,28.701808,76.939772
128504,28.701808,76.939772
128505,28.701808,76.939772
128506,28.701808,76.939772
128507,28.701808,76.939772
128508,28.701808,76.939772
128514,28.701808,76.939772
128516,28.701808,76.939772
128519,28.701808,76.939772
128521,28.701808,76.939772
128537,28.701808,76.939772
128538,28.701808,76.939772
128539,28.701808,76.939772
128540,28.701808,76.939772
128541,28.701808,76.939772
128542,28.701808,76.939772
128543,28.701808,76.939772
128544,28.701808,76.939772
128545,28.701808,76.939772
128811,28.701808,76.939772
128812,28.701808,76.939772
128813,28.701808,76.939772
128814,28.701808,76.939772
128815,28.701808,76.939772
128816,28.701808,76.939772
128817,28.701808,76.939772
128818,28.701808,76.939772
128819,28.701808,76.939772
129020,28.701808,76.939772
129021,28.701808,76.939772
129022,28.701808,76.939772
129023,28.701808,76.939772
129024,28.701808,76.939772
129025,28.701808,76.939772
129026,28.701808,76.939772
129027,28.701808,76.939772
129028,28.701808,76.939772
129029,28.701808,76.939772
129030,28.701808,76.939772
129031,28.701808,76.939772
130290,28.701808,76.939772
130436,28.701808,76.939772
130438,28.701808,76.939772
130613,28.701808,76.939772
130703,28.701808,76.939772
130710,28.701808,76.939772
130979,28.701808,76.939772
130980,28.701808,76.939772
131099,28.701808,76.939772
131299,28.701808,76.939772
131340,28.701808,76.939772
131342,28.701808,76.939772
131546,28.701808,76.939772
131550,28.701808,76.939772
131551,28.701808,76.939772
131553,28.701808,76.939772
131554,28.701808,76.939772
131555,28.701808,76.939772
131558,28.701808,76.939772
131672,28.701808,76.939772
131674,28.701808,76.939772
131676,28.701808,76.939772
131680,28.701808,76.939772
131730,28.701808,76.939772
131731,28.701808,76.939772
131732,28.701808,76.939772
131733,28.701808,76.939772
131734,28.701808,76.939772
131736,28.701808,76.939772
133210,28.701808,76.939772
133213,28.701808,76.939772
133215,28.701808,76.939772
133218,28.701808,76.939772
133221,28.701808,76.939772
133260,28.701808,76.939772
133263,28.701808,76.939772
133796,28.701808,76.939772
133797,28.701808,76.939772
134348,28.701808,76.939772
134579,28.701808,76.939772
134606,28.701808,76.939772
134607,28.701808,76.939772
134609,28.701808,76.939772
134611,28.701808,76.939772
134697,28.701808,76.939772
134698,28.701808,76.939772
134791,28.701808,76.939772
135049,28.701808,76.939772
135051,28.701808,76.939772
135073,28.701808,76.939772
135075,28.701808,76.939772
135082,28.701808,76.939772
135085,28.701808,76.939772
135100,28.701808,76.939772
135144,28.701808,76.939772
135145,28.701808,76.939772
135244,28.701808,76.939772
135249,28.701808,76.939772
135463,28.701808,76.939772
135532,28.701808,76.939772
135534,28.701808,76.939772
135538,28.701808,76.939772
135546,28.701808,76.939772
135561,28.701808,76.939772
135767,28.701808,76.939772
135818,28.701808,76.939772
135822,28.701808,76.939772
135826,28.701808,76.939772
135828,28.701808,76.939772
135831,28.701808,76.939772
135908,28.701808,76.939772
135933,28.701808,76.939772
136021,28.701808,76.939772
136022,28.701808,76.939772
136031,28.701808,76.939772
136182,28.701808,76.939772
136195,28.701808,76.939772
136197,28.701808,76.939772
136199,28.701808,76.939772
136203,28.701808,76.939772
136225,28.701808,76.939772
136226,28.701808,76.939772
136270,28.701808,76.939772
136281,28.701808,76.939772
136338,28.701808,76.939772
136417,28.701808,76.939772
136431,28.701808,76.939772
136432,28.701808,76.939772
136448,28.701808,76.939772
136481,28.701808,76.939772
136559,28.701808,76.939772
136560,28.701808,76.939772
136607,28.701808,76.939772
136654,28.701808,76.939772
136678,28.701808,76.939772
136769,28.701808,76.939772
136779,28.701808,76.939772
136898,28.701808,76.939772
137127,28.701808,76.939772
137128,28.701808,76.939772
137138,28.701808,76.939772
137141,28.701808,76.939772
137142,28.701808,76.939772
137177,28.701808,76.939772
137180,28.701808,76.939772
137190,28.701808,76.939772
137195,28.701808,76.939772
137199,28.701808,76.939772
137202,28.701808,76.939772
137204,28.701808,76.939772
137206,28.701808,76.939772
137207,28.701808,76.939772
137208,28.701808,76.939772
137328,28.701808,76.939772
137329,28.701808,76.939772
137330,28.701808,76.939772
137331,28.701808,76.939772
137332,28.701808,76.939772
137333,28.701808,76.939772
137334,28.701808,76.939772
137335,28.701808,76.939772
137336,28.701808,76.939772
137473,28.701808,76.939772
137474,28.701808,76.939772
137475,28.701808,76.939772
137476,28.701808,76.939772
137477,28.701808,76.939772
137479,28.701808,76.939772
137480,28.701808,76.939772
137481,28.701808,76.939772
137482,28.701808,76.939772
137484,28.701808,76.939772
137485,28.701808,76.939772
137486,28.701808,76.939772
137841,28.701808,76.939772
137845,28.701808,76.939772
137847,28.701808,76.939772
137848,28.701808,76.939772
137849,28.701808,76.939772
137925,28.701808,76.939772
137927,28.701808,76.939772
137961,28.701808,76.939772
137964,28.701808,76.939772
137965,28.701808,76.939772
137993,28.701808,76.939772
137996,28.701808,76.939772
137999,28.701808,76.939772
138000,28.701808,76.939772
138001,28.701808,76.939772
138002,28.701808,76.939772
138003,28.701808,76.939772
138088,28.701808,76.939772
138120,28.701808,76.939772
138123,28.701808,76.939772
138127,28.701808,76.939772
138129,28.701808,76.939772
138130,28.701808,76.939772
138131,28.701808,76.939772
138179,28.701808,76.939772
138181,28.701808,76.939772
138183,28.701808,76.939772
138235,28.701808,76.939772
138238,28.701808,76.939772
138387,28.701808,76.939772
138400,28.701808,76.939772
138401,28.701808,76.939772
138402,28.701808,76.939772
138403,28.701808,76.939772
138404,28.701808,76.939772
138583,28.701808,76.939772
138589,28.701808,76.939772
138591,28.701808,76.939772
138594,28.701808,76.939772
138596,28.701808,76.939772
138598,28.701808,76.939772
138600,28.701808,76.939772
138601,28.701808,76.939772
138757,28.701808,76.939772
138760,28.701808,76.939772
138839,28.701808,76.939772
138840,28.701808,76.939772
138842,28.701808,76.939772
138843,28.701808,76.939772
138844,28.701808,76.939772
138847,28.701808,76.939772
139024,28.701808,76.939772
139026,28.701808,76.939772
139113,28.701808,76.939772
139115,28.701808,76.939772
139118,28.701808,76.939772
139121,28.701808,76.939772
139122,28.701808,76.939772
139125,28.701808,76.939772
139192,28.701808,76.939772
139195,28.701808,76.939772
139196,28.701808,76.939772
139197,28.701808,76.939772
139199,28.701808,76.939772
139216,28.701808,76.939772
139308,28.701808,76.939772
139310,28.701808,76.939772
139312,28.701808,76.939772
139313,28.701808,76.939772
139402,28.701808,76.939772
139415,28.701808,76.939772
139416,28.701808,76.939772
139425,28.701808,76.939772
139427,28.701808,76.939772
139431,28.701808,76.939772
139445,28.701808,76.939772
139456,28.701808,76.939772
139650,28.701808,76.939772
139653,28.701808,76.939772
139654,28.701808,76.939772
139655,28.701808,76.939772
140051,28.701808,76.939772
140054,28.701808,76.939772
140058,28.701808,76.939772
140061,28.701808,76.939772
140063,28.701808,76.939772
140103,28.701808,76.939772
140104,28.701808,76.939772
140299,28.701808,76.939772
140327,28.701808,76.939772
140334,28.701808,76.939772
140352,28.701808,76.939772
140356,28.701808,76.939772
140357,28.701808,76.939772
140358,28.701808,76.939772
140362,28.701808,76.939772
140560,28.701808,76.939772
140573,28.701808,76.939772
140577,28.701808,76.939772
140579,28.701808,76.939772
140580,28.701808,76.939772
140581,28.701808,76.939772
140730,28.701808,76.939772
140798,28.701808,76.939772
140818,28.701808,76.939772
140820,28.701808,76.939772
140823,28.701808,76.939772
140827,28.701808,76.939772
140910,28.701808,76.939772
141027,28.701808,76.939772
141029,28.701808,76.939772
141030,28.701808,76.939772
141031,28.701808,76.939772
141032,28.701808,76.939772
141033,28.701808,76.939772
141035,28.701808,76.939772
141134,28.701808,76.939772
141233,28.701808,76.939772
141247,28.701808,76.939772
141315,28.701808,76.939772
141316,28.701808,76.939772
141319,28.701808,76.939772
141523,28.701808,76.939772
141526,28.701808,76.939772
141586,28.701808,76.939772
141590,28.701808,76.939772
141591,28.701808,76.939772
141594,28.701808,76.939772
141596,28.701808,76.939772
141777,28.701808,76.939772
141809,28.701808,76.939772
141811,28.701808,76.939772
141838,28.701808,76.939772
141849,28.701808,76.939772
141853,28.701808,76.939772
141854,28.701808,76.939772
141856,28.701808,76.939772
142040,28.701808,76.939772
142041,28.701808,76.939772
142052,28.701808,76.939772
142057,28.701808,76.939772
142058,28.701808,76.939772
142059,28.701808,76.939772
142060,28.701808,76.939772
142061,28.701808,76.939772
142173,28.701808,76.939772
142181,28.701808,76.939772
142187,28.701808,76.939772
142192,28.701808,76.939772
142222,28.701808,76.939772
142223,28.701808,76.939772
142226,28.701808,76.939772
142259,28.701808,76.939772
142267,28.701808,76.939772
142271,28.701808,76.939772
142274,28.701808,76.939772
142277,28.701808,76.939772
142279,28.701808,76.939772
142288,28.701808,76.939772
142290,28.701808,76.939772
142292,28.701808,76.939772
142544,28.701808,76.939772
142546,28.701808,76.939772
142550,28.701808,76.939772
142584,28.701808,76.939772
142585,28.701808,76.939772
142586,28.701808,76.939772
142587,28.701808,76.939772
142588,28.701808,76.939772
142644,28.701808,76.939772
142666,28.701808,76.939772
142669,28.701808,76.939772
142671,28.701808,76.939772
142673,28.701808,76.939772
142789,28.701808,76.939772
142832,28.701808,76.939772
142834,28.701808,76.939772
142838,28.701808,76.939772
142845,28.701808,76.939772
142849,28.701808,76.939772
142850,28.701808,76.939772
142853,28.701808,76.939772
142854,28.701808,76.939772
143060,28.701808,76.939772
143062,28.701808,76.939772
143064,28.701808,76.939772
143066,28.701808,76.939772
143280,28.701808,76.939772
143468,28.701808,76.939772
143470,28.701808,76.939772
143475,28.701808,76.939772
143479,28.701808,76.939772
143482,28.701808,76.939772
143488,28.701808,76.939772
143529,28.701808,76.939772
143532,28.701808,76.939772
143533,28.701808,76.939772
143534,28.701808,76.939772
143906,28.701808,76.939772
143909,28.701808,76.939772
143913,28.701808,76.939772
143923,28.701808,76.939772
143927,28.701808,76.939772
143932,28.701808,76.939772
143936,28.701808,76.939772
143937,28.701808,76.939772
143939,28.701808,76.939772
144086,28.701808,76.939772
144088,28.701808,76.939772
144154,28.701808,76.939772
144158,28.701808,76.939772
144192,28.701808,76.939772
144195,28.701808,76.939772
144212,28.701808,76.939772
144214,28.701808,76.939772
144215,28.701808,76.939772
144217,28.701808,76.939772
144375,28.701808,76.939772
144380,28.701808,76.939772
144392,28.701808,76.939772
144395,28.701808,76.939772
144397,28.701808,76.939772
144399,28.701808,76.939772
144401,28.701808,76.939772
144402,28.701808,76.939772
144403,28.701808,76.939772
144572,28.701808,76.939772
144577,28.701808,76.939772
144580,28.701808,76.939772
144582,28.701808,76.939772
144621,28.701808,76.939772
144623,28.701808,76.939772
144878,28.701808,76.939772
144882,28.701808,76.939772
144884,28.701808,76.939772
144889,28.701808,76.939772
144891,28.701808,76.939772
144892,28.701808,76.939772
144893,28.701808,76.939772
144894,28.701808,76.939772
145046,28.701808,76.939772
145048,28.701808,76.939772
145049,28.701808,76.939772
145050,28.701808,76.939772
145052,28.701808,76.939772
145054,28.701808,76.939772
145056,28.701808,76.939772
145059,28.701808,76.939772
145229,28.701808,76.939772
145231,28.701808,76.939772
145409,28.701808,76.939772
145410,28.701808,76.939772
145411,28.701808,76.939772
145412,28.701808,76.939772
145413,28.701808,76.939772
145414,28.701808,76.939772
145416,28.701808,76.939772
145417,28.701808,76.939772
145418,28.701808,76.939772
145544,28.701808,76.939772
145545,28.701808,76.939772
145547,28.701808,76.939772
145548,28.701808,76.939772
145563,28.701808,76.939772
145566,28.701808,76.939772
145582,28.701808,76.939772
146361,28.701808,76.939772
146363,28.701808,76.939772
146364,28.701808,76.939772
146365,28.701808,76.939772
146366,28.701808,76.939772
146367,28.701808,76.939772
146368,28.701808,76.939772
146369,28.701808,76.939772
146370,28.701808,76.939772
146371,28.701808,76.939772
146372,28.701808,76.939772
146391,28.701808,76.939772
146392,28.701808,76.939772
146393,28.701808,76.939772
146436,28.701808,76.939772
146465,28.701808,76.939772
146466,28.701808,76.939772
146467,28.701808,76.939772
146468,28.701808,76.939772
146469,28.701808,76.939772
146623,28.701808,76.939772
146680,28.701808,76.939772
146684,28.701808,76.939772
146689,28.701808,76.939772
147015,28.701808,76.939772
147016,28.701808,76.939772
147018,28.701808,76.939772
147019,28.701808,76.939772
147020,28.701808,76.939772
147081,28.701808,76.939772
147082,28.701808,76.939772
147083,28.701808,76.939772
147084,28.701808,76.939772
147085,28.701808,76.939772
147152,28.701808,76.939772
147153,28.701808,76.939772
147175,28.701808,76.939772
147176,28.701808,76.939772
147177,28.701808,76.939772
147178,28.701808,76.939772
147259,28.701808,76.939772
147260,28.701808,76.939772
147270,28.701808,76.939772
147275,28.701808,76.939772
147276,28.701808,76.939772
147277,28.701808,76.939772
147446,28.701808,76.939772
147447,28.701808,76.939772
147448,28.701808,76.939772
147449,28.701808,76.939772
147450,28.701808,76.939772
147517,28.701808,76.939772
147518,28.701808,76.939772
147540,28.701808,76.939772
147541,28.701808,76.939772
147542,28.701808,76.939772
147543,28.701808,76.939772
147624,28.701808,76.939772
147625,28.701808,76.939772
147627,28.701808,76.939772
147635,28.701808,76.939772
147637,28.701808,76.939772
147640,28.701808,76.939772
147641,28.701808,76.939772
147642,28.701808,76.939772
147780,28.701808,76.939772
147823,28.701808,76.939772
147825,28.701808,76.939772
147827,28.701808,76.939772
147828,28.701808,76.939772
147831,28.701808,76.939772
147842,28.701808,76.939772
147843,28.701808,76.939772
147969,28.701808,76.939772
147970,28.701808,76.939772
147972,28.701808,76.939772
147973,28.701808,76.939772
147990,28.701808,76.939772
147991,28.701808,76.939772
148046,28.701808,76.939772
148047,28.701808,76.939772
148048,28.701808,76.939772
148049,28.701808,76.939772
148050,28.701808,76.939772
148173,28.701808,76.939772
148179,28.701808,76.939772
148182,28.701808,76.939772
148189,28.701808,76.939772
148190,28.701808,76.939772
148194,28.701808,76.939772
148195,28.701808,76.939772
148198,28.701808,76.939772
148446,28.701808,76.939772
148448,28.701808,76.939772
148454,28.701808,76.939772
148456,28.701808,76.939772
148459,28.701808,76.939772
148736,28.701808,76.939772
148739,28.701808,76.939772
148741,28.701808,76.939772
148743,28.701808,76.939772
148744,28.701808,76.939772
148761,28.701808,76.939772
148763,28.701808,76.939772
148764,28.701808,76.939772
148765,28.701808,76.939772
148766,28.701808,76.939772
148864,28.701808,76.939772
148867,28.701808,76.939772
148887,28.701808,76.939772
148890,28.701808,76.939772
148891,28.701808,76.939772
148917,28.701808,76.939772
148924,28.701808,76.939772
148925,28.701808,76.939772
148926,28.701808,76.939772
148927,28.701808,76.939772
148999,28.701808,76.939772
149007,28.701808,76.939772
149009,28.701808,76.939772
149014,28.701808,76.939772
149022,28.701808,76.939772
149049,28.701808,76.939772
149051,28.701808,76.939772
149053,28.701808,76.939772
149144,28.701808,76.939772
149145,28.701808,76.939772
149146,28.701808,76.939772
149149,28.701808,76.939772
149150,28.701808,76.939772
149152,28.701808,76.939772
149153,28.701808,76.939772
149154,28.701808,76.939772
149163,28.701808,76.939772
149174,28.701808,76.939772
135065,28.702968,76.927934
135071,28.702968,76.927934
133387,28.703320,76.934511
136771,28.703402,76.930169
135283,28.703504,76.928501
137488,28.703504,76.928501
135273,28.703551,76.928774
147971,28.703639,76.928243
134776,28.704019,76.939820
134811,28.704019,76.939820
135294,28.704019,76.939820
135317,28.704019,76.939820
135667,28.704019,76.939820
135992,28.704019,76.939820
136276,28.704019,76.939820
136286,28.704019,76.939820
136292,28.704019,76.939820
136295,28.704019,76.939820
136298,28.704019,76.939820
136346,28.704019,76.939820
136426,28.704019,76.939820
136460,28.704019,76.939820
137185,28.704019,76.939820
137186,28.704019,76.939820
137196,28.704019,76.939820
137487,28.704019,76.939820
137998,28.704019,76.939820
138399,28.704019,76.939820
140726,28.704019,76.939820
143935,28.704019,76.939820
143938,28.704019,76.939820
145535,28.704019,76.939820
127588,28.704244,76.929574
128515,28.704244,76.929574
128518,28.704244,76.929574
128534,28.704244,76.929574
128535,28.704244,76.929574
128536,28.704244,76.929574
128808,28.704244,76.929574
128809,28.704244,76.929574
128810,28.704244,76.929574
131179,28.704244,76.929574
131310,28.704244,76.929574
131322,28.704244,76.929574
131323,28.704244,76.929574
131329,28.704244,76.929574
131334,28.704244,76.929574
133257,28.704244,76.929574
133808,28.704244,76.929574
133810,28.704244,76.929574
133811,28.704244,76.929574
134414,28.704244,76.929574
134423,28.704244,76.929574
134428,28.704244,76.929574
134429,28.704244,76.929574
134435,28.704244,76.929574
134700,28.704244,76.929574
134712,28.704244,76.929574
134715,28.704244,76.929574
135069,28.704244,76.929574
135076,28.704244,76.929574
135093,28.704244,76.929574
135098,28.704244,76.929574
135468,28.704244,76.929574
135549,28.704244,76.929574
135916,28.704244,76.929574
136167,28.704244,76.929574
136205,28.704244,76.929574
136437,28.704244,76.929574
136677,28.704244,76.929574
136775,28.704244,76.929574
137132,28.704244,76.929574
140279,28.704244,76.929574
141232,28.704244,76.929574
141249,28.704244,76.929574
141252,28.704244,76.929574
141545,28.704244,76.929574
141558,28.704244,76.929574
141570,28.704244,76.929574
141574,28.704244,76.929574
141588,28.704244,76.929574
148199,28.704244,76.929574
136740,28.704413,76.931090
125596,28.705152,76.932768
125597,28.705152,76.932768
125915,28.705152,76.932768
133371,28.708286,76.935867
133383,28.708286,76.935867
133421,28.708286,76.935867
135762,28.708740,76.937319
144197,28.709233,76.927325
135239,28.712219,76.921365
138588,28.700464,76.943008
138758,28.700464,76.943008
138762,28.700464,76.943008
138835,28.700464,76.943008
139439,28.700464,76.943008
140302,28.700464,76.943008
140303,28.700464,76.943008
140582,28.700464,76.943008
148197,28.700464,76.943008
26697,28.700044,76.975037
57957,28.700082,76.977698
57662,28.700106,76.974901
57969,28.700346,76.976936
57945,28.700581,76.979071
57963,28.700699,76.973860
35284,28.700935,76.978379
57970,28.701508,76.978916
57941,28.701696,76.975557
57952,28.701847,76.978492
57989,28.702303,76.974651
57982,28.702463,76.976056
57987,28.702491,76.974565
58007,28.703677,76.977312
57984,28.703677,76.978878
57999,28.703959,76.976582
57935,28.704486,76.978942
138579,28.716896,76.960851
140586,28.716896,76.960851
142165,28.716896,76.960851
143531,28.716896,76.960851
148285,28.716896,76.960851
28310,28.700571,76.992890
58002,28.703263,76.983223
57985,28.703696,76.981818
57942,28.703696,76.982719
57943,28.703710,76.981608
57934,28.703823,76.989867
57954,28.704561,76.983234
57947,28.704750,76.981946
57986,28.704863,76.988555
57948,28.705201,76.984006
57973,28.705446,76.981431
57940,28.706331,76.985895
124631,28.704015,77.013264
30288,28.709118,77.032950
137009,28.700557,77.041146
35281,28.700596,77.055112
14669,28.700649,77.056087
124479,28.701988,77.051612
124553,28.704523,77.043608
124283,28.706632,77.055007
30290,28.707349,77.055466
124554,28.713603,77.045652
123967,28.701320,77.079680
137017,28.701320,77.079680
124180,28.702758,77.070477
137016,28.703220,77.071556
111452,28.703324,77.075600
123631,28.703383,77.075326
124259,28.703383,77.075326
125995,28.703383,77.075326
127608,28.703383,77.075326
128303,28.703383,77.075326
128322,28.703383,77.075326
130301,28.703383,77.075326
130342,28.703383,77.075326
137015,28.703383,77.075326
111286,28.703770,77.078460
29464,28.708460,77.060944
38804,28.711077,77.078751
125040,28.711077,77.078751
124835,28.711168,77.072276
124209,28.711679,77.064122
45271,28.713243,77.068158
29526,28.713475,77.066520
42360,28.716078,77.073300
26829,28.716177,77.073372
13860,28.716555,77.073066
124707,28.716710,77.068126
111204,28.717070,77.078670
111285,28.717679,77.077025
32445,28.718293,77.076620
54571,28.718381,77.066226
29567,28.718647,77.060764
41903,28.718647,77.060764
41927,28.718647,77.060764
133539,28.718647,77.060764
124365,28.718880,77.062165
42350,28.719444,77.064013
47907,28.719904,77.066611
124177,28.700186,77.085594
33353,28.700282,77.097879
140630,28.700994,77.086649
123632,28.701225,77.082110
41907,28.701422,77.098666
111451,28.701989,77.087375
123885,28.702042,77.085073
33297,28.702505,77.099541
124174,28.702517,77.088130
137020,28.702517,77.088130
128295,28.702615,77.096412
124085,28.702786,77.089758
49731,28.702881,77.089479
111296,28.703399,77.083067
15870,28.703539,77.098638
54725,28.703539,77.098638
124489,28.703823,77.093948
15665,28.704798,77.095297
41730,28.704931,77.099329
39123,28.704984,77.098391
43832,28.705270,77.098443
48297,28.707013,77.094038
42035,28.707398,77.083274
111206,28.707774,77.097155
51480,28.709203,77.099192
54503,28.709559,77.089527
31291,28.709694,77.086665
124864,28.709694,77.086665
130386,28.709694,77.086665
132108,28.709694,77.086665
137006,28.709694,77.086665
136579,28.712019,77.083277
140142,28.712544,77.095563
124846,28.712671,77.087433
53574,28.713495,77.097150
25222,28.713670,77.098174
26809,28.713670,77.098174
54018,28.713953,77.098279
124449,28.714145,77.087100
124785,28.714145,77.087100
124853,28.714145,77.087100
55285,28.715914,77.091491
14091,28.716994,77.088103
54560,28.717680,77.089280
15583,28.718288,77.086665
20467,28.718522,77.090390
20468,28.718522,77.090390
130387,28.718566,77.089542
132005,28.718566,77.089542
141261,28.718566,77.089542
12886,28.700086,77.113279
13457,28.700086,77.113279
14199,28.700086,77.113279
14504,28.700086,77.113279
15503,28.700086,77.113279
39205,28.700540,77.106810
35879,28.700954,77.116684
47597,28.700954,77.116684
54354,28.700954,77.116684
12279,28.701050,77.116785
14485,28.701050,77.116785
124049,28.701079,77.116952
51423,28.701559,77.101767
32197,28.701652,77.100496
16531,28.701772,77.117396
36770,28.701950,77.103188
39134,28.702116,77.100011
51416,28.702147,77.105662
35377,28.702165,77.101411
33279,28.702236,77.106067
34732,28.702321,77.108328
32298,28.702380,77.101385
39024,28.702381,77.102401
39120,28.702421,77.115417
35946,28.702441,77.102490
140639,28.702516,77.102490
34986,28.702548,77.113097
32809,28.702760,77.102987
33770,28.703146,77.102429
33742,28.703244,77.100154
32804,28.703291,77.102886
29663,28.703607,77.100964
150608,28.703647,77.103190
32353,28.703740,77.101595
35283,28.703956,77.100763
124271,28.704008,77.104352
35234,28.704059,77.102459
21235,28.704059,77.102490
21421,28.704059,77.102490
22180,28.704059,77.102490
22434,28.704059,77.102490
22439,28.704059,77.102490
22440,28.704059,77.102490
22441,28.704059,77.102490
22442,28.704059,77.102490
22443,28.704059,77.102490
22448,28.704059,77.102490
23673,28.704059,77.102490
23743,28.704059,77.102490
25448,28.704059,77.102490
26246,28.704059,77.102490
26249,28.704059,77.102490
27257,28.704059,77.102490
28909,28.704059,77.102490
28919,28.704059,77.102490
28991,28.704059,77.102490
29034,28.704059,77.102490
29045,28.704059,77.102490
54508,28.704059,77.102490
54728,28.704059,77.102490
54825,28.704059,77.102490
54853,28.704059,77.102490
54879,28.704059,77.102490
54880,28.704059,77.102490
55246,28.704059,77.102490
56100,28.704059,77.102490
56703,28.704059,77.102490
57726,28.704059,77.102490
57834,28.704059,77.102490
58150,28.704059,77.102490
58288,28.704059,77.102490
58394,28.704059,77.102490
58970,28.704059,77.102490
111729,28.704059,77.102490
111744,28.704059,77.102490
112887,28.704059,77.102490
113853,28.704059,77.102490
115578,28.704059,77.102490
120427,28.704059,77.102490
123852,28.704059,77.102490
123861,28.704059,77.102490
124015,28.704059,77.102490
124017,28.704059,77.102490
124142,28.704059,77.102490
124300,28.704059,77.102490
124804,28.704059,77.102490
125388,28.704059,77.102490
139560,28.704059,77.102490
140131,28.704059,77.102490
141651,28.704059,77.102490
148716,28.704059,77.102490
149496,28.704059,77.102490
149540,28.704059,77.102490
149544,28.704059,77.102490
153030,28.704059,77.102490
153036,28.704059,77.102490
153049,28.704059,77.102490
153057,28.704059,77.102490
153070,28.704059,77.102490
153075,28.704059,77.102490
153078,28.704059,77.102490
153080,28.704059,77.102490
153096,28.704059,77.102490
153146,28.704059,77.102490
153150,28.704059,77.102490
153171,28.704059,77.102490
153174,28.704059,77.102490
153176,28.704059,77.102490
153197,28.704059,77.102490
153209,28.704059,77.102490
154260,28.704059,77.102490
154263,28.704059,77.102490
154275,28.704059,77.102490
45299,28.704681,77.104158
51415,28.705012,77.104621
124295,28.705332,77.104564
36574,28.705411,77.104816
54746,28.705489,77.111714
54750,28.705489,77.111714
123991,28.705492,77.113639
35300,28.705624,77.111407
45739,28.706502,77.114456
32819,28.706537,77.103716
51447,28.706585,77.110478
51421,28.707248,77.106162
38410,28.707296,77.100044
38404,28.707447,77.109485
124469,28.707972,77.105671
14424,28.708057,77.117954
15502,28.708057,77.117954
16669,28.708057,77.117954
24708,28.708057,77.117954
37585,28.708057,77.117954
41911,28.708057,77.117954
48536,28.708057,77.117954
21208,28.709036,77.113085
22119,28.709555,77.105988
24883,28.709585,77.105863
111558,28.709585,77.105863
25149,28.709950,77.114650
54557,28.710322,77.108448
15890,28.710456,77.113144
41375,28.711228,77.115596
45305,28.711603,77.111716
59365,28.712156,77.106029
125580,28.712427,77.102247
54427,28.712573,77.113071
25849,28.712669,77.108129
54551,28.712770,77.109669
45036,28.712889,77.116865
14432,28.713409,77.117213
42304,28.713544,77.117710
54546,28.713928,77.110574
54397,28.714028,77.116358
54359,28.714081,77.116340
34230,28.714125,77.116311
124485,28.714420,77.113131
40245,28.714454,77.112189
54019,28.714485,77.103450
12160,28.714815,77.115490
21123,28.714935,77.115419
21766,28.714935,77.115419
30337,28.714958,77.116366
111593,28.715034,77.116085
39096,28.715046,77.117404
26874,28.715121,77.115530
51811,28.715121,77.115530
54519,28.715121,77.115530
54729,28.715121,77.115530
54930,28.715121,77.115530
14519,28.715160,77.103845
24223,28.715318,77.115340
25218,28.715601,77.105433
25836,28.715762,77.106829
24007,28.715780,77.106637
150692,28.715813,77.111691
26798,28.715960,77.107736
23740,28.716089,77.106960
125301,28.716304,77.103210
123635,28.716345,77.111569
125353,28.716345,77.111569
54525,28.716407,77.112467
43741,28.716495,77.111467
33649,28.716802,77.112145
38151,28.716978,77.114358
27287,28.717168,77.104896
111588,28.717316,77.114105
24011,28.718098,77.105659
25838,28.718104,77.105190
12225,28.718315,77.118493
12286,28.718315,77.118493
12777,28.718315,77.118493
12778,28.718315,77.118493
38411,28.718362,77.106868
25107,28.719196,77.100662
25678,28.719196,77.100662
124274,28.719196,77.100662
139623,28.719196,77.100662
26915,28.719778,77.108670
48547,28.719778,77.108670
48712,28.719778,77.108670
49743,28.719778,77.108670
124437,28.719778,77.108670
111590,28.719788,77.109954
38025,28.701055,77.128921
124791,28.701055,77.128921
39114,28.701642,77.139407
29687,28.702094,77.136149
35219,28.702150,77.139020
12463,28.702440,77.137731
13638,28.702440,77.137731
13885,28.702440,77.137731
124266,28.702620,77.132830
14439,28.702627,77.124786
43403,28.702805,77.123146
28108,28.703038,77.132493
12404,28.703083,77.129850
54529,28.703110,77.132470
37494,28.704220,77.131066
43740,28.704220,77.131066
43862,28.704220,77.131066
14267,28.704760,77.121382
13673,28.704823,77.132114
124719,28.705208,77.130853
38113,28.705344,77.131956
55723,28.705344,77.131956
55899,28.705344,77.131956
55991,28.705344,77.131956
124605,28.706658,77.132069
137007,28.706658,77.132069
26838,28.707375,77.125964
13214,28.707599,77.125913
14568,28.707599,77.125913
24537,28.707620,77.125970
25547,28.707620,77.125970
26843,28.707620,77.125970
26847,28.707620,77.125970
16701,28.707646,77.125775
16734,28.707646,77.125775
16739,28.707646,77.125775
26320,28.707667,77.125943
54536,28.707667,77.125943
25592,28.708124,77.125064
48563,28.708176,77.135533
55999,28.708176,77.135533
111455,28.708176,77.135533
35860,28.708727,77.123004
40571,28.708943,77.120577
12676,28.709384,77.133596
54555,28.709523,77.133689
54356,28.709858,77.131079
12290,28.710453,77.136923
43175,28.710684,77.127038
29742,28.710689,77.129501
38840,28.710868,77.132740
29669,28.711079,77.135100
14419,28.711267,77.132697
25324,28.711267,77.132697
29693,28.711267,77.132697
47600,28.711267,77.132697
54367,28.711267,77.132697
12386,28.711314,77.129461
31983,28.711482,77.132964
54535,28.713017,77.136305
31950,28.713916,77.134585
12216,28.713939,77.134618
54398,28.714438,77.135088
34273,28.714879,77.131178
35243,28.714903,77.135535
29649,28.715641,77.135078
111591,28.715659,77.135251
54426,28.715723,77.135711
125344,28.715725,77.135085
29651,28.715741,77.135145
29652,28.715741,77.135145
29653,28.715741,77.135145
37491,28.715741,77.135145
54400,28.715741,77.135145
54492,28.715741,77.135145
62528,28.716144,77.124092
12325,28.716166,77.124067
14425,28.716166,77.124067
14426,28.716166,77.124067
14433,28.716166,77.124067
14440,28.716166,77.124067
24961,28.716166,77.124067
30335,28.716166,77.124067
30384,28.716166,77.124067
35542,28.716406,77.132536
48702,28.716594,77.131997
13757,28.717274,77.135573
14486,28.717274,77.135573
28443,28.718292,77.125685
28469,28.718292,77.125685
36397,28.718292,77.125685
37282,28.718292,77.125685
41679,28.718292,77.125685
46841,28.718292,77.125685
47752,28.718292,77.125685
57230,28.718292,77.125685
137003,28.718292,77.125685
30244,28.718729,77.124980
34610,28.718729,77.124980
47849,28.718729,77.124980
48596,28.718729,77.124980
32764,28.719530,77.137395
12220,28.719887,77.125978
12242,28.719887,77.125978
14098,28.719887,77.125978
14436,28.719887,77.125978
14438,28.719887,77.125978
15559,28.719887,77.125978
15954,28.719887,77.125978
54383,28.700690,77.146674
30431,28.700785,77.149765
125007,28.700983,77.142135
41971,28.701009,77.142525
12199,28.702208,77.142764
12207,28.702208,77.142764
12267,28.702208,77.142764
12303,28.702208,77.142764
12365,28.702208,77.142764
12385,28.702208,77.142764
12448,28.702208,77.142764
12503,28.702208,77.142764
12550,28.702208,77.142764
12551,28.702208,77.142764
12610,28.702208,77.142764
12630,28.702208,77.142764
12639,28.702208,77.142764
12850,28.702208,77.142764
12851,28.702208,77.142764
13137,28.702208,77.142764
13217,28.702208,77.142764
13235,28.702208,77.142764
13265,28.702208,77.142764
13739,28.702208,77.142764
13808,28.702208,77.142764
14479,28.702208,77.142764
54752,28.702882,77.146865
35095,28.704334,77.150957
48645,28.704845,77.148426
46002,28.705670,77.146696
53256,28.706503,77.157270
34642,28.707789,77.143860
150639,28.707998,77.149264
42358,28.709296,77.158762
24652,28.710165,77.155821
125170,28.712099,77.154915
12189,28.712185,77.157144
12265,28.712185,77.157144
12268,28.712185,77.157144
12387,28.712185,77.157144
12552,28.712185,77.157144
12556,28.712185,77.157144
13841,28.712185,77.157144
21252,28.715217,77.140247
21338,28.715529,77.154542
36469,28.716253,77.156259
37999,28.716253,77.156259
38074,28.716253,77.156259
41318,28.716253,77.156259
42295,28.716253,77.156259
124226,28.716253,77.156259
124317,28.716253,77.156259
124717,28.716253,77.156259
125536,28.716253,77.156259
140633,28.716253,77.156259
20478,28.716413,77.154585
20780,28.716413,77.154585
20799,28.716846,77.154263
20495,28.716865,77.156559
20441,28.718637,77.149848
13866,28.718657,77.149954
13867,28.718657,77.149954
20535,28.718860,77.151023
22068,28.700217,77.163790
140135,28.702018,77.164770
12211,28.703047,77.177298
12310,28.703047,77.177298
12446,28.703047,77.177298
12604,28.703047,77.177298
13113,28.703047,77.177298
13121,28.703047,77.177298
13190,28.703047,77.177298
14090,28.703047,77.177298
14168,28.703047,77.177298
14182,28.703047,77.177298
14291,28.703047,77.177298
14484,28.703047,77.177298
14489,28.703047,77.177298
124038,28.704486,77.179202
42340,28.705878,77.169520
122752,28.706583,77.179194
48711,28.706852,77.179455
123201,28.707520,77.177800
42296,28.708292,77.166634
21269,28.710295,77.175245
20480,28.712228,77.175483
49061,28.712780,77.170804
124615,28.712868,77.171950
125146,28.712868,77.171950
125171,28.712868,77.171950
138775,28.712868,77.171950
140637,28.712868,77.171950
15892,28.714452,77.166760
33905,28.714608,77.179068
25587,28.714696,77.177046
33846,28.714696,77.177046
43620,28.714696,77.177046
45865,28.714696,77.177046
56000,28.714696,77.177046
62501,28.714696,77.177046
123890,28.714696,77.177046
123895,28.714696,77.177046
123896,28.714696,77.177046
124149,28.714696,77.177046
124261,28.714696,77.177046
124604,28.714696,77.177046
124986,28.714696,77.177046
136999,28.714696,77.177046
138518,28.714696,77.177046
138770,28.714696,77.177046
138776,28.714696,77.177046
41380,28.715355,77.177257
12155,28.716421,77.170456
23747,28.717309,77.171343
53948,28.717454,77.170020
124039,28.717531,77.170037
140636,28.717531,77.170037
26833,28.717773,77.166850
41396,28.717934,77.171581
28148,28.719260,77.173582
43621,28.719260,77.173582
44418,28.719260,77.173582
44582,28.719260,77.173582
50638,28.719260,77.173582
123206,28.719260,77.173582
125303,28.719260,77.173582
138781,28.719260,77.173582
41381,28.700381,77.184283
40144,28.700522,77.188948
40715,28.700522,77.188948
32497,28.701613,77.188054
32502,28.701764,77.181048
26191,28.702857,77.193713
26650,28.702857,77.193713
32493,28.702988,77.193371
34970,28.703805,77.187365
32494,28.705103,77.198770
12411,28.705542,77.181227
33842,28.705604,77.193087
32969,28.706075,77.196142
62560,28.706121,77.181626
24002,28.706463,77.189719
45024,28.706967,77.180560
15561,28.707182,77.180649
16613,28.707261,77.180747
32503,28.707336,77.194345
21515,28.709324,77.187083
32495,28.709763,77.189156
20499,28.713596,77.188542
14666,28.714132,77.180858
20461,28.715793,77.190446
12176,28.718085,77.188775
12179,28.718085,77.188775
12491,28.718085,77.188775
12605,28.718085,77.188775
12940,28.718085,77.188775
13136,28.718085,77.188775
13193,28.718085,77.188775
14003,28.718085,77.188775
14344,28.718085,77.188775
13834,28.700270,77.204355
13837,28.700270,77.204355
13844,28.700270,77.204355
14382,28.700273,77.206754
14407,28.700273,77.206754
14630,28.700273,77.206754
14656,28.700273,77.206754
15562,28.700273,77.206754
45859,28.700323,77.211702
14559,28.700603,77.205714
14953,28.701310,77.218896
45830,28.701553,77.205265
13099,28.701896,77.206743
23820,28.701896,77.206743
27738,28.701896,77.206743
12941,28.702308,77.211055
124832,28.702308,77.211055
12264,28.702313,77.209157
14347,28.704761,77.208492
21336,28.705484,77.203522
12299,28.705684,77.208899
12472,28.705684,77.208899
12896,28.705684,77.208899
13132,28.705684,77.208899
39408,28.706835,77.212679
13848,28.707019,77.215366
14067,28.707019,77.215366
14096,28.707019,77.215366
14097,28.707019,77.215366
14335,28.707019,77.215366
14343,28.707019,77.215366
14351,28.707019,77.215366
14376,28.707019,77.215366
14632,28.707019,77.215366
14639,28.707019,77.215366
52491,28.708772,77.213490
24550,28.709320,77.213844
26813,28.709320,77.213844
42504,28.709320,77.213844
44058,28.709320,77.213844
44164,28.709320,77.213844
124618,28.709320,77.213844
125400,28.709320,77.213844
135700,28.709340,77.201543
136990,28.709340,77.201543
15957,28.710558,77.213166
122621,28.710992,77.201941
139632,28.711097,77.202323
41489,28.711694,77.203197
13964,28.713261,77.213211
13967,28.713261,77.213211
14059,28.713261,77.213211
13820,28.713785,77.214361
13828,28.713785,77.214361
13829,28.713785,77.214361
13941,28.713785,77.214361
29419,28.714089,77.204186
62567,28.715443,77.203310
138773,28.716548,77.206383
138774,28.716548,77.206383
62565,28.718344,77.215426
29094,28.719048,77.200972
26375,28.700218,77.221203
12581,28.700305,77.227582
27736,28.700305,77.227582
36575,28.700305,77.227582
36576,28.700305,77.227582
37648,28.700305,77.227582
55389,28.700368,77.220757
124476,28.700368,77.220757
124858,28.700368,77.220757
54794,28.702340,77.227113
25700,28.702583,77.228380
12822,28.702915,77.228660
52503,28.705019,77.227955
41805,28.705377,77.233571
124360,28.706638,77.224173
125323,28.706638,77.224173
44392,28.707181,77.227757
124172,28.708279,77.225608
124800,28.708279,77.225608
125393,28.710271,77.220258
49608,28.710861,77.226830
49701,28.710861,77.226830
33485,28.712624,77.237791
133515,28.715939,77.229243
12861,28.716754,77.229488
12294,28.700453,77.259194
12329,28.700453,77.259194
12370,28.700453,77.259194
12371,28.700453,77.259194
13112,28.700453,77.259194
14150,28.700453,77.259194
16616,28.700453,77.259194
27463,28.700453,77.259194
34466,28.700453,77.259194
51963,28.700453,77.259194
52175,28.700453,77.259194
52246,28.700453,77.259194
55714,28.700453,77.259194
123405,28.700453,77.259194
123747,28.700453,77.259194
123748,28.700453,77.259194
123750,28.700453,77.259194
123773,28.700453,77.259194
124193,28.700453,77.259194
124440,28.700453,77.259194
124513,28.700453,77.259194
124514,28.700453,77.259194
124527,28.700453,77.259194
124612,28.700453,77.259194
124697,28.700453,77.259194
124752,28.700453,77.259194
124828,28.700453,77.259194
124951,28.700453,77.259194
125401,28.700453,77.259194
125565,28.700453,77.259194
128305,28.700453,77.259194
130355,28.700453,77.259194
133529,28.700453,77.259194
133535,28.700453,77.259194
140144,28.700453,77.259194
124575,28.702168,77.256550
140148,28.703305,77.258343
54932,28.703400,77.255820
124882,28.703954,77.258454
14148,28.704273,77.256905
126334,28.704321,77.257229
132843,28.704321,77.257229
15557,28.705265,77.253666
15952,28.705265,77.253666
14582,28.708822,77.241560
128297,28.711861,77.259949
128298,28.711861,77.259949
128304,28.711861,77.259949
140945,28.713444,77.256541
125586,28.713466,77.256380
49746,28.716540,77.242808
124732,28.716735,77.249060
124737,28.716735,77.249060
48890,28.700135,77.271984
13368,28.700149,77.263026
52171,28.700325,77.274599
26379,28.700940,77.272105
28194,28.700940,77.272105
33295,28.700940,77.272105
40602,28.700940,77.272105
47237,28.700940,77.272105
48361,28.700940,77.272105
49245,28.700940,77.272105
52021,28.700940,77.272105
55713,28.700940,77.272105
122713,28.700940,77.272105
122733,28.700940,77.272105
124086,28.700940,77.272105
124439,28.700940,77.272105
124591,28.700940,77.272105
124699,28.700940,77.272105
124819,28.700940,77.272105
124859,28.700940,77.272105
125126,28.700940,77.272105
130407,28.700940,77.272105
51625,28.701105,77.272083
130297,28.701171,77.264838
130341,28.701171,77.264838
130352,28.701171,77.264838
124521,28.701274,77.267814
140146,28.702185,77.261640
42940,28.702222,77.262990
125191,28.702755,77.274150
128286,28.702860,77.268661
124384,28.702876,77.261561
130353,28.702876,77.261561
23826,28.703177,77.268041
53150,28.703311,77.260600
140145,28.703343,77.262952
140147,28.703411,77.263271
13269,28.703502,77.264283
124515,28.704702,77.262426
124953,28.704789,77.267095
125585,28.704789,77.267095
124582,28.705651,77.264397
127505,28.705651,77.264397
128287,28.705651,77.264397
124522,28.705675,77.269198
124868,28.705675,77.269198
124950,28.705675,77.269198
124954,28.705675,77.269198
125192,28.706733,77.261319
124701,28.707311,77.275599
124653,28.707416,77.276330
128289,28.709165,77.270803
127610,28.710014,77.275012
45861,28.710032,77.260393
52272,28.710032,77.260393
123072,28.710032,77.260393
124192,28.710032,77.260393
124287,28.710032,77.260393
124535,28.710032,77.260393
124806,28.710032,77.260393
125255,28.710032,77.260393
125311,28.710032,77.260393
125376,28.710032,77.260393
125563,28.710032,77.260393
125571,28.710032,77.260393
125789,28.710032,77.260393
132842,28.710032,77.260393
139620,28.710032,77.260393
127504,28.710569,77.267281
128315,28.710654,77.265056
62511,28.712462,77.277689
49749,28.712739,77.267814
128288,28.713757,77.270634
124667,28.714221,77.262743
37944,28.718094,77.265850
125556,28.718794,77.274648
34903,28.700254,77.286098
26105,28.700328,77.295850
124483,28.700676,77.286501
25808,28.700730,77.293985
28893,28.700754,77.294893
29224,28.700868,77.297689
50945,28.700993,77.291608
52403,28.700993,77.291608
25596,28.701031,77.292540
125560,28.701764,77.283705
14283,28.701809,77.282653
124655,28.701911,77.281808
55712,28.701921,77.281832
55716,28.701921,77.281832
55727,28.701921,77.281832
62361,28.701921,77.281832
122710,28.702045,77.281645
52273,28.702410,77.285980
53420,28.702410,77.285980
55720,28.702410,77.285980
62362,28.702410,77.285980
122336,28.702410,77.285980
124032,28.702410,77.285980
124236,28.702410,77.285980
124258,28.702410,77.285980
124695,28.702410,77.285980
124235,28.702415,77.287280
124952,28.702415,77.287280
124656,28.702462,77.286395
122331,28.702900,77.285987
27524,28.703367,77.295572
14287,28.703426,77.282897
124311,28.703426,77.282897
125587,28.703426,77.282897
51401,28.704770,77.282997
42027,28.705072,77.290821
42130,28.705072,77.290821
14278,28.707489,77.291402
26467,28.708703,77.285055
55935,28.710745,77.288283
48354,28.710813,77.289002
56009,28.714626,77.290318
55711,28.714627,77.288842
122328,28.700311,77.305607
122330,28.700311,77.305607
122303,28.700495,77.304447
122304,28.700495,77.304447
122329,28.701146,77.306057
122307,28.702366,77.303441
122315,28.702366,77.303441
124545,28.702662,77.309918
27526,28.702978,77.300105
122611,28.703319,77.319520
124716,28.703319,77.319520
124949,28.703319,77.319520
125360,28.703319,77.319520
122313,28.703694,77.306360
122321,28.704175,77.305877
123354,28.704175,77.305877
122311,28.705026,77.305217
122309,28.705131,77.303351
122320,28.705331,77.302456
39194,28.705425,77.301997
122319,28.705425,77.301997
122314,28.705711,77.305964
122312,28.706010,77.305901
122317,28.706010,77.305901
124033,28.706345,77.306797
122316,28.706717,77.306236
124034,28.708090,77.310639
123359,28.708611,77.307313
123356,28.712697,77.307207
123357,28.713299,77.305956
123352,28.714480,77.308749
123353,28.714480,77.308749
123358,28.714480,77.308749
39747,28.700620,77.328853
14279,28.710496,77.338544
47859,28.707746,77.369335
125182,28.733815,77.004901
124784,28.734082,77.004940
124844,28.734805,77.004086
140140,28.735301,77.012048
125359,28.737678,77.007520
138784,28.737678,77.007520
124744,28.722423,77.040615
124958,28.722423,77.040615
28365,28.722732,77.059039
14026,28.727140,77.059480
41905,28.729283,77.054027
125041,28.734996,77.052129
140139,28.734996,77.052129
126328,28.720905,77.065358
13859,28.721993,77.064600
16767,28.723699,77.064623
124434,28.723912,77.060858
127620,28.723912,77.060858
138516,28.723912,77.060858
124974,28.726492,77.060221
124777,28.726872,77.064361
43869,28.735574,77.074780
16561,28.720596,77.080909
20466,28.720596,77.080909
55997,28.720596,77.080909
123911,28.722956,77.094218
43179,28.724835,77.089358
62523,28.724916,77.089799
42451,28.725353,77.082600
41731,28.725722,77.084802
43189,28.726000,77.095347
43557,28.726604,77.090264
43182,28.727239,77.093636
13332,28.727440,77.098222
14422,28.727440,77.098222
43184,28.727559,77.089155
14536,28.728452,77.088103
26640,28.728452,77.088103
26724,28.728452,77.088103
54964,28.728452,77.088103
140631,28.728452,77.088103
41968,28.728696,77.084665
50665,28.729435,77.096379
61832,28.730625,77.087205
124690,28.731296,77.094040
12151,28.737323,77.090981
12167,28.737323,77.090981
12198,28.737323,77.090981
12200,28.737323,77.090981
12240,28.737323,77.090981
12281,28.737323,77.090981
12288,28.737323,77.090981
12289,28.737323,77.090981
12307,28.737323,77.090981
12335,28.737323,77.090981
12340,28.737323,77.090981
12383,28.737323,77.090981
12416,28.737323,77.090981
12490,28.737323,77.090981
12546,28.737323,77.090981
12613,28.737323,77.090981
12634,28.737323,77.090981
12858,28.737323,77.090981
12966,28.737323,77.090981
13047,28.737323,77.090981
13103,28.737323,77.090981
13198,28.737323,77.090981
13201,28.737323,77.090981
13203,28.737323,77.090981
13569,28.737323,77.090981
13823,28.737323,77.090981
13825,28.737323,77.090981
13827,28.737323,77.090981
13864,28.737323,77.090981
13865,28.737323,77.090981
14123,28.737323,77.090981
14418,28.737323,77.090981
14421,28.737323,77.090981
14434,28.737323,77.090981
14435,28.737323,77.090981
43800,28.737782,77.081700
24384,28.738268,77.082215
26653,28.738268,77.082215
28099,28.738268,77.082215
29953,28.738268,77.082215
31632,28.738268,77.082215
33056,28.738268,77.082215
33097,28.738268,77.082215
39118,28.738268,77.082215
39365,28.738268,77.082215
39477,28.738268,77.082215
40382,28.738268,77.082215
40598,28.738268,77.082215
40599,28.738268,77.082215
40961,28.738268,77.082215
41022,28.738268,77.082215
41433,28.738268,77.082215
41615,28.738268,77.082215
42448,28.738268,77.082215
42501,28.738268,77.082215
43548,28.738268,77.082215
43549,28.738268,77.082215
43751,28.738268,77.082215
44562,28.738268,77.082215
44571,28.738268,77.082215
47052,28.738268,77.082215
47070,28.738268,77.082215
47147,28.738268,77.082215
48214,28.738268,77.082215
48717,28.738268,77.082215
49179,28.738268,77.082215
49183,28.738268,77.082215
49271,28.738268,77.082215
49277,28.738268,77.082215
49311,28.738268,77.082215
49358,28.738268,77.082215
50066,28.738268,77.082215
51681,28.738268,77.082215
52274,28.738268,77.082215
53230,28.738268,77.082215
53239,28.738268,77.082215
54737,28.738268,77.082215
54803,28.738268,77.082215
55139,28.738268,77.082215
55140,28.738268,77.082215
55589,28.738268,77.082215
111289,28.738268,77.082215
111688,28.738268,77.082215
124431,28.738268,77.082215
124524,28.738268,77.082215
124725,28.738268,77.082215
124854,28.738268,77.082215
125137,28.738268,77.082215
128279,28.738268,77.082215
128285,28.738268,77.082215
53139,28.720376,77.108015
12204,28.720719,77.107133
12238,28.720719,77.107133
12357,28.720719,77.107133
12415,28.720719,77.107133
12868,28.720719,77.107133
14124,28.720719,77.107133
124722,28.720768,77.107164
55763,28.720770,77.107160
24536,28.720784,77.107219
29327,28.720784,77.107219
35314,28.720784,77.107219
37500,28.720784,77.107219
21139,28.720830,77.107016
22075,28.720844,77.107121
30433,28.722316,77.118607
32236,28.722316,77.118607
32244,28.722316,77.118607
32873,28.722316,77.118607
124746,28.722316,77.118607
124960,28.722316,77.118607
130363,28.722316,77.118607
132131,28.722316,77.118607
35287,28.722319,77.118390
12266,28.722612,77.112920
12350,28.722612,77.112920
22083,28.723099,77.119859
42977,28.723333,77.108226
125059,28.723606,77.112707
128340,28.723625,77.112657
132134,28.723625,77.112657
27820,28.723701,77.114080
30826,28.723701,77.114080
30382,28.724986,77.113175
31886,28.724986,77.113175
46527,28.724993,77.113139
54967,28.724993,77.113139
45860,28.725241,77.114694
13925,28.725424,77.114249
26646,28.728826,77.106806
42457,28.728826,77.106806
21159,28.729003,77.107159
33482,28.732085,77.112930
42460,28.732822,77.118838
14423,28.733758,77.115793
14535,28.733758,77.115793
27925,28.733758,77.115793
26778,28.733833,77.116156
35994,28.734582,77.107983
27027,28.735450,77.117477
36375,28.735450,77.117477
37266,28.735450,77.117477
38523,28.735450,77.117477
54931,28.735450,77.117477
48570,28.720371,77.124966
48569,28.720706,77.132158
48566,28.720776,77.126822
47643,28.720806,77.130033
48706,28.721664,77.134674
47605,28.721836,77.130307
26258,28.722052,77.128472
26436,28.722052,77.128472
27482,28.722052,77.128472
31996,28.722052,77.128472
32130,28.722052,77.128472
34808,28.722052,77.128472
34898,28.722052,77.128472
35541,28.722052,77.128472
36402,28.722052,77.128472
41283,28.722052,77.128472
42039,28.722052,77.128472
42299,28.722052,77.128472
47750,28.722052,77.128472
48562,28.722052,77.128472
49540,28.722052,77.128472
52502,28.722052,77.128472
124814,28.722052,77.128472
137012,28.722052,77.128472
140621,28.722052,77.128472
15994,28.722537,77.127759
16761,28.722537,77.127759
36169,28.722537,77.127759
37211,28.722537,77.127759
16534,28.722566,77.127303
12228,28.722727,77.132697
12872,28.722727,77.132697
13157,28.722727,77.132697
14420,28.722727,77.132697
14427,28.722727,77.132697
14441,28.722727,77.132697
45630,28.723266,77.127750
20786,28.723306,77.138475
42126,28.726383,77.120621
38126,28.730278,77.130642
14684,28.730281,77.132813
40778,28.730738,77.133223
54684,28.730738,77.133223
38190,28.730919,77.127731
38521,28.730919,77.127731
30819,28.731634,77.129898
41291,28.731714,77.124859
38759,28.732277,77.134452
14437,28.732292,77.120471
15889,28.732292,77.120471
13044,28.732385,77.138761
13054,28.732385,77.138761
16563,28.732385,77.138761
38228,28.733633,77.132764
13695,28.735844,77.137771
14431,28.735844,77.137771
130380,28.736826,77.125559
14146,28.737315,77.130182
24663,28.738318,77.139875
55138,28.738379,77.139859
21326,28.738394,77.139866
40482,28.738719,77.139798
47906,28.738852,77.139899
25997,28.720908,77.141489
45072,28.720908,77.141489
40442,28.721059,77.140656
12447,28.721376,77.140901
40793,28.721584,77.141251
46307,28.724779,77.142452
136960,28.728212,77.146899
30240,28.729474,77.147275
111436,28.729555,77.148763
124275,28.729555,77.148763
29655,28.729664,77.148868
29688,28.729664,77.148868
35539,28.729664,77.148868
45029,28.730002,77.149177
62502,28.730670,77.155706
124492,28.732429,77.144202
125300,28.732429,77.144202
125180,28.732456,77.151847
112013,28.734661,77.156080
112016,28.734661,77.156080
43812,28.734960,77.155931
53231,28.735190,77.156484
111693,28.737140,77.154499
62544,28.737927,77.154261
124321,28.738641,77.154205
12378,28.720867,77.172961
12883,28.720867,77.172961
133521,28.722835,77.167043
13325,28.725488,77.163232
20600,28.725684,77.162662
15897,28.725842,77.162655
48813,28.725860,77.162790
125156,28.725860,77.162790
20772,28.725916,77.162781
15875,28.725923,77.162671
37496,28.725938,77.162713
123204,28.726592,77.169039
37704,28.726927,77.162056
124227,28.727180,77.160380
125122,28.727180,77.160380
30245,28.727945,77.166011
38658,28.728254,77.164463
125159,28.728717,77.173858
133527,28.728941,77.163801
122815,28.729018,77.173923
122792,28.729150,77.174141
44057,28.729245,77.165990
17635,28.729617,77.166631
27913,28.729617,77.166631
29650,28.729617,77.166631
32504,28.729617,77.166631
32967,28.729617,77.166631
43636,28.729617,77.166631
44517,28.729617,77.166631
62558,28.729617,77.166631
122948,28.729617,77.166631
123005,28.729617,77.166631
123011,28.729617,77.166631
123938,28.729617,77.166631
123970,28.729617,77.166631
123972,28.729617,77.166631
124182,28.729617,77.166631
124208,28.729617,77.166631
124231,28.729617,77.166631
124233,28.729617,77.166631
124291,28.729617,77.166631
124319,28.729617,77.166631
124374,28.729617,77.166631
124395,28.729617,77.166631
124494,28.729617,77.166631
124495,28.729617,77.166631
124516,28.729617,77.166631
124848,28.729617,77.166631
124991,28.729617,77.166631
125043,28.729617,77.166631
125201,28.729617,77.166631
125204,28.729617,77.166631
125298,28.729617,77.166631
125541,28.729617,77.166631
127598,28.729617,77.166631
130323,28.729617,77.166631
130324,28.729617,77.166631
130332,28.729617,77.166631
134029,28.729617,77.166631
125124,28.729630,77.161885
124229,28.729717,77.171882
131655,28.730114,77.161099
12291,28.730481,77.168647
12493,28.730481,77.168647
13179,28.730481,77.168647
13852,28.730481,77.168647
14511,28.730481,77.168647
132831,28.730494,77.167995
15679,28.730555,77.168604
16742,28.730555,77.168604
122793,28.730760,77.166543
133516,28.730956,77.169166
43968,28.731129,77.169921
125123,28.732218,77.166869
133524,28.732218,77.166869
62583,28.732400,77.171300
43975,28.732616,77.169512
125211,28.732853,77.172912
133526,28.732853,77.172912
125203,28.733004,77.171432
123897,28.733102,77.171703
125533,28.733102,77.171703
124371,28.733188,77.172429
133522,28.733681,77.168872
133517,28.733700,77.167721
125205,28.734280,77.172781
124878,28.734923,77.161887
125542,28.735598,77.167913
133520,28.735887,77.169007
122818,28.736252,77.168113
124249,28.736252,77.168113
124610,28.736252,77.168113
125154,28.736252,77.168113
135703,28.736252,77.168113
140129,28.736252,77.168113
124611,28.737415,77.165876
124576,28.738333,77.175836
138782,28.720674,77.185004
132130,28.722319,77.198913
34656,28.723066,77.180038
122886,28.724222,77.182307
20771,28.726719,77.198274
39791,28.727730,77.198070
122814,28.728072,77.180868
123205,28.728072,77.180868
62504,28.728500,77.197380
125395,28.728570,77.199270
125396,28.728570,77.199270
124838,28.729826,77.199372
125151,28.732983,77.192230
125207,28.732983,77.192230
45817,28.737362,77.197457
62505,28.725713,77.202970
62508,28.725713,77.202970
62509,28.726179,77.202676
124232,28.727623,77.217804
27624,28.727863,77.216085
16614,28.728185,77.208804
62506,28.732252,77.208499
62510,28.734040,77.200935
124532,28.720208,77.223632
31388,28.731006,77.223317
36889,28.731006,77.223317
124801,28.731006,77.223317
124808,28.731006,77.223317
124607,28.724794,77.246018
125261,28.724794,77.246018
124694,28.726080,77.249522
62589,28.733247,77.249589
124237,28.733247,77.249589
124341,28.733247,77.249589
124670,28.733247,77.249589
124767,28.733247,77.249589
124797,28.733247,77.249589
125056,28.733247,77.249589
125256,28.733247,77.249589
125259,28.733247,77.249589
125262,28.733247,77.249589
128291,28.733247,77.249589
27239,28.733755,77.249539
124606,28.734686,77.254588
128277,28.735547,77.258777
124664,28.735669,77.251619
124700,28.735923,77.251649
124668,28.735963,77.251619
124665,28.736686,77.253953
125263,28.736686,77.255029
35331,28.720015,77.262796
127499,28.724512,77.278588
130415,28.724512,77.278588
14288,28.725297,77.279306
39111,28.725297,77.279306
130412,28.725297,77.279306
132007,28.725297,77.279306
124264,28.726514,77.269428
124693,28.726514,77.269428
127497,28.726514,77.269428
49095,28.729443,77.271174
38471,28.730100,77.272270
59214,28.730100,77.272270
59215,28.730100,77.272270
124438,28.730100,77.272270
124590,28.730100,77.272270
124621,28.730100,77.272270
124691,28.730100,77.272270
124692,28.730100,77.272270
124702,28.730100,77.272270
124871,28.730100,77.272270
124877,28.730100,77.272270
127592,28.730100,77.272270
128306,28.730100,77.272270
128316,28.730100,77.272270
130423,28.730100,77.272270
124200,28.733162,77.260074
124738,28.734094,77.274651
36532,28.733353,77.298626
61852,28.733353,77.298626
124980,28.733353,77.298626
115575,28.735402,77.300522
123829,28.755672,76.968658
14963,28.749472,77.056533
14971,28.749472,77.056533
15356,28.749472,77.056533
15599,28.749472,77.056533
15620,28.749472,77.056533
16103,28.749472,77.056533
16537,28.749472,77.056533
16658,28.749472,77.056533
20770,28.749472,77.056533
21068,28.749472,77.056533
20779,28.756830,77.056034
25911,28.740351,77.085281
26844,28.752857,77.097621
43500,28.740839,77.112560
43804,28.741455,77.119939
62503,28.742085,77.103210
62564,28.742085,77.103210
111441,28.742085,77.103210
125172,28.742085,77.103210
139633,28.742085,77.103210
35291,28.744582,77.117848
35950,28.744695,77.117805
43799,28.744817,77.113348
126343,28.745272,77.116269
33298,28.746125,77.116089
123988,28.748251,77.108497
124247,28.749432,77.112560
124255,28.749432,77.112560
124257,28.749432,77.112560
124985,28.749432,77.112560
125354,28.749432,77.112560
43156,28.749493,77.118361
54438,28.749493,77.118361
41549,28.749568,77.117437
111597,28.749670,77.116690
35996,28.749987,77.118314
49475,28.742212,77.122460
38125,28.742439,77.128746
38522,28.742439,77.128746
14607,28.743057,77.135573
15662,28.743057,77.135573
25914,28.743057,77.135573
36735,28.743986,77.127287
27262,28.745075,77.136196
25684,28.745236,77.137840
111966,28.746291,77.137551
123958,28.747400,77.132337
47919,28.742271,77.150283
48521,28.746174,77.151767
124601,28.746174,77.151767
29334,28.746942,77.151685
124313,28.750864,77.146000
124315,28.750864,77.146000
20597,28.757322,77.154400
20599,28.757322,77.154400
42179,28.758275,77.145672
13737,28.758318,77.148106
14575,28.758318,77.148106
42178,28.759050,77.144016
42190,28.759062,77.145353
20598,28.759109,77.153027
124155,28.759317,77.155706
42186,28.759321,77.144917
42172,28.759554,77.144384
112014,28.740488,77.160897
125125,28.741473,77.179354
128296,28.743000,77.171000
122817,28.747117,77.162896
123887,28.747117,77.162896
123898,28.747117,77.162896
124148,28.747117,77.162896
124150,28.747117,77.162896
124152,28.747117,77.162896
124153,28.747117,77.162896
133518,28.754676,77.179795
133519,28.754676,77.179795
125208,28.754679,77.179564
125209,28.754679,77.179564
125210,28.754679,77.179564
32773,28.755097,77.160444
40972,28.758435,77.165004
43633,28.740114,77.182579
124144,28.740114,77.182579
45815,28.740853,77.197917
43739,28.741980,77.197800
38418,28.742425,77.194957
16617,28.743220,77.197779
30550,28.743220,77.197779
40523,28.743220,77.197779
45839,28.743220,77.197779
45851,28.743220,77.197779
48952,28.743220,77.197779
28037,28.743273,77.197389
111692,28.746178,77.198644
40439,28.751156,77.196831
40094,28.754177,77.197255
39794,28.754251,77.198113
40396,28.754969,77.198977
23828,28.755075,77.198767
39978,28.755075,77.198767
40592,28.755075,77.198767
40761,28.755075,77.198767
48633,28.755075,77.198767
48902,28.755075,77.198767
125055,28.755075,77.198767
132008,28.755097,77.193806
40438,28.755285,77.198306
40039,28.755736,77.196130
40040,28.756448,77.197135
33214,28.758263,77.194602
40266,28.758263,77.194602
40284,28.758263,77.194602
62568,28.758263,77.194602
62569,28.758263,77.194602
62590,28.758263,77.194602
123006,28.758263,77.194602
123328,28.758263,77.194602
124330,28.758263,77.194602
124803,28.758263,77.194602
140133,28.758263,77.194602
47662,28.758296,77.194935
45813,28.741568,77.201520
41670,28.742072,77.202621
132829,28.747467,77.203868
12857,28.748389,77.206024
124671,28.743952,77.257039
124698,28.747056,77.258794
128300,28.756821,77.242700
128326,28.756826,77.242711
128294,28.740096,77.261737
52441,28.753915,77.399905
124639,28.770585,77.049660
20981,28.760216,77.060905
123318,28.764757,77.099357
53489,28.772243,77.118587
53576,28.772243,77.118587
125340,28.760402,77.149123
45770,28.772751,77.143757
34347,28.777400,77.140541
39792,28.772709,77.175836
125230,28.761778,77.194829
125588,28.762369,77.195884
23942,28.763704,77.190373
23945,28.765495,77.190212
48900,28.765495,77.190212
132128,28.765760,77.183335
124614,28.767780,77.185008
125558,28.767780,77.185008
125578,28.767780,77.185008
14282,28.769029,77.272123
44152,28.776276,77.280258
125297,28.799599,76.957499
45288,28.790060,77.028247
124306,28.788669,77.059325
124638,28.788669,77.059325
125039,28.788669,77.059325
26241,28.791828,77.055533
124146,28.793229,77.048336
124230,28.793229,77.048336
124239,28.793229,77.048336
130381,28.797214,77.133121
34344,28.797226,77.133136
34430,28.797226,77.133136
34806,28.797226,77.133136
55996,28.797226,77.133136
111687,28.797226,77.133136
16637,28.797487,77.131699
38838,28.797794,77.122468
32103,28.788604,77.141160
40880,28.788604,77.141160
48470,28.788604,77.141160
48460,28.792744,77.276400
141034,28.805115,76.940848
144090,28.805115,76.940848
147258,28.805115,76.940848
147623,28.805115,76.940848
149173,28.805115,76.940848
149176,28.805115,76.940848
124704,28.800062,77.035430
140620,28.800062,77.035430
21394,28.805465,77.046301
22150,28.805465,77.046301
21262,28.805934,77.052848
42033,28.807936,77.054919
53157,28.809278,77.098585
53175,28.809278,77.098585
53570,28.809278,77.098585
53572,28.809278,77.098585
61223,28.808016,77.152650
60475,28.813343,77.159037
61225,28.813343,77.159037
61229,28.813343,77.159037
61230,28.813343,77.159037
61231,28.813343,77.159037
12219,28.833346,76.956024
125358,28.820934,76.995925
111685,28.827712,77.086067
53486,28.829651,77.102790
138778,28.829651,77.102790
123849,28.834883,77.118651
124478,28.846446,77.085676
14272,28.846686,77.096736
123894,28.849164,77.093325
111691,28.849336,77.093834
123873,28.849785,77.092597
123840,28.850704,77.087680
53484,28.852057,77.088031
29455,28.854882,77.089215
37139,28.854882,77.089215
53071,28.854882,77.089215
138519,28.854882,77.089215
111686,28.854330,77.129373
27486,28.856238,77.125037
28395,28.856238,77.125037
38971,28.874539,77.079401
40158,28.867598,77.118045
24793,28.871792,77.289895
38800,28.888726,77.117367
122652,28.887229,77.120022
29616,28.897667,77.135573
28466,28.899045,77.123732
59358,28.899058,77.123476
